asteroid_number,H,da_AU,D_deg,f_degy,e_p,g_arcsec_y,sin_i_p,s_arcsec_y,L,My
588,8.26,0.0314,6.44,2.434,0.1036,344.39,0.197,-11.03,4,5
617,8.23,0.0238,5.05,2.35,0.1007,310.64,0.3664,-6.77,5,5
624,7.35,0.0874,18.83,2.317,0.0541,335.59,0.3258,-12.8,4,5
659,8.7,0.0487,9.87,2.466,0.1296,355.29,0.0875,-16.24,4,5
884,8.73,0.0524,10.8,2.423,0.0879,353.51,0.1762,-12.03,5,50
911,8.01,0.0779,16.97,2.29,0.021,317.25,0.3865,-8.61,4,5
1143,8.4,0.0481,9.85,2.44,0.0522,365.41,0.0691,-10.91,4,5
1172,8.33,0.0484,10.21,2.366,0.0604,331.47,0.3057,-7.92,5,5
1173,8.89,0.1106,23.4,2.362,0.0926,380.95,0.1403,-24.25,5,50
1208,8.99,0.0474,10.75,2.201,0.0524,229.49,0.543,-0.61,5,50
1404,9.41,0.0932,20.14,2.31,0.0763,334.44,0.3277,-15.15,4,5
1437,8.29,0.1268,28.62,2.213,0.0317,66.48,0.3755,-19.6,4,50
1583,8.62,0.1065,24.38,2.181,0.0189,282.16,0.4857,-10.85,4,5
1647,10.57,0.0387,7.93,2.439,0.0588,359.32,0.1166,-9.96,4,5
1749,9.54,0.0664,13.69,2.422,0.0687,366.12,0.1187,-13.62,4,5
1867,8.43,0.0787,17.63,2.229,0.0297,286.69,0.474,-6.32,5,5
1868,9.61,0.1066,23.02,2.313,0.1018,346.1,0.289,-20.98,4,50
1869,11.17,0.1023,21.44,2.381,0.0608,356.87,0.0598,-20.47,4,50
1870,10.73,0.0462,9.5,2.429,0.0171,363.52,0.1115,-9.48,5,5
1871,11.27,0.1286,27.82,2.31,0.0144,401.69,0.1295,-25.44,5,5
1872,10.86,0.1091,23.55,2.313,0.015,364.7,0.2536,-17.98,5,5
1873,10.26,0.0558,11.97,2.327,0.1173,308.03,0.3792,-10.44,5,5
2146,10.0,0.0161,3.74,2.15,0.0651,227.28,0.6123,3.28,4,50
2148,10.84,0.0224,4.6,2.43,0.024,354.54,0.1552,-7.46,4,5
2207,8.96,0.0777,16.1,2.41,0.0624,348.18,0.1082,-14.93,5,50
2223,9.24,0.0651,13.79,2.359,0.038,340.31,0.2882,-9.48,5,5
2241,8.62,0.0595,12.56,2.365,0.1009,329.02,0.3079,-11.52,5,5
2260,9.46,0.0192,4.02,2.385,0.0197,334.39,0.283,-5.25,4,5
2357,9.07,0.0337,6.88,2.448,0.0481,363.27,0.0481,-9.59,5,5
2363,8.97,0.0784,17.99,2.177,0.0333,259.83,0.5399,-4.07,5,5
2456,9.4,0.0772,16.34,2.36,0.0388,172.46,0.2567,-11.66,4,50
2594,11.88,0.1413,30.91,2.282,0.071,399.57,0.1028,-33.45,5,50
2674,9.2,0.0345,7.01,2.461,0.088,360.4,0.0365,-11.72,5,5
2759,10.07,0.0476,10.17,2.337,0.0873,314.27,0.3659,-7.76,4,5
2797,8.94,0.1044,22.94,2.274,0.0772,327.78,0.3578,-16.66,4,50
2893,9.11,0.0779,16.4,2.372,0.0471,356.05,0.2289,-12.89,5,5
2895,10.13,0.034,7.39,2.293,0.0674,294.4,0.4377,-3.64,5,5
2920,8.91,0.0985,21.67,2.271,0.0167,325.69,0.3731,-12.7,4,5
3063,8.67,0.0606,12.67,2.389,0.0558,349.17,0.2338,-10.57,4,5
3240,10.3,0.0542,11.08,2.444,0.0775,365.33,0.0622,-12.91,5,5
3317,8.53,0.0216,4.7,2.293,0.0835,290.58,0.4454,-3.31,5,50
3391,10.43,0.0903,19.29,2.338,0.0488,277.5,0.272,-14.22,4,50
3451,8.5,0.1167,26.3,2.216,0.0381,190.31,0.4088,-16.04,5,50
3540,9.48,0.0869,19.01,2.285,0.122,307.34,0.391,-15.43,4,50
3548,9.84,0.0888,18.56,2.389,0.0439,376.38,0.1292,-16.19,4,5
3564,9.54,0.0443,9.24,2.394,0.0844,337.29,0.2645,-9.61,4,5
3596,9.26,0.0811,17.81,2.274,0.0275,311.16,0.4066,-8.71,4,5
3708,9.38,0.0088,1.82,1.827,0.1285,330.78,0.2511,-11.02,5,5
3709,9.13,0.0583,12.44,2.339,0.0141,328.29,0.3351,-7.11,4,5
3793,8.86,0.049,10.48,2.335,0.0577,318.41,0.3602,-6.59,4,5
3794,10.53,0.02,4.04,2.469,0.1273,349.02,0.1176,-13.18,4,50
3801,11.15,0.1114,25.63,2.171,0.0185,281.72,0.4859,-11.95,4,5
4007,10.39,0.0585,12.17,2.4,0.0157,357.13,0.1939,-9.84,4,5
4035,9.62,0.0748,15.75,2.373,0.0096,354.79,0.2266,-11.56,4,5
4057,10.25,0.06,12.28,2.44,0.081,366.96,0.0499,-13.74,4,50
4060,9.49,0.0493,10.25,2.402,0.1293,331.57,0.269,-13.48,4,5
4063,8.84,0.0479,10.08,2.371,0.0735,331.47,0.3006,-8.6,4,5
4068,9.7,0.0815,17.39,2.342,0.0681,340.64,0.2962,-13.14,4,5
4086,9.23,0.0954,20.78,2.292,0.0789,326.62,0.3541,-15.05,4,5
4138,10.11,0.0567,11.64,2.434,0.044,369.46,0.0485,-11.67,4,5
4348,9.68,0.0407,8.34,2.439,0.0896,353.41,0.1515,-11.45,5,5
4489,9.18,0.098,21.45,2.283,0.0295,330.97,0.3552,-13.31,4,5
4501,10.54,0.0782,16.33,2.39,0.0084,358.46,0.1631,-13.05,4,5
4543,9.85,0.1236,27.13,2.275,0.059,342.87,0.2761,-22.92,4,50
4707,10.64,0.0392,7.99,2.45,0.1091,351.62,0.1429,-12.85,5,5
4708,10.03,0.0925,19.38,2.383,0.0626,352.13,0.1453,-17.4,5,50
4709,8.75,0.083,18.5,2.241,0.0407,183.21,0.4514,-7.74,5,50
4715,9.84,0.097,21.04,2.301,0.0246,340.61,0.3238,-13.8,5,5
4722,10.18,0.0232,4.71,2.455,0.1027,350.67,0.1364,-11.29,5,5
4754,10.13,0.0872,18.38,2.37,0.0375,365.43,0.2008,-14.69,5,5
4791,10.11,0.0617,13.64,2.26,0.0798,288.02,0.4587,-6.27,5,5
4792,10.25,0.0619,12.79,2.416,0.0563,362.68,0.1462,-12.06,5,5
4805,10.11,0.0602,12.55,2.394,0.0718,348.15,0.2314,-11.33,5,5
4827,10.58,0.0887,18.56,2.388,0.0689,363.91,0.1522,-16.94,5,50
4828,10.48,0.0569,11.91,2.385,0.0857,339.33,0.2661,-11.06,5,5
4829,11.25,0.1054,22.39,2.352,0.0199,381.68,0.1625,-18.73,5,5
4832,10.08,0.0585,12.32,2.369,0.1091,328.36,0.3054,-12.07,5,5
4833,9.04,0.0486,11.04,2.196,0.0677,256.03,0.548,-1.25,4,5
4834,9.24,0.0392,8.59,2.279,0.0891,287.46,0.4548,-4.58,4,5
4835,10.67,0.0253,4.25,1.801,0.2215,301.32,0.3162,-21.02,4,5
4836,9.61,0.0612,12.97,2.358,0.0813,331.0,0.3104,-10.38,4,5
4867,9.94,0.0491,10.85,2.259,0.0409,286.46,0.4688,-3.01,5,5
4902,9.9,0.0115,2.36,2.432,0.0094,350.59,0.1515,-6.95,4,5
4946,10.22,0.1104,24.35,2.264,0.0904,326.72,0.3589,-19.1,4,50
5012,10.63,0.0614,12.59,2.434,0.0732,366.98,0.0805,-13.47,4,5
5023,10.49,0.0626,13.1,2.387,0.0295,352.81,0.225,-10.13,4,5
5025,10.43,0.0248,5.13,2.416,0.029,348.71,0.2016,-7.06,4,5
5027,9.79,0.0921,21.0,2.19,0.0203,275.41,0.5028,-7.42,4,5
5028,10.29,0.0519,11.07,2.34,0.0841,318.0,0.3551,-8.31,4,5
5041,10.84,0.0896,18.84,2.375,0.0452,369.9,0.1777,-15.79,4,5
5119,10.35,0.0083,1.78,2.351,0.0693,329.55,0.2921,-6.24,5,5
5120,10.33,0.0803,17.81,2.251,0.0672,295.17,0.4459,-8.79,5,5
5123,10.13,0.031,6.33,2.443,0.0705,355.94,0.1279,-9.82,4,5
5126,10.63,0.0394,8.71,2.259,0.0453,204.52,0.4773,-1.87,4,50
5130,9.87,0.1018,22.0,2.311,0.0392,350.94,0.2904,-16.08,5,5
5144,9.12,0.0409,7.48,2.432,0.2145,334.58,0.1054,-26.1,5,50
5209,10.34,0.1108,23.67,2.338,0.0286,4.25,0.1768,-19.6,4,50
5233,11.54,0.0619,12.64,2.446,0.0969,366.37,0.0456,-15.18,5,50
5244,10.59,0.0542,11.15,2.429,0.0563,363.3,0.1178,-11.39,4,5
5254,9.3,0.0351,7.53,2.328,0.078,307.96,0.388,-5.59,4,5
5257,11.94,0.0628,12.88,2.434,0.0618,370.77,0.0318,-13.27,5,5
5258,10.32,0.0813,16.9,2.403,0.0589,372.55,0.1224,-15.54,4,5
5259,10.43,0.0302,6.25,2.415,0.1196,332.36,0.2578,-11.08,4,5
5264,9.52,0.0118,2.62,2.168,0.0853,261.17,0.5329,-0.3,4,50
5283,9.78,0.0103,2.18,2.364,0.1013,329.06,0.2796,-8.36,4,5
5284,10.2,0.0216,4.55,2.366,0.038,325.63,0.3225,-4.88,4,5
5285,10.19,0.1056,23.55,2.239,0.0318,41.32,0.4053,-13.34,4,50
5436,10.53,0.0103,2.11,2.439,0.0526,352.85,0.1496,-7.89,4,5
5476,10.71,0.094,20.02,2.346,0.0451,253.78,0.2397,-15.38,5,50
5511,10.37,0.0535,11.07,2.415,0.0734,353.36,0.1879,-11.31,5,5
5637,11.55,0.1022,22.59,2.26,0.0737,317.6,0.3865,-15.3,5,5
5638,10.57,0.084,17.5,2.398,0.1051,361.3,0.1763,-18.32,5,50
5648,9.86,0.0699,15.01,2.326,0.1296,312.18,0.3648,-13.79,5,50
5652,10.22,0.0239,4.86,2.452,0.0524,361.1,0.0555,-9.12,4,5
5907,11.15,0.0627,12.8,2.446,0.0942,367.71,0.0133,-15.35,5,5
6002,10.68,0.0249,5.18,2.394,0.0753,333.13,0.2769,-7.42,5,5
6090,9.59,0.103,22.68,2.268,0.0216,329.28,0.365,-13.97,4,5
6443,12.11,0.0434,8.87,2.443,0.1073,351.08,0.1575,-12.92,5,5
6545,10.24,0.102,21.82,2.335,0.0067,327.24,0.2308,-16.66,4,5
6997,10.62,0.0317,6.69,2.368,0.0912,321.19,0.3293,-7.58,5,5
6998,11.48,0.043,8.8,2.442,0.0299,366.77,0.0296,-9.87,5,5
7119,9.86,0.0951,20.74,2.291,0.0652,328.43,0.353,-14.2,4,5
7152,10.36,0.0533,10.94,2.433,0.0202,369.6,0.0431,-10.68,4,5
7214,11.77,0.1096,23.6,2.32,0.0139,369.65,0.2345,-18.47,4,5
7352,10.03,0.0917,19.19,2.386,0.0442,378.64,0.1221,-16.89,5,5
7543,10.71,0.0733,15.45,2.369,0.0311,352.22,0.2453,-11.36,4,5
7641,9.58,0.0139,3.15,2.156,0.0406,244.59,0.5832,2.82,4,5
7815,10.34,0.0905,19.59,2.308,0.0467,335.33,0.3316,-12.97,5,5
8060,10.95,0.0837,17.43,2.398,0.0558,373.29,0.1273,-15.75,4,5
8125,10.9,0.1071,23.04,2.321,0.0342,364.8,0.2462,-18.09,4,5
8241,11.31,0.0995,20.77,2.394,0.0877,382.63,0.0734,-21.52,4,50
8317,11.15,0.1182,25.04,2.356,0.074,393.83,0.0341,-25.98,4,50
9023,10.27,0.0782,17.08,2.286,0.0172,315.53,0.3924,-8.46,5,5
9030,11.17,0.1302,27.99,2.322,0.059,361.55,0.0342,-28.66,5,50
9142,10.71,0.0688,14.32,2.399,0.0817,354.46,0.2033,-13.64,5,5
9430,11.37,0.0787,16.29,2.413,0.0363,378.96,0.0373,-14.69,5,5
9431,10.71,0.0907,19.78,2.29,0.0615,323.9,0.3655,-12.76,4,5
9590,12.0,0.1036,21.75,2.379,0.0848,382.03,0.1111,-22.04,4,50
9694,10.77,0.141,30.9,2.28,0.0101,413.55,0.0956,-29.93,4,5
9712,10.96,0.0225,4.59,2.446,0.0825,352.12,0.1436,-9.83,4,5
9713,11.32,0.0452,9.26,2.438,0.0335,366.01,0.0627,-10.04,4,5
9790,11.02,0.0496,10.21,2.429,0.0433,362.72,0.1191,-10.36,4,5
9799,9.74,0.0178,3.99,2.228,0.0488,213.94,0.5262,0.73,4,50
9807,11.46,0.0003,1.78,0.007,0.1057,351.86,0.1024,-11.24,4,5
9817,11.55,0.0942,19.82,2.373,0.0389,183.41,0.1563,-16.49,4,50
9818,11.11,0.0782,16.26,2.402,0.0464,371.38,0.1297,-14.33,4,5
9828,11.96,0.0498,10.18,2.444,0.0612,366.61,0.0341,-11.64,4,5
9857,10.38,0.0852,18.48,2.302,0.0694,324.12,0.3588,-12.31,4,5
9907,11.63,0.0968,20.37,2.374,0.0232,381.59,0.1296,-17.23,4,5
10247,11.18,0.1531,34.13,2.242,0.0471,293.11,0.0654,-36.19,4,50
10664,11.4,0.0981,20.73,2.364,0.0412,212.94,0.1671,-17.29,4,50
10989,11.39,0.0471,9.73,2.417,0.0573,353.77,0.1833,-9.88,4,5
11089,10.75,0.1118,23.64,2.361,0.0703,382.21,0.1004,-23.29,5,50
11251,12.04,0.0562,11.53,2.435,0.0505,368.78,0.051,-11.84,4,5
11252,10.7,0.0695,14.36,2.416,0.0231,373.32,0.0814,-12.66,4,5
11273,11.65,0.1166,24.73,2.355,0.1088,381.56,0.1254,-27.88,5,50
11275,11.69,0.019,4.08,2.323,0.0562,305.26,0.3999,-3.45,5,5
11351,10.9,0.1211,26.27,2.301,0.0237,377.89,0.2227,-21.92,4,5
11395,9.95,0.0067,1.67,2.028,0.0927,297.27,0.4176,-4.37,4,5
11396,10.68,0.0137,2.83,2.417,0.059,343.28,0.2207,-7.24,4,5
11397,10.26,0.1264,28.56,2.209,0.0323,99.26,0.3828,-19.33,4,50
11428,11.18,0.1166,25.59,2.275,0.0315,352.25,0.3055,-19.09,4,5
11429,10.53,0.1054,22.88,2.3,0.0255,350.55,0.2988,-16.27,4,5
11487,11.29,0.0612,12.59,2.425,0.0283,370.43,0.0748,-11.64,5,5
11488,11.42,0.0769,15.9,2.415,0.0413,377.61,0.0438,-14.53,5,5
11509,10.3,0.0304,6.4,2.371,0.1003,320.34,0.3282,-8.08,5,5
11552,10.17,0.0916,19.35,2.365,0.1055,353.39,0.2354,-19.09,5,50
11554,10.57,0.0774,16.24,2.38,0.0611,357.2,0.2161,-13.66,5,5
11663,10.98,0.072,15.16,2.371,0.0807,344.38,0.2626,-12.98,5,5
11668,11.54,0.0662,13.52,2.444,0.1111,363.77,0.0804,-17.02,4,5
11869,11.54,0.0633,13.17,2.399,0.0085,351.15,0.1813,-10.57,5,5
11887,10.91,0.0284,6.17,2.301,0.0621,288.38,0.4281,-3.18,5,50
12052,10.67,0.1042,22.24,2.339,0.0266,371.64,0.2115,-17.8,5,5
12054,11.85,0.1054,22.37,2.352,0.0268,381.31,0.1629,-18.87,4,5
12126,10.15,0.0447,8.97,2.49,0.1582,351.25,0.0448,-19.16,5,5
12238,10.98,0.0387,8.26,2.338,0.087,311.9,0.3714,-6.79,4,5
12242,10.89,0.1056,24.33,2.166,0.0266,272.6,0.5062,-10.05,5,5
12444,9.98,0.0549,12.35,2.221,0.0534,243.94,0.5147,-2.32,5,50
12649,11.76,0.0618,12.67,2.435,0.1013,359.91,0.1272,-15.06,5,5
12658,11.29,0.1106,23.37,2.364,0.0315,22.7,0.011,-21.07,4,50
12714,10.29,0.0629,13.1,2.399,0.0258,359.18,0.1876,-10.67,4,5
12916,11.47,0.1108,25.19,2.196,0.0217,295.93,0.4539,-12.97,4,5
12917,11.49,0.093,19.68,2.359,0.0504,291.0,0.2108,-16.06,4,50
12921,11.1,0.0343,7.1,2.412,0.0451,347.9,0.2112,-7.91,4,5
12929,10.13,0.0622,15.15,2.049,0.0339,23.32,0.6917,4.25,5,50
12972,11.75,0.063,12.86,2.445,0.1309,354.78,0.1351,-17.89,4,5
12973,11.5,0.0889,18.57,2.391,0.0308,379.6,0.1072,-15.99,4,5
12974,11.41,0.0304,6.23,2.436,0.0513,279.4,0.1325,-8.67,4,50
13060,10.89,0.0666,14.52,2.293,0.104,301.59,0.4114,-9.71,4,50
13062,11.17,0.1304,28.19,2.311,0.0451,277.36,0.1031,-27.19,4,50
13181,12.05,0.0149,3.0,2.465,0.1058,355.3,0.0492,-11.84,4,5
13182,10.78,0.054,11.03,2.444,0.0991,359.52,0.1098,-14.03,4,5
13183,10.8,0.0422,8.84,2.382,0.1195,323.47,0.3094,-10.92,4,5
13184,11.11,0.0818,16.94,2.412,0.0757,373.71,0.0941,-16.87,4,5
13185,12.05,0.0396,8.18,2.421,0.0144,356.71,0.1626,-8.33,4,5
13229,11.7,0.0892,18.51,2.406,0.0834,377.57,0.0801,-18.8,4,50
13230,11.36,0.1447,31.79,2.274,0.0418,238.52,0.0618,-32.32,4,50
13323,11.15,0.1367,29.63,2.304,0.0553,344.03,0.027,-30.59,4,50
13331,11.45,0.1385,30.11,2.299,0.0714,402.86,0.0643,-32.38,4,50
13353,11.5,0.0415,8.6,2.408,0.1109,336.05,0.2538,-11.19,4,50
13362,11.1,0.0531,10.93,2.424,0.0618,359.58,0.1466,-11.22,4,5
13366,11.29,0.022,4.49,2.45,0.0603,358.27,0.0932,-9.13,4,5
13372,11.35,0.0447,9.18,2.432,0.0255,363.45,0.1049,-9.53,4,5
13379,11.57,0.0663,13.67,2.421,0.0192,373.26,0.0635,-12.22,4,5
13383,11.35,0.091,19.08,2.382,0.0238,378.3,0.1314,-15.99,4,5
13385,11.0,0.0298,6.16,2.415,0.079,341.86,0.2316,-8.79,4,5
13387,12.21,0.0307,6.28,2.445,0.081,354.42,0.1334,-10.33,4,5
13402,11.67,0.07,14.44,2.421,0.0819,365.05,0.1217,-14.8,5,50
13463,11.25,0.0675,14.09,2.393,0.0418,357.91,0.2004,-11.54,4,5
13475,11.62,0.0315,6.47,2.434,0.0571,310.56,0.1465,-8.83,4,50
13650,11.87,0.0968,20.43,2.365,0.0754,362.92,0.193,-18.59,4,50
13694,10.99,0.1397,30.6,2.281,0.0363,166.71,0.1182,-29.72,4,50
13780,11.97,0.0863,18.03,2.391,0.0548,317.26,0.1394,-15.82,4,50
13782,11.64,0.0441,9.71,2.269,0.0996,283.63,0.4646,-5.13,4,50
13790,11.75,0.064,13.12,2.434,0.1009,361.56,0.1208,-15.27,4,50
13862,11.7,0.0846,17.65,2.394,0.0439,374.63,0.1276,-15.41,4,5
14235,11.38,0.1067,22.6,2.357,0.0463,272.36,0.1399,-20.05,4,50
14268,10.6,0.0934,20.02,2.33,0.05,349.39,0.2823,-14.85,4,5
14518,12.14,0.0601,12.32,2.438,0.0988,361.59,0.111,-14.65,4,50
14690,10.63,0.0391,8.0,2.441,0.0453,362.74,0.0843,-9.72,4,5
14707,11.38,0.1292,28.29,2.281,0.0302,15.48,0.219,-24.37,4,50
14791,11.93,0.0657,13.32,2.462,0.1387,360.1,0.0563,-19.86,4,5
14792,12.23,0.0721,15.05,2.394,0.0487,361.59,0.1844,-12.73,4,5
15033,10.74,0.0319,6.51,2.445,0.1579,331.76,0.2261,-15.53,4,5
15094,11.78,0.0927,19.61,2.361,0.0574,329.37,0.2102,-16.28,4,50
15398,10.96,0.0804,18.03,2.227,0.0425,285.81,0.4748,-6.87,4,5
15436,9.21,0.0084,1.77,2.375,0.0057,245.5,0.2999,-4.5,4,5
15440,9.66,0.0891,19.99,2.226,0.0316,291.88,0.4614,-8.49,4,5
15442,11.98,0.0195,3.93,2.478,0.1195,353.54,0.0573,-13.11,4,5
15502,10.1,0.0927,19.96,2.319,0.0602,340.94,0.31,-14.54,5,5
15521,11.28,0.0521,10.74,2.423,0.0961,350.47,0.1881,-12.58,4,5
15527,10.95,0.0095,1.95,1.357,0.1675,303.71,0.3538,-12.36,4,5
15529,11.5,0.0545,11.16,2.44,0.0762,364.31,0.0841,-12.74,4,5
15535,10.66,0.0618,12.89,2.394,0.0486,353.31,0.2149,-10.75,4,5
15536,11.34,0.04,8.3,2.405,0.0998,336.88,0.2541,-10.42,4,5
15539,10.53,0.1423,33.01,2.157,0.0326,112.02,0.3971,-23.68,4,50
15651,11.41,0.1266,27.17,2.325,0.0286,4.25,0.0444,-25.63,4,50
15663,10.93,0.0546,12.5,2.182,0.0692,250.59,0.5585,-1.4,4,50
15913,12.05,0.0196,4.02,2.44,0.0176,358.42,0.114,-7.66,4,5
15977,10.53,0.0721,15.31,2.351,0.0863,334.07,0.3052,-12.42,5,5
16070,9.82,0.085,18.17,2.337,0.0827,339.26,0.3009,-14.46,5,50
16099,10.79,0.0206,4.25,2.422,0.069,344.71,0.2101,-8.1,4,5
16152,11.98,0.086,17.83,2.407,0.0541,380.95,0.0442,-16.73,4,5
16428,11.6,0.0606,12.48,2.424,0.0242,369.84,0.0832,-11.43,5,5
16560,10.78,0.1444,32.36,2.227,0.0536,334.87,0.2453,-30.51,5,50
16667,10.82,0.0329,6.77,2.43,0.1639,324.85,0.261,-15.52,5,5
16956,10.76,0.0828,18.7,2.213,0.0846,275.64,0.4921,-8.14,5,50
16974,10.04,0.049,10.28,2.379,0.0574,338.1,0.2767,-8.47,4,5
17171,10.6,0.0709,15.66,2.26,0.0347,297.02,0.4436,-6.21,5,5
17172,10.9,0.0412,9.08,2.265,0.037,286.87,0.468,-2.29,5,5
17314,10.94,0.0485,9.97,2.429,0.1123,347.07,0.1937,-13.12,5,50
17351,11.49,0.047,9.85,2.384,0.0546,339.6,0.2681,-8.33,4,5
17365,10.5,0.0623,13.01,2.393,0.0618,351.03,0.2235,-11.25,5,5
17414,12.13,0.0776,16.44,2.357,0.0542,346.79,0.2702,-12.32,5,5
17415,12.17,0.0696,15.12,2.298,0.0296,314.9,0.3888,-7.47,5,5
17416,12.37,0.0884,18.92,2.334,0.0329,348.04,0.2853,-13.19,5,5
17417,11.58,0.0432,8.81,2.446,0.0525,365.82,0.0177,-10.61,5,5
17418,12.19,0.0501,10.19,2.454,0.1191,354.9,0.1187,-15.14,5,5
17419,11.36,0.0875,18.61,2.348,0.0582,351.35,0.263,-14.48,5,5
17420,12.02,0.0551,11.56,2.38,0.0349,344.51,0.2574,-8.75,5,5
17421,11.84,0.0662,13.96,2.369,0.0918,336.88,0.2844,-12.35,5,5
17423,12.26,0.0434,8.81,2.46,0.0951,361.71,0.0258,-13.04,5,5
17424,12.33,0.0108,2.25,2.297,0.1137,338.91,0.2132,-10.55,5,5
17442,11.81,0.0861,18.34,2.345,0.0308,352.0,0.2658,-13.1,5,5
17492,10.14,0.1219,28.11,2.166,0.0372,170.04,0.4635,-15.54,5,50
17874,11.77,0.1576,35.43,2.224,0.0371,170.64,0.0368,-37.61,4,50
18037,11.61,0.0608,12.73,2.387,0.0669,346.75,0.2425,-10.97,5,5
18046,10.54,0.0518,11.72,2.206,0.0309,4.25,0.534,-0.69,5,50
18054,10.76,0.0649,13.81,2.346,0.0448,333.61,0.3146,-9.08,5,5
18058,12.07,0.0937,19.7,2.375,0.0357,376.27,0.1527,-16.63,4,5
18060,11.17,0.0845,17.62,2.394,0.0447,374.35,0.1291,-15.41,4,5
18062,11.02,0.0652,13.81,2.356,0.0043,175.01,0.2882,-8.95,4,5
18063,11.29,0.0776,16.65,2.326,0.0318,334.46,0.3257,-10.33,4,5
18071,11.65,0.136,29.55,2.298,0.0136,413.99,0.0771,-28.34,4,5
18137,11.09,0.1354,29.52,2.291,0.054,338.74,0.1456,-28.8,5,50
18228,11.81,0.0735,15.07,2.437,0.1072,368.69,0.0586,-17.86,5,50
18263,11.45,0.1188,25.65,2.312,0.0244,380.3,0.2069,-21.58,4,5
18268,12.05,0.0463,9.75,2.37,0.0505,333.78,0.2966,-7.52,5,5
18278,11.44,0.0546,11.53,2.366,0.0729,332.36,0.3022,-9.27,5,5
18281,12.48,0.057,11.78,2.419,0.0658,358.84,0.1594,-11.73,5,5
18282,12.46,0.0353,7.22,2.438,0.0709,355.2,0.1424,-10.0,5,5
18493,10.82,0.1022,22.15,2.304,0.052,345.43,0.307,-16.29,5,5
18940,11.64,0.1121,23.71,2.363,0.0506,307.92,0.0482,-22.33,5,50
18971,11.77,0.0297,6.13,2.423,0.1234,334.22,0.2438,-11.65,5,5
19018,11.35,0.0579,12.87,2.245,0.0654,278.91,0.4802,-4.36,5,50
19020,10.65,0.0189,3.94,2.397,0.0656,334.67,0.2701,-6.81,5,5
19725,10.88,0.1028,21.78,2.357,0.0298,380.02,0.1612,-18.36,4,5
19844,11.05,0.019,4.5,2.114,0.0066,148.09,0.6511,5.61,5,5
19913,11.26,0.105,22.14,2.369,0.0527,314.1,0.1074,-20.17,4,50
20144,11.49,0.0193,3.97,2.436,0.0547,352.59,0.157,-8.17,4,5
20424,10.66,0.0211,4.55,2.316,0.0783,300.02,0.4135,-4.1,4,5
20428,11.0,0.0497,10.56,2.35,0.1022,317.89,0.3466,-9.45,4,5
20716,11.49,0.0275,5.96,2.305,0.1035,293.26,0.4296,-5.4,4,5
20720,11.1,0.0812,17.24,2.353,0.102,338.22,0.289,-15.57,4,5
20729,10.58,0.0251,5.4,2.318,0.0408,169.77,0.4009,-2.99,4,50
20738,11.74,0.0454,9.43,2.407,0.0452,350.33,0.2092,-8.88,4,5
20739,11.6,0.0424,8.74,2.422,0.1217,338.4,0.2311,-12.82,4,5
20947,11.95,0.1356,29.39,2.305,0.0344,103.41,0.0312,-28.67,4,50
20952,11.71,0.0495,10.25,2.41,0.0467,353.69,0.1926,-9.58,4,5
20961,11.85,0.068,14.12,2.404,0.0289,365.34,0.1546,-11.87,4,5
20995,11.7,0.1173,25.82,2.268,0.0757,342.38,0.3237,-20.94,4,50
21271,11.87,0.094,19.68,2.387,0.0469,269.4,0.0943,-17.53,4,50
21284,11.58,0.0485,9.92,2.443,0.0919,357.92,0.1219,-12.73,4,5
21370,11.58,0.0582,11.97,2.427,0.0601,364.52,0.1143,-12.08,4,5
21371,11.88,0.0536,11.03,2.427,0.0514,363.22,0.1203,-11.09,4,5
21372,11.85,0.0354,7.33,2.416,0.0287,351.73,0.1916,-7.85,4,5
21593,11.7,0.1228,26.31,2.333,0.0281,4.25,0.0807,-23.91,4,50
21595,10.86,0.0252,5.42,2.321,0.0929,300.68,0.4072,-5.26,4,5
21599,11.46,0.0008,0.74,0.175,0.0675,344.4,0.2062,-7.65,4,5
21601,10.1,0.1303,29.42,2.213,0.0474,284.06,0.364,-21.56,4,50
21602,12.13,0.0655,13.55,2.412,0.0656,361.5,0.159,-12.85,4,5
21900,10.09,0.0842,17.65,2.381,0.0126,370.49,0.168,-14.07,4,5
22008,11.63,0.0779,16.11,2.413,0.0387,377.86,0.0522,-14.57,4,5
22009,11.78,0.0397,8.12,2.439,0.0248,364.26,0.0761,-9.27,4,5
22010,12.34,0.1155,24.47,2.356,0.0343,400.91,0.0148,-22.86,4,5
22012,11.88,0.046,9.38,2.447,0.0906,358.75,0.1069,-12.51,4,5
22014,10.3,0.0617,13.92,2.213,0.0704,267.81,0.5149,-4.06,4,50
22035,11.92,0.0916,19.71,2.321,0.0571,341.89,0.3065,-14.27,4,5
22041,11.9,0.0674,14.04,2.399,0.0259,362.9,0.1723,-11.5,4,5
22042,12.18,0.0492,10.1,2.435,0.0674,361.16,0.116,-11.38,4,5
22049,11.85,0.1602,36.23,2.211,0.0441,268.6,0.0545,-39.25,4,50
22052,11.28,0.0612,12.73,2.401,0.0214,359.29,0.1841,-10.41,4,5
22054,11.33,0.0563,12.13,2.32,0.0741,313.0,0.3791,-7.65,4,5
22055,11.14,0.0508,10.47,2.422,0.0698,355.46,0.1697,-11.06,4,5
22056,11.89,0.0967,19.95,2.426,0.1557,365.16,0.0956,-28.47,4,50
22059,11.25,0.0462,9.4,2.453,0.127,350.06,0.146,-15.07,4,5
22149,10.35,0.0656,14.21,2.305,0.069,311.96,0.3885,-8.32,4,5
22180,10.31,0.0531,11.9,2.226,0.0781,270.38,0.5091,-3.36,5,50
22199,11.75,0.1238,26.71,2.313,0.0428,251.44,0.1596,-24.58,4,50
22203,11.69,0.0423,8.49,2.486,0.1467,353.33,0.0328,-17.61,4,5
22222,12.44,0.1314,28.34,2.315,0.0289,4.29,0.0333,-27.01,4,50
22227,11.97,0.0192,3.95,2.427,0.0877,342.64,0.2117,-9.03,4,5
22404,12.09,0.0793,16.55,2.393,0.0728,362.39,0.1826,-15.18,4,5
22503,12.31,0.0312,6.43,2.42,0.028,352.06,0.184,-7.65,4,5
22808,12.13,0.0613,12.61,2.426,0.1355,345.14,0.2015,-16.86,5,50
23075,11.06,0.0331,6.79,2.432,0.1269,337.31,0.2245,-12.57,4,5
23114,12.05,0.0501,10.27,2.437,0.0297,368.71,0.0292,-10.56,4,5
23118,12.17,0.0287,5.75,2.491,0.1524,348.74,0.0715,-16.68,4,50
23119,11.31,0.052,11.03,2.354,0.1032,320.35,0.3376,-10.01,4,5
23123,11.37,0.1255,27.18,2.307,0.0331,74.46,0.1729,-24.07,4,50
23126,11.75,0.1483,32.75,2.264,0.0374,175.35,0.0337,-33.53,4,50
23135,10.04,0.0998,21.64,2.303,0.0731,338.93,0.3201,-16.44,4,50
23144,11.59,0.0927,19.54,2.368,0.036,132.4,0.1788,-15.8,4,50
23152,11.91,0.0272,5.57,2.443,0.1055,346.13,0.1781,-11.18,4,5
23269,11.56,0.0205,4.21,2.435,0.0726,349.28,0.1764,-8.78,4,5
23285,11.2,0.1011,21.88,2.307,0.0331,347.88,0.3018,-15.44,4,5
23355,11.97,0.0679,14.05,2.415,0.038,369.89,0.1089,-12.59,4,5
23382,12.04,0.0421,8.77,2.396,0.0676,340.55,0.2529,-8.71,4,5
23383,11.88,0.0597,12.41,2.401,0.0631,352.67,0.2089,-11.2,4,5
23463,11.58,0.0333,6.87,2.418,0.0532,348.97,0.1999,-8.3,5,5
23480,11.44,0.0182,3.89,2.333,0.1465,294.58,0.405,-8.87,4,50
23549,11.71,0.0544,11.16,2.432,0.0832,359.01,0.1363,-12.68,5,5
23622,11.48,0.1046,22.32,2.34,0.0309,372.28,0.2086,-18.1,4,5
23624,11.69,0.0712,15.24,2.332,0.1142,318.92,0.3489,-13.29,4,5
23694,11.48,0.1046,22.18,2.356,0.0149,383.69,0.1484,-18.67,5,5
23706,12.28,0.0476,9.75,2.435,0.0639,360.99,0.1165,-11.02,4,5
23709,11.64,0.0522,10.78,2.419,0.0711,354.93,0.1756,-11.21,4,5
23710,12.29,0.1252,27.22,2.297,0.0198,384.49,0.2055,-23.37,4,5
23939,11.45,0.119,25.54,2.327,0.0039,181.93,0.1525,-22.18,4,5
23947,11.8,0.0485,9.88,2.454,0.0987,360.58,0.0756,-13.62,4,5
23958,10.27,0.0213,4.63,2.3,0.0647,290.12,0.4335,-2.78,4,50
23963,11.77,0.0929,19.43,2.39,0.0499,291.6,0.0946,-17.37,4,50
23968,11.24,0.0632,13.03,2.424,0.1288,347.28,0.1966,-16.78,4,5
23970,11.05,0.0554,12.46,2.222,0.0369,117.04,0.5122,-1.98,4,50
23987,11.65,0.0352,7.51,2.341,0.1395,301.72,0.3842,-10.05,5,5
24018,11.54,0.0466,9.76,2.383,0.0186,342.31,0.2621,-7.46,5,5
24022,12.16,0.1127,24.09,2.337,0.0472,381.94,0.1755,-21.38,5,5
24212,12.12,0.1389,30.37,2.285,0.01,409.81,0.107,-29.04,4,5
24225,11.79,0.0533,11.04,2.412,0.0348,358.26,0.1715,-9.92,4,5
24233,11.46,0.0958,20.38,2.347,0.0171,365.19,0.2257,-15.51,4,5
24244,11.02,0.0902,20.6,2.187,0.0275,272.25,0.5097,-6.98,4,5
24275,11.26,0.0885,18.76,2.355,0.0503,357.46,0.2398,-14.75,4,5
24279,12.07,0.0777,16.31,2.379,0.0326,360.91,0.2065,-12.75,4,5
24312,11.71,0.0425,8.85,2.399,0.1091,333.01,0.2704,-11.0,4,5
24313,10.85,0.0626,13.26,2.356,0.0602,334.63,0.3041,-9.61,4,5
24340,12.12,0.0436,8.9,2.448,0.1003,355.25,0.1273,-12.77,4,5
24341,12.04,0.0887,18.78,2.358,0.0348,108.63,0.2233,-14.31,4,50
24357,11.78,0.1094,23.33,2.342,0.0333,70.68,0.1732,-19.54,4,50
24380,11.3,0.0869,18.14,2.391,0.0439,375.69,0.1279,-15.86,4,5
24390,11.69,0.052,10.79,2.405,0.0475,352.67,0.2031,-9.72,4,5
24403,11.35,0.0942,20.62,2.281,0.0341,325.84,0.3679,-12.34,4,5
24420,11.51,0.0964,20.23,2.379,0.0489,380.23,0.1261,-18.06,4,5
24426,12.17,0.0925,19.39,2.383,0.0462,263.34,0.1285,-16.81,4,50
24444,11.45,0.1223,26.3,2.321,0.0411,234.11,0.1483,-23.96,5,50
24446,11.09,0.0822,18.3,2.243,0.0574,280.5,0.4517,-8.14,5,50
24448,11.51,0.0866,18.12,2.387,0.0326,374.52,0.1415,-15.24,5,5
24449,11.97,0.0239,5.49,2.175,0.0629,236.8,0.5847,2.05,5,50
24451,10.44,0.0822,17.78,2.307,0.0919,320.16,0.3617,-13.1,5,5
24452,11.9,0.0398,8.13,2.447,0.0977,354.17,0.1336,-12.14,5,5
24453,11.22,0.1081,23.09,2.339,0.0389,189.7,0.1927,-19.15,5,50
24454,11.44,0.1489,32.93,2.258,0.0319,48.03,0.0502,-33.53,5,50
24456,12.02,0.0536,11.06,2.418,0.0385,360.44,0.1533,-10.28,5,5
24458,11.81,0.0638,13.63,2.338,0.0629,326.97,0.3353,-9.17,5,5
24459,11.83,0.0794,16.87,2.349,0.0702,341.73,0.2883,-13.04,5,5
24467,11.85,0.0468,9.86,2.368,0.0542,332.6,0.3012,-7.6,5,5
24470,11.03,0.0799,17.64,2.262,0.0475,243.9,0.4279,-8.2,5,50
24471,11.18,0.1052,23.96,2.193,0.0506,259.37,0.4735,-11.5,5,50
24472,11.62,0.0888,19.42,2.283,0.0456,320.69,0.3783,-11.35,5,5
24479,11.82,0.0619,13.24,2.333,0.0612,323.73,0.3469,-8.54,4,5
24485,11.45,0.0638,13.31,2.395,0.0639,352.79,0.2148,-11.7,4,5
24486,11.22,0.0299,6.1,2.449,0.0995,351.06,0.1453,-11.35,4,5
24498,11.99,0.0536,11.16,2.399,0.0463,351.06,0.2162,-9.66,4,5
24501,11.71,0.0215,4.56,2.35,0.0593,316.66,0.3558,-4.78,4,5
24505,11.14,0.0574,12.15,2.36,0.0741,330.94,0.3103,-9.49,4,5
24506,10.77,0.107,22.91,2.331,0.0383,181.5,0.2205,-18.38,4,50
24508,12.27,0.0789,16.33,2.413,0.032,379.71,0.0203,-14.64,4,5
24519,11.64,0.0167,3.45,2.413,0.0761,339.01,0.2403,-7.79,4,5
24528,11.76,0.0767,16.22,2.36,0.0649,337.94,0.2657,-12.61,4,50
24530,11.72,0.0682,14.15,2.407,0.0819,357.29,0.1839,-13.88,4,5
24531,11.76,0.0918,20.13,2.276,0.0411,320.19,0.3823,-11.65,4,5
24534,11.32,0.0722,15.05,2.396,0.1004,350.41,0.2194,-15.27,4,5
24536,11.54,0.0404,8.85,2.281,0.0585,274.69,0.4481,-3.29,4,50
24537,11.19,0.0786,16.78,2.337,0.041,339.72,0.3047,-11.25,4,5
24539,12.07,0.0997,21.09,2.361,0.0714,367.68,0.1867,-19.19,4,50
24587,11.5,0.0498,11.06,2.245,0.0532,249.41,0.4878,-2.71,4,50
24603,12.39,0.0554,11.34,2.439,0.0836,362.3,0.104,-13.15,4,5
24882,11.62,0.0455,9.38,2.424,0.0266,360.43,0.1391,-9.31,4,5
25344,11.73,0.1013,22.05,2.293,0.0209,341.39,0.326,-14.6,5,5
25347,11.65,0.0593,12.54,2.359,0.0424,336.5,0.2974,-8.64,5,5
25883,11.34,0.099,21.56,2.293,0.0396,337.15,0.3347,-14.38,5,5
25895,11.19,0.0128,2.71,2.361,0.1242,311.24,0.3502,-8.46,4,5
25910,11.87,0.0853,18.36,2.321,0.0371,338.19,0.3185,-11.98,4,5
25911,11.73,0.0897,19.6,2.285,0.0314,323.75,0.3717,-11.26,4,5
25937,12.23,0.1002,21.01,2.381,0.0224,390.83,0.0418,-18.59,4,5
25938,12.13,0.1067,22.67,2.358,0.1477,349.39,0.2314,-26.94,4,50
26057,12.28,0.0471,9.66,2.434,0.0614,360.88,0.1187,-10.83,4,5
26486,12.24,0.0827,17.1,2.414,0.0635,378.82,0.0336,-16.62,4,5
26510,12.52,0.0937,19.58,2.39,0.0476,274.89,0.0803,-17.57,4,50
26601,11.41,0.0689,14.95,2.301,0.0453,314.44,0.3874,-7.83,4,5
26705,12.05,0.0965,20.42,2.363,0.0504,294.56,0.1898,-16.87,4,50
26763,12.54,0.1244,26.63,2.335,0.0369,155.26,0.019,-25.16,4,50
28958,12.2,0.0885,18.5,2.388,0.038,376.65,0.1292,-15.93,4,5
28960,12.7,0.1098,23.2,2.364,0.045,263.79,0.0638,-21.44,4,50
29196,11.99,0.0663,13.57,2.442,0.0963,367.71,0.0504,-15.97,5,5
29314,11.58,0.0919,19.55,2.349,0.0503,357.55,0.2454,-15.32,5,5
29603,11.24,0.0968,22.35,2.164,0.0224,264.36,0.5266,-7.47,5,5
29976,10.99,0.0596,13.41,2.218,0.0526,240.13,0.5133,-2.85,5,50
29977,11.26,0.0495,10.66,2.318,0.0467,312.19,0.3858,-5.59,5,5
30020,12.02,0.0849,18.08,2.346,0.0159,352.13,0.2659,-12.61,4,5
30102,10.87,0.0566,12.24,2.31,0.0709,309.3,0.393,-7.13,4,5
30498,11.85,0.0881,18.3,2.404,0.0612,350.32,0.0595,-17.23,5,50
30499,12.11,0.0379,7.75,2.443,0.0541,361.52,0.0905,-9.91,5,5
30504,11.39,0.014,2.86,2.454,0.0804,354.28,0.1139,-9.68,5,5
30505,11.65,0.0454,10.07,2.254,0.1009,277.15,0.4826,-4.94,5,5
30506,11.06,0.0808,17.48,2.31,0.0574,326.11,0.3527,-11.08,5,5
30508,12.12,0.1149,25.23,2.276,0.0097,350.07,0.3106,-18.07,5,5
30510,12.09,0.0712,14.82,2.399,0.1011,351.74,0.2113,-15.11,4,50
30698,12.07,0.0609,12.63,2.411,0.0166,364.07,0.1485,-10.76,5,5
30704,11.3,0.0881,18.75,2.346,0.0115,355.63,0.2558,-13.33,5,5
30705,10.5,0.0756,16.24,2.326,0.0487,330.78,0.3342,-10.33,5,5
30708,11.85,0.0638,13.87,2.295,0.053,308.17,0.4042,-6.95,5,5
30791,12.16,0.0563,12.22,2.302,0.0757,304.9,0.4064,-6.97,5,5
30792,12.41,0.0253,5.14,2.453,0.0628,360.07,0.0669,-9.58,5,5
30793,12.2,0.0667,14.28,2.334,0.0564,327.54,0.3372,-9.23,5,5
30806,12.74,0.0385,7.84,2.455,0.0733,363.12,0.0147,-11.2,5,5
30807,12.06,0.0869,18.09,2.398,0.0256,381.39,0.077,-15.7,5,5
30942,11.41,0.0697,15.05,2.314,0.0832,316.34,0.3711,-10.17,5,5
31037,12.13,0.0417,8.44,2.471,0.1502,347.16,0.1286,-16.96,5,50
31342,10.57,0.0188,4.04,2.326,0.0418,180.74,0.3913,-3.0,5,50
31344,10.96,0.1379,30.15,2.285,0.0327,70.39,0.1263,-28.72,5,50
31806,11.7,0.0171,3.85,2.217,0.0617,252.75,0.5391,0.75,5,50
31814,12.2,0.113,23.99,2.352,0.0249,395.0,0.0953,-21.5,5,5
31819,11.43,0.1148,24.93,2.301,0.0379,364.52,0.2598,-19.92,5,5
31820,12.16,0.1005,21.05,2.386,0.0539,319.79,0.0487,-19.41,5,50
31821,12.08,0.0309,6.38,2.423,0.0163,354.07,0.1709,-7.62,5,5
31835,11.57,0.0899,19.1,2.35,0.0071,328.43,0.2392,-13.96,4,5
32339,11.68,0.023,4.8,2.395,0.1488,315.54,0.3174,-11.91,5,5
32356,12.09,0.0048,1.21,1.449,0.1051,336.52,0.2344,-9.43,5,5
32370,12.38,0.0776,16.18,2.396,0.0149,371.04,0.1428,-13.26,5,5
32396,12.26,0.0307,6.21,2.467,0.1021,357.66,0.0491,-12.39,5,5
32397,11.54,0.0603,12.41,2.428,0.0414,369.44,0.0759,-11.9,5,5
32420,11.78,0.1299,28.68,2.262,0.0249,369.77,0.2675,-23.62,5,5
32430,11.97,0.1074,22.8,2.353,0.0128,386.46,0.1401,-19.38,5,5
32434,11.85,0.008,1.91,2.179,0.1142,294.31,0.42,-5.69,5,5
32435,11.22,0.094,20.7,2.268,0.1042,309.3,0.3962,-15.39,5,50
32437,11.31,0.0292,6.3,2.313,0.0778,300.57,0.4131,-4.5,5,5
32440,11.42,0.0931,21.53,2.161,0.0184,260.06,0.5373,-6.34,5,5
32451,11.82,0.092,20.04,2.293,0.0552,327.45,0.3569,-12.96,5,5
32461,11.94,0.0574,12.92,2.219,0.0279,271.42,0.5134,-2.17,5,5
32464,11.7,0.0454,9.94,2.283,0.0732,292.79,0.4435,-4.64,5,5
32467,11.83,0.1278,29.78,2.138,0.0634,280.93,0.4665,-19.12,5,50
32471,12.2,0.1316,28.41,2.314,0.0289,4.29,0.0368,-27.15,5,50
32475,10.84,0.0283,6.32,2.239,0.0537,242.62,0.5095,-0.43,5,50
32478,12.04,0.0391,7.96,2.457,0.1476,341.46,0.1779,-15.94,5,5
32480,11.34,0.0513,10.94,2.341,0.0533,322.77,0.346,-7.01,5,5
32482,11.07,0.0693,14.47,2.391,0.0336,359.61,0.1963,-11.62,5,5
32496,10.32,0.0809,18.26,2.212,0.0442,206.47,0.4943,-6.13,5,50
32498,11.59,0.0775,17.07,2.269,0.0524,269.91,0.4217,-8.17,4,50
32499,10.62,0.0691,14.5,2.382,0.1183,337.83,0.2675,-15.08,5,50
32501,11.03,0.0144,3.22,2.233,0.0758,265.99,0.5214,-0.31,5,50
32513,11.52,0.1007,22.69,2.216,0.0499,257.37,0.4514,-11.47,5,50
32615,11.12,0.1361,30.21,2.25,0.0288,5.14,0.2492,-25.75,5,50
32720,12.0,0.0146,3.0,2.435,0.0397,353.71,0.1506,-7.57,5,5
32726,12.08,0.0416,8.51,2.445,0.0588,363.28,0.0696,-10.56,5,5
32794,12.64,0.0639,13.4,2.381,0.0931,340.1,0.2662,-12.5,5,5
32811,11.32,0.083,17.81,2.328,0.0995,328.6,0.3293,-14.69,5,5
33822,11.89,0.0274,5.67,2.414,0.1432,324.75,0.2782,-12.57,4,5
34298,12.38,0.0422,8.63,2.439,0.1171,347.05,0.1798,-13.05,5,50
34521,11.58,0.1059,23.02,2.297,0.0291,349.25,0.3034,-16.38,5,5
34553,12.07,0.0693,14.56,2.375,0.0709,346.11,0.2554,-12.12,5,5
34642,10.84,0.0358,7.58,2.36,0.049,325.45,0.3269,-5.92,5,5
34684,11.94,0.0269,5.68,2.364,0.094,317.97,0.3401,-7.17,4,5
34746,9.91,0.0815,18.06,2.253,0.0256,300.89,0.4365,-7.85,5,5
34785,11.65,0.0865,18.77,2.302,0.0229,330.12,0.3501,-11.08,5,5
34835,12.54,0.1408,30.67,2.294,0.074,408.68,0.046,-33.65,5,50
34993,12.38,0.0737,15.34,2.4,0.0196,369.14,0.1443,-12.68,4,5
35272,12.08,0.037,7.75,2.383,0.0727,332.14,0.2901,-7.8,4,5
35276,11.72,0.0542,11.28,2.4,0.081,345.55,0.2328,-11.08,4,5
35277,11.9,0.0461,9.83,2.34,0.0626,319.1,0.3548,-6.64,4,5
35363,11.91,0.0261,5.46,2.39,0.0341,337.37,0.2687,-6.1,4,5
35672,12.39,0.0873,18.17,2.399,0.0147,383.53,0.0506,-15.73,4,5
35673,11.62,0.116,24.86,2.331,0.0313,24.35,0.1599,-21.55,4,50
36259,11.46,0.0733,15.59,2.347,0.0602,337.89,0.3011,-11.23,4,5
36265,12.05,0.0352,7.18,2.445,0.0556,361.15,0.0862,-9.79,4,5
36267,10.82,0.0271,5.74,2.358,0.1146,311.65,0.3567,-8.17,4,5
36268,12.16,0.0822,17.21,2.383,0.0107,369.22,0.1694,-13.67,4,5
36269,11.65,0.0412,8.67,2.373,0.0246,335.5,0.29,-6.52,4,5
36270,11.9,0.0544,11.23,2.417,0.0576,357.68,0.1677,-10.9,4,5
36271,11.96,0.0486,10.07,2.41,0.0225,355.86,0.1838,-8.99,4,5
36279,11.22,0.1007,23.07,2.18,0.0516,274.74,0.4988,-10.06,4,5
36425,12.32,0.0929,19.3,2.404,0.1007,375.01,0.1018,-20.91,5,50
36624,11.55,0.0791,17.63,2.24,0.0374,144.17,0.4586,-6.84,5,50
36922,11.79,0.068,14.14,2.401,0.0151,365.0,0.1606,-11.55,5,5
37281,12.17,0.1306,28.23,2.314,0.033,65.29,0.0883,-26.55,4,50
37297,11.69,0.0514,11.03,2.328,0.085,312.72,0.3742,-7.81,4,5
37298,11.79,0.1164,25.14,2.314,0.0623,353.61,0.2285,-21.89,4,50
37299,11.68,0.0451,10.11,2.229,0.0666,269.89,0.5115,-2.15,4,5
37300,12.03,0.0693,14.97,2.311,0.0222,321.17,0.3684,-7.83,4,5
37301,11.85,0.0356,7.58,2.344,0.0645,316.56,0.3595,-5.72,4,5
37519,11.1,0.0099,2.14,2.29,0.0441,300.17,0.4196,-2.29,5,5
37572,13.25,0.092,19.19,2.395,0.1206,361.72,0.1738,-21.96,5,5
37685,11.93,0.0496,10.13,2.443,0.1276,347.61,0.172,-15.16,4,5
37710,12.49,0.0313,6.45,2.424,0.0336,353.61,0.1708,-7.96,4,5
37714,12.25,0.0913,18.62,2.449,0.1774,361.04,0.055,-30.61,4,50
37715,12.16,0.0874,18.29,2.387,0.049,372.83,0.1493,-15.91,4,5
37716,12.43,0.033,6.72,2.453,0.0713,360.8,0.0631,-10.51,4,5
37732,11.99,0.0373,7.78,2.391,0.0756,335.38,0.2729,-8.33,4,5
37789,13.18,0.0564,11.57,2.435,0.0419,370.05,0.0305,-11.62,4,5
37790,12.8,0.0493,10.16,2.42,0.0421,358.8,0.1558,-9.9,4,5
38050,9.97,0.0396,8.79,2.248,0.0388,139.87,0.4918,-1.27,4,50
38051,11.97,0.0403,8.17,2.464,0.1368,348.34,0.1362,-15.57,4,5
38052,12.75,0.0699,14.41,2.42,0.0179,376.18,0.0236,-12.86,4,5
38257,12.12,0.0314,6.51,2.408,0.0838,339.35,0.2446,-8.7,5,50
38574,11.79,0.0667,13.78,2.417,0.0767,362.33,0.1466,-13.81,4,5
38585,12.39,0.103,21.67,2.374,0.065,383.07,0.1185,-20.56,4,5
38592,11.85,0.0775,16.44,2.356,0.0429,347.94,0.2685,-11.92,4,5
38594,12.16,0.0861,18.09,2.377,0.0082,358.13,0.1724,-14.33,4,5
38596,12.45,0.072,14.93,2.409,0.0237,371.96,0.1105,-12.83,4,5
38597,12.12,0.0706,14.86,2.371,0.0874,341.49,0.2706,-13.01,4,5
38598,12.47,0.0813,17.05,2.38,0.0335,365.3,0.1889,-13.69,4,5
38599,11.93,0.0422,8.79,2.395,0.0393,344.41,0.2424,-7.84,4,5
38600,11.78,0.0626,12.96,2.41,0.0333,363.84,0.1502,-11.28,4,5
38606,11.85,0.0945,20.32,2.323,0.0339,348.86,0.2898,-14.33,4,5
38607,11.8,0.0924,19.57,2.356,0.0451,250.65,0.2175,-15.58,4,50
38609,12.23,0.0771,16.07,2.395,0.0672,362.64,0.1793,-14.51,4,5
38610,11.56,0.0267,5.56,2.396,0.0625,336.39,0.266,-7.13,4,5
38611,12.32,0.0228,4.64,2.453,0.0891,353.43,0.1232,-10.46,4,5
38614,12.0,0.0717,15.19,2.358,0.0388,344.47,0.2772,-10.67,4,5
38615,12.39,0.0356,7.21,2.469,0.122,353.72,0.0892,-14.18,4,5
38617,12.07,0.0298,6.15,2.418,0.0487,348.67,0.2001,-7.9,4,5
38619,11.73,0.0296,6.09,2.426,0.1136,338.02,0.229,-11.11,4,5
38621,12.23,0.0375,7.79,2.404,0.0425,346.07,0.227,-7.82,4,5
39229,12.63,0.0086,1.63,0.946,0.1394,346.03,0.1181,-14.14,4,5
39264,10.88,0.061,12.97,2.346,0.0297,332.48,0.3188,-8.06,4,5
39270,12.21,0.0316,6.47,2.44,0.0465,359.18,0.1114,-8.99,4,5
39275,12.17,0.0339,7.1,2.381,0.0525,333.7,0.2874,-6.75,4,5
39278,11.95,0.0673,13.9,2.417,0.033,370.59,0.1007,-12.42,4,5
39280,12.01,0.0547,11.43,2.39,0.0174,350.3,0.2291,-8.87,4,5
39284,12.04,0.0701,14.59,2.4,0.0466,363.01,0.1709,-12.54,4,5
39285,12.59,0.087,18.17,2.392,0.0472,375.33,0.1291,-15.99,4,5
39286,12.23,0.0717,14.82,2.417,0.024,375.43,0.0608,-13.13,4,5
39287,12.65,0.1393,30.41,2.288,0.0042,204.54,0.0794,-29.36,4,5
39288,12.52,0.0722,14.9,2.421,0.05,374.64,0.0528,-14.07,4,5
39289,12.39,0.0591,12.25,2.41,0.0432,359.82,0.1691,-10.9,4,5
39292,12.53,0.0609,12.46,2.442,0.1244,354.45,0.1431,-16.8,4,5
39293,11.98,0.0484,10.1,2.393,0.0337,347.09,0.2359,-8.39,4,5
39362,12.02,0.1055,22.39,2.353,0.038,380.37,0.1652,-19.23,4,5
39369,11.12,0.0454,9.56,2.371,0.1086,323.21,0.3189,-10.15,4,5
39463,12.51,0.1129,23.94,2.356,0.0431,394.75,0.0852,-22.24,4,5
39474,11.75,0.0633,13.2,2.395,0.0485,355.08,0.2071,-11.08,5,5
39691,12.69,0.0591,12.14,2.433,0.0423,370.84,0.0345,-11.96,4,5
39692,12.43,0.0695,14.31,2.425,0.0823,367.51,0.1026,-14.64,4,50
39693,12.42,0.0712,14.74,2.412,0.0494,369.26,0.1209,-13.39,4,5
39793,12.77,0.0754,15.91,2.365,0.0499,349.7,0.2553,-12.1,4,5
39794,12.28,0.0936,20.01,2.336,0.0161,356.34,0.2613,-14.36,4,5
39795,12.56,0.085,17.73,2.395,0.0511,374.15,0.1288,-15.78,4,5
39797,12.3,0.0429,8.92,2.401,0.0877,338.88,0.253,-9.9,4,5
39798,12.57,0.0234,4.77,2.447,0.0762,354.1,0.1305,-9.65,4,5
39803,12.54,0.0988,20.69,2.386,0.0412,210.08,0.021,-18.66,4,50
40237,12.0,0.037,7.44,2.488,0.1715,342.25,0.1242,-19.27,4,5
40262,12.98,0.048,9.82,2.441,0.1184,349.28,0.1676,-14.19,4,5
41268,12.6,0.0959,20.42,2.344,0.0979,350.87,0.2596,-18.88,4,50
41340,11.26,0.0461,10.46,2.202,0.0464,199.49,0.5433,-0.3,4,50
41342,12.55,0.1167,24.8,2.351,0.0445,398.47,0.0691,-23.45,4,5
41350,12.11,0.0217,4.48,2.424,0.0494,349.02,0.1903,-7.64,4,5
41353,12.06,0.0844,17.65,2.389,0.0464,259.79,0.1502,-14.93,4,50
41355,12.63,0.0672,13.9,2.414,0.0343,369.07,0.1167,-12.31,4,5
41359,12.16,0.1521,33.92,2.24,0.0336,92.2,0.0956,-34.62,4,50
41379,11.42,0.1068,23.89,2.231,0.0356,138.49,0.4122,-13.7,4,50
41417,12.45,0.1453,31.93,2.273,0.0228,425.32,0.0121,-32.28,4,5
41426,12.87,0.1308,28.17,2.321,0.0414,235.51,0.0188,-27.26,4,50
41427,12.37,0.1432,31.41,2.278,0.0495,311.2,0.0805,-32.15,4,50
42036,11.95,0.0585,12.1,2.415,0.0161,364.71,0.1361,-10.59,4,5
42114,12.47,0.0444,9.11,2.432,0.0463,361.12,0.1198,-9.93,4,5
42146,11.97,0.0791,16.65,2.372,0.0185,359.86,0.2181,-12.49,4,5
42168,11.68,0.0852,17.91,2.377,0.0932,355.69,0.2199,-17.17,4,5
42176,12.37,0.0225,4.67,2.405,0.0912,333.76,0.2645,-8.44,4,5
42179,12.3,0.0487,9.99,2.432,0.0287,365.19,0.0943,-10.07,4,5
42182,12.13,0.0748,15.51,2.409,0.019,374.86,0.0922,-13.33,4,5
42187,11.47,0.0209,4.5,2.317,0.0819,299.94,0.4128,-4.3,4,5
42200,12.06,0.1348,29.31,2.297,0.0403,222.58,0.1149,-28.19,4,50
42201,12.43,0.0436,8.89,2.449,0.1123,352.55,0.1408,-13.41,4,50
42230,12.56,0.0906,19.24,2.352,0.0501,358.22,0.2403,-15.17,4,5
42277,12.11,0.0663,13.59,2.435,0.0908,366.33,0.0856,-15.31,5,5
42367,11.1,0.1081,24.79,2.178,0.0599,279.51,0.4849,-12.52,4,5
42403,12.6,0.1033,21.76,2.371,0.0765,377.47,0.1415,-20.83,4,50
42554,11.8,0.0837,17.86,2.339,0.0668,341.66,0.2951,-13.49,4,5
42555,12.57,0.036,7.3,2.462,0.1131,353.95,0.1049,-13.3,4,5
43212,12.31,0.082,17.07,2.399,0.0482,373.26,0.1266,-15.12,4,5
43436,12.14,0.0887,18.52,2.391,0.0524,376.2,0.1248,-16.59,4,5
43627,12.97,0.1043,21.86,2.383,0.0723,383.8,0.0407,-21.84,4,50
43706,12.44,0.1227,26.67,2.297,0.0576,344.91,0.229,-23.65,4,50
45822,12.32,0.0431,8.65,2.486,0.1675,345.35,0.1096,-19.58,5,5
46676,12.03,0.0961,19.97,2.408,0.1785,345.85,0.1949,-30.56,4,50
47955,12.06,0.1077,22.74,2.365,0.0343,91.07,0.07,-20.43,5,50
47956,11.99,0.1199,25.79,2.321,0.0352,140.29,0.1629,-22.86,5,50
47957,11.78,0.1059,22.38,2.362,0.0469,275.67,0.1196,-20.21,5,50
47959,12.33,0.1072,22.71,2.357,0.0249,387.8,0.127,-19.74,5,5
47962,11.88,0.0651,13.9,2.338,0.0901,322.85,0.342,-10.69,5,5
47963,11.89,0.0712,14.95,2.377,0.0254,354.96,0.2287,-11.19,5,5
47964,11.98,0.0029,1.02,0.843,0.1127,330.53,0.2637,-9.4,5,5
47967,11.93,0.04,8.16,2.446,0.095,354.55,0.1334,-11.97,5,5
47969,11.93,0.0781,16.55,2.357,0.0638,335.89,0.2691,-12.69,5,50
48249,12.13,0.1388,30.33,2.286,0.0407,224.95,0.1093,-29.68,5,50
48252,12.36,0.0796,16.93,2.347,0.0438,345.54,0.2815,-12.03,5,5
48254,12.4,0.0625,14.16,2.206,0.0634,261.28,0.5249,-3.19,5,50
48269,12.04,0.0537,11.22,2.389,0.0842,339.78,0.2612,-10.67,4,5
48373,12.12,0.1221,28.18,2.165,0.0463,241.63,0.4661,-15.69,5,50
48438,10.94,0.1018,23.32,2.179,0.0431,275.88,0.4975,-10.02,5,5
48604,12.55,0.15,33.32,2.25,0.0589,369.05,0.1105,-35.35,5,50
48764,11.6,0.0713,15.57,2.287,0.09,303.47,0.4113,-9.67,5,5
48767,11.98,0.0931,21.2,2.192,0.0216,277.04,0.4988,-7.75,5,5
51339,12.18,0.056,11.49,2.436,0.0983,357.37,0.1392,-13.9,5,5
51340,11.93,0.117,24.83,2.352,0.0341,401.7,0.0273,-23.26,5,5
51344,12.14,0.0349,7.15,2.439,0.034,361.63,0.0963,-8.98,5,5
51345,11.78,0.0201,4.08,2.383,0.1654,322.48,0.2668,-14.7,5,5
51346,12.07,0.0831,17.43,2.381,0.0204,368.71,0.1755,-13.9,5,5
51347,11.95,0.0526,10.74,2.448,0.1292,351.07,0.1492,-15.88,5,50
51348,11.98,0.0735,15.24,2.41,0.0789,363.64,0.1536,-14.95,5,5
51350,11.59,0.0601,12.76,2.35,0.0322,333.64,0.3128,-8.14,5,5
51351,12.3,0.1164,24.66,2.36,0.0671,380.16,0.038,-24.51,5,50
51354,11.48,0.0682,14.21,2.399,0.0638,357.72,0.1932,-12.69,5,5
51357,12.24,0.0414,8.56,2.417,0.0256,355.1,0.1764,-8.47,5,5
51359,11.91,0.036,7.4,2.426,0.0725,349.95,0.1857,-9.58,5,5
51360,12.14,0.0948,19.96,2.373,0.0142,378.66,0.1462,-16.46,5,5
51362,12.36,0.0503,10.32,2.435,0.0383,366.75,0.071,-10.64,5,5
51364,11.57,0.0786,16.36,2.401,0.1427,344.64,0.2241,-20.45,5,50
51365,10.72,0.0606,13.63,2.22,0.0465,214.71,0.5092,-2.98,5,50
51378,11.66,0.074,17.15,2.154,0.0292,4.25,0.5727,-1.9,4,50
51405,12.44,0.1407,30.63,2.297,0.0694,400.03,0.0264,-32.96,4,50
51910,11.66,0.081,18.6,2.174,0.0433,258.97,0.5401,-4.71,5,5
51935,11.96,0.0668,13.94,2.394,0.1173,340.88,0.2492,-15.23,5,5
51958,11.6,0.1263,27.47,2.301,0.076,378.04,0.202,-26.45,5,50
51962,11.48,0.1019,22.23,2.289,0.0828,331.96,0.3414,-16.94,5,50
51969,12.11,0.0911,20.34,2.237,0.0365,143.68,0.4431,-9.29,5,50
51984,12.12,0.0626,12.97,2.409,0.0404,362.03,0.1617,-11.35,5,5
51994,12.28,0.013,2.65,2.341,0.1254,337.4,0.2132,-11.57,5,5
52273,12.36,0.0207,4.22,2.444,0.1141,342.65,0.1909,-11.29,5,5
52275,12.58,0.054,11.05,2.44,0.0744,364.5,0.0814,-12.59,5,5
52278,12.19,0.0395,8.35,2.364,0.039,329.51,0.3137,-6.2,5,5
52511,12.14,0.0373,7.61,2.445,0.0947,353.66,0.14,-11.47,5,50
52567,11.97,0.0739,15.92,2.317,0.0473,325.65,0.3518,-9.57,5,5
52645,12.5,0.1157,24.87,2.324,0.0317,34.09,0.1898,-20.93,4,50
52767,11.86,0.107,22.85,2.339,0.0271,375.7,0.1986,-18.74,5,5
53418,11.79,0.0616,13.48,2.284,0.0653,300.39,0.4254,-6.57,5,5
53419,12.21,0.0812,18.5,2.191,0.047,267.91,0.5186,-5.66,5,5
53436,11.45,0.1603,37.51,2.126,0.0359,167.15,0.2983,-35.14,4,50
53449,12.05,0.0322,6.84,2.351,0.1104,310.85,0.3634,-8.02,4,5
53469,12.47,0.0971,20.41,2.377,0.0448,380.53,0.1294,-18.0,4,5
53477,11.88,0.0873,18.44,2.363,0.0323,26.68,0.2146,-14.0,4,50
54581,12.25,0.0501,10.28,2.437,0.0741,360.78,0.1161,-11.84,5,5
54582,12.56,0.0558,11.44,2.438,0.0525,369.24,0.0282,-11.95,5,5
54596,12.6,0.1254,26.93,2.326,0.0413,232.73,0.087,-25.53,5,50
54614,13.11,0.0405,8.29,2.438,0.1295,341.42,0.2022,-13.85,5,5
54625,12.44,0.1253,27.21,2.299,0.0088,378.93,0.199,-23.32,5,5
54626,12.32,0.0797,16.7,2.385,0.0452,248.08,0.1815,-13.7,5,50
54632,12.2,0.0497,10.55,2.354,0.0678,325.78,0.3288,-7.87,5,5
54634,12.47,0.0712,15.37,2.313,0.0585,320.04,0.3668,-9.2,5,5
54638,12.28,0.0934,19.51,2.392,0.0442,384.18,0.0701,-17.66,5,5
54643,12.31,0.0286,5.89,2.423,0.0855,343.57,0.2138,-9.36,5,5
54645,12.32,0.0485,10.25,2.365,0.0517,332.14,0.3053,-7.59,5,5
54646,12.53,0.0379,7.74,2.445,0.0633,337.61,0.0834,-10.16,5,50
54649,11.97,0.0432,9.45,2.281,0.0631,292.12,0.4476,-3.87,5,5
54652,12.02,0.0331,6.94,2.381,0.0133,336.38,0.2811,-5.94,5,5
54653,12.34,0.0699,14.76,2.366,0.0347,347.83,0.2606,-10.64,5,5
54655,12.27,0.0632,13.33,2.368,0.0598,340.86,0.2774,-10.26,5,5
54656,10.73,0.0913,20.94,2.177,0.0327,267.0,0.521,-6.84,5,5
54672,11.78,0.0974,21.95,2.217,0.0962,287.67,0.4574,-13.18,5,50
54678,12.37,0.0665,13.88,2.391,0.0592,353.85,0.2155,-11.84,4,5
54680,12.04,0.0292,6.04,2.412,0.0675,343.09,0.2274,-8.19,4,5
54689,12.2,0.07,14.63,2.387,0.073,351.88,0.2255,-12.91,4,5
55060,11.22,0.098,21.83,2.24,0.0397,187.8,0.4211,-11.63,5,50
55267,11.91,0.1117,24.34,2.291,0.0474,351.79,0.2975,-18.6,5,5
55419,11.28,0.1016,22.95,2.21,0.0455,232.8,0.4572,-11.31,5,50
55441,12.58,0.0421,8.71,2.417,0.078,347.42,0.2076,-10.07,5,5
55457,12.07,0.066,13.74,2.4,0.1444,335.0,0.2563,-17.5,5,50
55460,12.17,0.0351,7.19,2.44,0.0551,358.92,0.116,-9.52,5,5
55474,11.98,0.0458,9.56,2.391,0.1341,324.59,0.2966,-12.89,5,5
55496,11.83,0.0452,9.32,2.424,0.0215,360.23,0.1417,-9.16,5,5
55563,11.8,0.077,17.46,2.202,0.0445,270.8,0.5125,-5.13,4,5
55568,11.5,0.0797,17.57,2.267,0.0498,256.51,0.4214,-8.4,4,50
55571,12.11,0.0263,5.38,2.444,0.12,341.97,0.1941,-12.03,4,5
55574,12.07,0.0178,3.61,2.457,0.1165,346.3,0.1563,-11.85,4,5
55578,11.49,0.1113,24.5,2.27,0.0612,329.54,0.3389,-18.02,4,50
55676,12.52,0.0367,7.58,2.416,0.0711,346.18,0.2132,-9.14,5,5
55678,12.33,0.0199,3.95,2.425,0.1516,343.12,0.1383,-15.36,5,50
55701,12.61,0.0478,10.23,2.334,0.0942,312.17,0.3712,-8.07,5,5
55702,12.22,0.0301,6.19,2.43,0.0745,349.15,0.1834,-9.3,5,5
56355,12.33,0.0801,16.62,2.408,0.0158,380.03,0.0487,-14.43,4,5
56951,11.94,0.0724,15.19,2.382,0.0355,357.46,0.2147,-11.85,5,5
56962,12.29,0.0713,15.06,2.365,0.0397,348.03,0.2604,-10.99,5,5
56968,11.73,0.0474,9.9,2.392,0.0878,337.36,0.2654,-10.12,5,5
56976,11.56,0.0367,7.59,2.414,0.0582,347.77,0.2094,-8.6,5,5
57013,11.9,0.0983,21.23,2.311,0.0262,347.58,0.3006,-14.66,5,5
57041,12.1,0.1006,21.21,2.369,0.047,273.5,0.1397,-18.44,4,50
57626,12.32,0.04,8.27,2.415,0.022,353.77,0.1846,-8.18,5,5
57644,12.34,0.1158,24.89,2.322,0.0307,15.18,0.1927,-20.87,5,50
57714,11.73,0.0384,8.01,2.393,0.0668,337.83,0.265,-8.14,5,5
57904,12.26,0.0446,9.12,2.44,0.0272,366.88,0.0429,-9.91,4,5
57910,12.31,0.0658,13.58,2.419,0.0225,371.82,0.0828,-12.1,4,5
57915,12.45,0.0674,14.17,2.373,0.0534,346.98,0.2556,-10.99,4,5
57920,12.53,0.1054,22.25,2.368,0.0289,4.25,0.083,-19.36,4,50
58008,11.69,0.0732,15.47,2.363,0.079,342.32,0.2757,-12.6,5,50
58084,12.65,0.0358,7.3,2.449,0.1144,348.36,0.1605,-12.75,5,5
58096,12.72,0.0411,8.38,2.449,0.0677,363.13,0.0549,-11.02,4,5
58153,12.74,0.0783,16.18,2.419,0.0652,358.32,0.0386,-15.68,5,50
58366,13.24,0.0707,14.75,2.394,0.0206,363.24,0.1792,-11.79,4,5
58473,12.96,0.0089,1.88,2.33,0.0814,355.88,0.0863,-9.84,4,5
58475,13.18,0.0682,14.04,2.425,0.0579,371.59,0.0683,-13.71,4,5
58478,12.56,0.0616,12.65,2.43,0.0486,370.48,0.0561,-12.42,4,5
58479,12.6,0.0441,9.04,2.435,0.0662,358.75,0.1293,-10.66,4,5
58480,12.42,0.0501,10.3,2.429,0.0332,364.28,0.1087,-10.21,4,5
58931,11.67,0.081,17.09,2.367,0.0977,345.89,0.2593,-15.63,5,50
59049,11.75,0.0605,13.2,2.288,0.0737,300.94,0.4211,-6.95,4,5
59355,12.99,0.0441,8.93,2.465,0.109,359.93,0.031,-14.17,4,5
60257,12.98,0.1376,29.86,2.301,0.0498,312.88,0.0184,-30.48,4,50
60313,12.72,0.0864,17.95,2.403,0.0376,382.53,0.0398,-16.14,4,5
60322,12.15,0.1231,26.54,2.316,0.0338,94.75,0.1557,-23.81,4,50
60328,12.17,0.0712,14.89,2.387,0.0301,359.46,0.2021,-11.72,4,5
60383,11.18,0.074,15.65,2.363,0.0988,338.65,0.2827,-13.99,4,50
60388,13.31,0.1454,31.91,2.276,0.0493,306.13,0.0132,-33.35,4,50
60399,12.72,0.0434,8.83,2.454,0.0843,362.07,0.0544,-12.18,4,5
60401,11.82,0.1282,27.86,2.299,0.0069,348.71,0.1751,-24.59,4,5
60421,12.27,0.1501,33.39,2.245,0.0326,70.18,0.1131,-33.48,4,50
61610,12.26,0.0638,13.26,2.402,0.0949,348.71,0.2196,-13.53,5,5
61896,12.63,0.0596,12.3,2.42,0.0462,364.66,0.1281,-11.55,5,5
62114,12.07,0.0188,3.9,2.406,0.1474,319.77,0.2969,-12.05,5,5
62201,12.3,0.0536,11.01,2.428,0.0107,367.6,0.082,-10.4,5,5
62426,11.9,0.0207,4.65,2.223,0.0965,260.36,0.531,-1.37,5,5
62692,12.41,0.0583,12.49,2.333,0.0292,324.67,0.3477,-7.06,5,5
62714,12.05,0.0692,14.3,2.416,0.0722,364.83,0.1367,-14.03,5,5
63175,12.38,0.1294,28.06,2.302,0.0395,205.77,0.1564,-25.81,4,50
63176,12.49,0.15,33.25,2.254,0.049,308.46,0.0688,-35.06,4,50
63193,12.66,0.1051,22.22,2.362,0.0822,375.78,0.1644,-21.53,4,50
63195,11.68,0.0063,1.49,2.098,0.0518,319.79,0.342,-4.43,4,5
63202,12.39,0.0877,18.22,2.403,0.0352,383.98,0.0131,-16.36,4,5
63205,12.57,0.1166,24.75,2.353,0.048,398.79,0.0585,-23.65,4,5
63210,12.21,0.0308,6.37,2.414,0.0386,348.32,0.2071,-7.55,4,5
63231,12.47,0.1423,31.16,2.278,0.0738,405.11,0.0984,-34.3,4,50
63234,12.17,0.0247,5.12,2.409,0.1159,329.74,0.2716,-10.14,4,5
63239,12.01,0.0045,1.22,1.975,0.0511,354.67,0.1304,-7.97,4,5
63241,12.06,0.0446,9.66,2.303,0.0712,301.3,0.4161,-5.26,4,5
63257,12.41,0.0144,2.97,2.417,0.0146,347.96,0.2023,-6.41,4,5
63259,13.19,0.0644,13.22,2.434,0.0695,370.22,0.0458,-13.87,4,5
63265,12.56,0.0267,5.42,2.455,0.0948,353.59,0.1195,-11.11,4,5
63269,12.38,0.0728,15.1,2.409,0.0367,371.08,0.1173,-13.23,4,5
63272,12.39,0.045,9.27,2.421,0.0078,339.54,0.1479,-8.92,4,5
63273,11.54,0.0285,5.72,2.474,0.1787,335.11,0.1685,-18.75,4,5
63278,12.61,0.0274,5.6,2.438,0.1228,339.47,0.2098,-12.06,4,5
63279,12.87,0.0496,10.15,2.443,0.0602,366.12,0.0499,-11.51,4,5
63284,12.7,0.0522,10.6,2.459,0.1108,361.7,0.0437,-15.02,4,50
63286,12.16,0.0974,20.38,2.388,0.075,377.39,0.108,-19.66,4,50
63287,12.16,0.1049,22.84,2.294,0.0326,345.85,0.3132,-16.02,4,5
63290,12.34,0.0799,16.39,2.435,0.1303,365.06,0.0923,-21.45,4,50
63291,12.68,0.096,20.12,2.382,0.0595,346.68,0.1201,-18.4,4,50
63292,12.19,0.0319,6.61,2.408,0.0181,347.84,0.2157,-7.07,4,5
63294,12.43,0.0942,21.61,2.175,0.0158,268.59,0.5184,-7.17,4,5
63923,12.19,0.0682,14.02,2.429,0.122,355.21,0.1594,-17.26,5,50
63955,12.1,0.0385,8.13,2.365,0.1044,319.25,0.3344,-8.82,5,5
64030,12.48,0.0493,10.1,2.434,0.0617,361.89,0.1134,-11.12,5,5
64270,12.5,0.0793,16.62,2.382,0.0535,360.87,0.2028,-13.84,5,5
64326,12.66,0.124,26.87,2.305,0.0396,209.63,0.1952,-23.53,5,50
65000,12.11,0.0668,14.28,2.338,0.0563,329.64,0.3292,-9.44,4,5
65097,12.05,0.0925,20.36,2.269,0.0814,311.83,0.3975,-13.1,4,50
65109,12.05,0.0891,18.82,2.364,0.0315,10.87,0.203,-14.59,4,50
65111,12.05,0.0215,4.48,2.395,0.0656,334.26,0.2734,-6.86,4,5
65134,12.87,0.0043,1.08,0.788,0.1008,356.25,0.0111,-11.36,4,5
65150,12.53,0.1057,22.35,2.362,0.0546,328.65,0.1301,-20.42,4,50
65174,13.2,0.0366,7.45,2.453,0.0699,362.33,0.0451,-10.79,4,5
65179,12.96,0.0585,12.01,2.431,0.0402,369.93,0.0562,-11.72,4,5
65194,12.26,0.0821,17.44,2.351,0.0589,347.21,0.2728,-13.28,4,5
65205,12.49,0.0412,8.38,2.455,0.1191,351.43,0.1349,-13.97,4,5
65206,12.75,0.0777,16.09,2.41,0.0404,375.85,0.083,-14.42,4,5
65209,12.24,0.0827,17.62,2.345,0.0463,346.87,0.2793,-12.71,4,5
65210,12.06,0.0655,13.81,2.369,0.0792,339.1,0.2799,-11.53,4,5
65211,13.06,0.0691,14.24,2.421,0.0188,375.83,0.0236,-12.76,4,5
65216,12.39,0.1494,33.3,2.242,0.0369,178.05,0.1436,-33.1,4,50
65217,12.72,0.1027,21.57,2.378,0.0491,292.57,0.0639,-19.86,4,50
65223,12.45,0.0441,9.02,2.438,0.0663,360.09,0.1146,-10.81,4,5
65224,12.73,0.0757,15.99,2.363,0.0843,343.88,0.2704,-13.62,4,50
65225,12.46,0.0783,16.28,2.401,0.04,371.95,0.1287,-14.12,4,5
65227,12.49,0.0783,16.26,2.405,0.0451,373.08,0.1149,-14.44,4,5
65228,12.45,0.1622,40.23,2.017,0.035,133.36,0.441,-29.23,4,50
65229,12.73,0.1274,27.52,2.313,0.0279,4.25,0.1254,-25.07,4,50
65232,12.23,0.0946,19.79,2.388,0.0562,331.63,0.0952,-18.08,4,50
65240,12.7,0.066,13.53,2.434,0.1063,360.72,0.125,-16.14,4,5
65243,12.67,0.0859,17.84,2.403,0.0344,382.27,0.0437,-15.9,4,5
65245,12.1,0.0327,6.85,2.385,0.0405,336.21,0.2775,-6.5,4,5
65250,12.77,0.0692,14.17,2.441,0.1032,367.19,0.0596,-16.95,4,50
65257,11.56,0.0461,9.77,2.355,0.0352,328.48,0.3232,-6.46,4,5
65281,12.24,0.1144,25.49,2.242,0.0371,177.22,0.3726,-16.73,4,50
65583,12.8,0.0238,4.87,2.44,0.0499,356.43,0.1276,-8.51,4,5
65590,11.98,0.1006,21.24,2.365,0.0629,356.68,0.1628,-19.17,5,50
65811,12.7,0.0621,12.81,2.421,0.0344,368.67,0.1005,-11.75,4,5
67065,12.01,0.1304,31.16,2.097,0.0352,119.53,0.5311,-14.64,4,50
67548,12.33,0.0037,1.54,0.195,0.1533,330.43,0.2283,-13.75,5,5
68112,12.81,0.0672,13.86,2.421,0.0346,372.27,0.0764,-12.62,4,5
68444,11.62,0.1055,24.08,2.188,0.0721,282.27,0.4768,-12.76,5,50
68519,11.84,0.096,21.01,2.282,0.052,326.38,0.3638,-13.46,5,5
68725,12.28,0.0221,4.54,2.431,0.1117,338.72,0.2211,-10.66,4,5
68766,12.63,0.0349,7.2,2.424,0.0827,346.47,0.2024,-9.81,4,5
68788,12.72,0.0782,16.19,2.412,0.0625,350.35,0.0916,-15.22,4,50
69437,12.09,0.1009,22.98,2.193,0.0288,283.37,0.4826,-9.97,5,5
73637,12.72,0.0523,10.7,2.439,0.1536,338.37,0.209,-17.58,4,5
73641,12.47,0.0385,7.88,2.438,0.0368,362.24,0.0959,-9.32,5,5
73677,11.95,0.0783,16.71,2.341,0.0812,335.3,0.3087,-13.08,5,5
73795,12.13,0.0385,8.22,2.338,0.1027,309.01,0.3762,-7.63,5,5
76804,12.1,0.1224,26.34,2.321,0.0317,36.45,0.1495,-23.34,5,50
76809,12.32,0.0441,9.17,2.4,0.0977,336.9,0.2589,-10.57,5,5
76812,12.05,0.0788,16.68,2.36,0.0978,341.33,0.2773,-14.9,5,50
76819,12.05,0.0877,18.76,2.335,0.0571,344.74,0.291,-13.84,5,5
76820,12.23,0.0796,16.93,2.349,0.0978,335.91,0.2997,-14.35,5,50
76824,12.83,0.0766,15.81,2.418,0.1171,358.57,0.1597,-18.54,5,5
76826,11.93,0.0119,2.57,2.313,0.0341,302.05,0.414,-2.23,5,5
76830,11.99,0.0317,6.91,2.288,0.0846,289.96,0.4471,-4.02,5,5
76834,12.16,0.0413,8.59,2.403,0.0312,348.14,0.2216,-7.91,5,5
76835,12.55,0.1498,33.32,2.247,0.0036,135.44,0.1062,-33.14,5,5
76836,12.18,0.041,8.91,2.298,0.0546,300.06,0.4231,-4.08,5,5
76837,12.37,0.0047,1.25,1.655,0.0671,310.74,0.3751,-4.2,5,5
76838,12.56,0.0892,19.33,2.307,0.0927,325.25,0.3492,-14.47,5,50
76840,12.97,0.0588,12.05,2.438,0.0742,366.7,0.0698,-13.25,5,5
76857,11.06,0.0636,13.73,2.313,0.0465,317.18,0.3751,-7.48,5,5
76867,10.49,0.0513,11.35,2.258,0.038,138.3,0.467,-2.99,5,50
77860,12.83,0.1384,30.11,2.296,0.0329,67.98,0.0375,-29.57,5,50
77891,12.82,0.1044,22.26,2.337,0.1627,336.25,0.269,-28.34,5,50
77894,12.32,0.0983,22.23,2.208,0.0441,220.32,0.4678,-10.19,5,50
77897,12.42,0.0547,11.23,2.434,0.0787,361.14,0.121,-12.61,5,5
77902,12.52,0.0631,13.04,2.414,0.0323,365.98,0.1333,-11.51,5,5
77906,12.66,0.1416,31.0,2.281,0.0299,417.19,0.0814,-30.8,5,5
77914,11.86,0.0911,19.67,2.313,0.0252,340.25,0.319,-12.75,5,5
77916,12.65,0.0475,9.76,2.431,0.0399,362.81,0.1137,-10.08,5,5
79444,12.56,0.06,12.46,2.403,0.0593,354.69,0.1986,-11.22,4,5
80119,11.53,0.0085,1.89,1.871,0.0912,269.61,0.5067,-1.58,5,5
80251,13.06,0.1545,34.56,2.232,0.0392,204.34,0.0821,-36.15,4,50
80302,12.22,0.0672,14.19,2.363,0.0414,343.7,0.2746,-10.15,4,5
80638,12.27,0.035,7.11,2.462,0.0992,357.72,0.0727,-12.38,4,5
82055,11.76,0.0726,16.92,2.144,0.0876,237.92,0.5813,-3.58,5,50
83975,12.61,0.0419,8.59,2.434,0.0891,351.75,0.1678,-11.31,4,5
83977,12.54,0.1217,26.16,2.324,0.0491,300.13,0.1517,-24.06,4,50
83978,12.63,0.0634,12.94,2.447,0.1066,365.13,0.0578,-16.15,4,50
83979,12.26,0.0132,2.7,2.442,0.0435,355.82,0.1264,-7.9,4,5
83980,12.16,0.0229,4.7,2.436,0.0884,346.79,0.1842,-9.67,4,5
83981,12.55,0.0935,19.6,2.384,0.0237,382.4,0.1064,-16.76,4,5
83983,12.06,0.0156,2.2,0.053,0.0654,97.5,0.8173,12.46,4,50
83984,12.27,0.1466,32.35,2.263,0.0276,4.25,0.0777,-32.18,4,50
84709,12.16,0.0714,15.14,2.357,0.0409,343.82,0.2794,-10.66,5,5
85030,12.23,0.1625,39.16,2.072,0.0472,318.96,0.3912,-33.15,4,5
85394,12.6,0.0388,7.92,2.445,0.0593,362.14,0.0779,-10.29,4,5
85498,12.96,0.0537,11.05,2.429,0.0193,367.64,0.0849,-10.51,4,5
85798,11.94,0.0751,17.2,2.179,0.0614,257.64,0.5414,-4.39,4,5
85807,12.06,0.0407,8.95,2.273,0.0391,290.02,0.4585,-2.59,4,5
85822,12.6,0.0439,9.03,2.43,0.0862,351.81,0.1733,-11.25,4,5
86377,12.35,0.108,23.16,2.328,0.0195,371.43,0.2225,-18.37,4,5
88227,12.13,0.0591,12.3,2.4,0.0174,357.87,0.1901,-10.0,4,5
88229,12.4,0.097,20.37,2.379,0.0562,379.47,0.1302,-18.55,4,5
88240,13.14,0.0688,14.36,2.391,0.0359,358.82,0.1993,-11.56,4,5
88241,12.47,0.036,7.34,2.448,0.0796,357.61,0.1092,-10.87,4,5
88245,12.75,0.0591,12.18,2.425,0.0685,362.29,0.1329,-12.46,4,5
88775,13.06,0.0921,19.15,2.402,0.0804,378.75,0.0828,-19.34,5,5
89829,12.07,0.03,6.19,2.421,0.0986,339.9,0.2292,-10.02,4,5
89836,13.08,0.1529,34.03,2.245,0.0312,431.25,0.0205,-35.72,4,5
89841,12.42,0.0854,18.14,2.35,0.0153,354.99,0.2539,-12.91,4,5
89844,12.62,0.0289,6.06,2.381,0.137,314.95,0.3303,-10.82,4,5
89852,13.04,0.0491,10.06,2.439,0.0478,366.54,0.0574,-10.9,4,5
89858,12.22,0.0024,0.8,1.235,0.0635,349.45,0.1709,-7.99,4,5
89871,12.68,0.0531,11.0,2.41,0.0363,357.11,0.179,-9.84,4,5
89872,12.3,0.0429,8.73,2.451,0.0871,360.04,0.0847,-12.14,4,5
89878,13.21,0.0863,17.91,2.406,0.0421,382.79,0.0155,-16.33,4,5
89886,12.81,0.0344,7.11,2.414,0.0154,351.42,0.195,-7.52,4,5
89898,13.4,0.1001,20.98,2.382,0.0156,391.59,0.0245,-18.49,4,5
89913,13.02,0.0395,8.06,2.445,0.0381,365.52,0.0318,-9.76,4,5
89918,12.93,0.0938,19.67,2.381,0.0386,380.04,0.1236,-17.14,4,5
89922,13.26,0.0845,17.56,2.402,0.0326,380.03,0.0756,-15.46,4,5
89924,12.66,0.0685,14.11,2.424,0.0401,374.6,0.0289,-13.2,4,5
89927,12.89,0.0816,16.85,2.419,0.0798,375.73,0.0552,-17.4,4,5
89934,12.37,0.043,8.81,2.44,0.0878,355.33,0.14,-11.69,4,5
89935,12.92,0.0558,11.41,2.441,0.0662,367.7,0.0422,-12.58,4,5
89938,12.46,0.0249,5.59,2.225,0.0399,265.79,0.5273,0.53,4,5
89940,12.35,0.051,11.1,2.294,0.0958,296.38,0.4263,-6.95,4,5
90337,11.72,0.0291,6.16,2.362,0.1117,314.01,0.3492,-8.29,4,5
90380,12.47,0.0612,12.48,2.45,0.1477,349.1,0.1522,-19.31,5,5
90569,12.66,0.0908,18.93,2.396,0.0568,380.69,0.0858,-17.63,4,5
95569,12.73,0.0975,20.4,2.387,0.0279,389.74,0.0169,-18.19,4,5
96295,12.56,0.0443,9.02,2.455,0.0898,361.72,0.0541,-12.65,5,5
96337,12.7,0.1556,34.94,2.224,0.0108,425.44,0.0978,-35.74,5,5
97893,12.24,0.0686,14.22,2.409,0.0566,364.62,0.1491,-13.01,5,5
97973,12.71,0.0363,7.55,2.403,0.072,340.6,0.2458,-8.59,5,5
98037,12.49,0.0734,15.27,2.399,0.0161,368.33,0.1504,-12.5,5,5
98116,12.0,0.0062,1.53,2.116,0.0848,332.9,0.2677,-7.51,5,5
98139,12.44,0.0529,10.87,2.43,0.0662,361.1,0.1284,-11.6,5,5
98143,12.35,0.1215,25.94,2.339,0.0243,403.9,0.0588,-24.07,5,5
98153,12.07,0.1068,22.55,2.366,0.0372,390.75,0.0931,-20.39,5,5
98361,12.46,0.0929,19.48,2.382,0.0659,373.68,0.1508,-17.98,5,5
98362,12.36,0.1224,28.16,2.171,0.034,294.07,0.4557,-16.08,5,5
99306,12.48,0.1485,32.85,2.259,0.043,421.98,0.0782,-34.23,5,5
99308,12.3,0.1046,23.98,2.178,0.0643,275.98,0.4924,-11.67,5,5
99309,12.47,0.1268,27.56,2.299,0.0401,386.27,0.1959,-24.69,5,5
99311,12.32,0.0484,10.07,2.399,0.0881,340.33,0.2506,-10.53,5,5
99323,12.7,0.0582,12.27,2.37,0.0515,339.74,0.2799,-9.22,5,5
99327,12.52,0.1061,22.37,2.368,0.0198,392.56,0.074,-19.73,5,5
99328,12.35,0.0152,3.17,2.403,0.0912,331.65,0.2731,-7.98,5,5
99334,11.87,0.1107,25.34,2.18,0.0445,284.92,0.4757,-12.8,5,5
99368,12.44,0.0944,19.81,2.382,0.0419,380.02,0.1236,-17.35,5,5
99464,12.73,0.0504,10.27,2.453,0.0902,363.94,0.0325,-13.42,4,5
99943,11.71,0.0789,16.39,2.404,0.1372,347.69,0.2123,-20.23,5,5
99950,12.41,0.0723,15.6,2.315,0.0644,321.19,0.3619,-9.78,4,5
100475,12.65,0.1495,33.11,2.255,0.0171,427.04,0.0572,-33.61,4,5
100619,12.64,0.0793,16.92,2.34,0.074,336.63,0.3074,-12.82,4,5
100624,12.72,0.0564,11.53,2.444,0.0885,363.85,0.0787,-13.81,4,5
101405,13.16,0.0782,16.26,2.402,0.0445,371.44,0.1302,-14.25,4,5
101466,12.34,0.0773,16.17,2.387,0.0407,363.94,0.185,-13.28,4,5
101492,12.17,0.0396,8.52,2.321,0.0263,311.75,0.3866,-4.2,4,5
101612,12.47,0.0398,8.64,2.303,0.1232,291.7,0.4286,-7.74,4,5
103508,12.87,0.1413,30.87,2.286,0.0288,419.65,0.0519,-30.82,4,5
103989,12.05,0.1577,35.45,2.223,0.039,433.84,0.0394,-38.26,4,5
105654,12.94,0.062,12.66,2.446,0.1155,359.85,0.1056,-16.56,5,5
105685,12.57,0.074,15.59,2.37,0.0975,341.05,0.2711,-14.3,5,5
105694,12.16,0.0366,7.91,2.31,0.0668,302.33,0.4116,-4.53,5,5
105720,12.35,0.0804,16.81,2.388,0.0113,369.92,0.1602,-13.48,5,5
105746,12.73,0.0616,13.22,2.327,0.0611,320.73,0.3578,-8.23,5,5
105803,12.42,0.0597,13.31,2.241,0.0595,280.49,0.4846,-4.23,5,5
105808,11.82,0.0474,10.89,2.175,0.0553,246.9,0.1256,-0.18,5,5
105896,12.26,0.0518,10.67,2.423,0.0802,354.25,0.1733,-11.72,5,5
105901,12.52,0.0757,16.05,2.355,0.0379,346.44,0.274,-11.34,5,5
105904,12.66,0.0339,6.95,2.435,0.0567,356.24,0.1409,-9.25,5,5
106001,12.48,0.0567,11.76,2.41,0.0535,356.96,0.1801,-10.84,5,5
106060,12.44,0.0287,6.07,2.364,0.0295,327.12,0.3201,-5.1,5,5
106091,12.68,0.0558,11.52,2.418,0.0074,333.31,0.1302,-10.23,5,5
106143,12.29,0.132,28.87,2.284,0.0223,391.18,0.1956,-25.72,5,5
106160,12.42,0.1072,23.04,2.323,0.0277,366.52,0.2407,-18.03,5,5
107004,12.59,0.0883,18.61,2.369,0.0661,361.47,0.2125,-16.01,4,5
107134,12.95,0.076,15.73,2.412,0.0366,375.73,0.0772,-14.05,4,5
107178,11.97,0.0677,14.53,2.328,0.0959,318.97,0.3555,-11.13,4,5
107804,12.17,0.1367,29.85,2.288,0.0241,407.0,0.1304,-28.32,4,5
109266,13.61,0.0149,3.13,2.156,0.1817,283.98,0.4211,-12.01,5,5
109549,12.23,0.099,21.8,2.267,0.035,322.99,0.3791,-13.01,5,5
110359,12.99,0.048,9.69,2.475,0.1335,356.76,0.0399,-16.84,5,5
110380,12.27,0.0139,2.94,2.354,0.119,307.26,0.3696,-7.57,5,5
110563,12.94,0.0904,18.86,2.394,0.033,382.99,0.0751,-16.61,5,5
110829,12.89,0.0559,11.47,2.433,0.0445,368.58,0.0616,-11.53,5,5
110832,12.91,0.0302,6.17,2.446,0.0239,363.75,0.0469,-8.71,5,5
110859,12.99,0.0861,17.89,2.403,0.0323,382.73,0.0382,-15.92,5,5
111113,12.66,0.1467,32.59,2.249,0.0166,410.16,0.1541,-31.42,5,5
111198,13.28,0.1311,28.23,2.318,0.0512,410.73,0.0395,-28.78,5,5
111231,13.15,0.1493,33.04,2.257,0.0174,427.37,0.0504,-33.56,5,5
111571,12.94,0.1208,25.78,2.34,0.029,402.65,0.0678,-24.03,4,5
111736,12.93,0.1348,29.29,2.298,0.0279,408.72,0.1083,-28.05,4,5
111770,12.93,0.0993,20.84,2.38,0.0467,385.54,0.0935,-18.96,4,5
111771,13.11,0.1367,29.63,2.303,0.0549,414.62,0.034,-30.92,4,5
111785,13.19,0.1464,32.28,2.266,0.0248,422.72,0.0707,-32.53,4,5
111805,12.61,0.1032,21.76,2.368,0.0494,383.77,0.1277,-19.68,4,5
111806,13.7,0.0914,19.04,2.398,0.0413,385.37,0.0246,-17.32,4,5
111819,12.54,0.0251,5.65,2.219,0.0621,261.59,0.0343,0.43,4,5
111932,12.83,0.0739,15.38,2.4,0.0539,365.12,0.1617,-13.55,4,5
114141,12.17,0.0795,16.98,2.337,0.0838,333.63,0.3151,-13.28,5,5
114208,12.26,0.0638,14.02,2.273,0.0718,295.77,0.4384,-6.76,5,5
114345,12.04,0.0968,20.94,2.308,0.0215,344.09,0.3119,-13.98,5,5
114694,11.95,0.013,2.45,1.411,0.1926,292.31,0.3817,-14.52,4,5
114710,12.47,0.0713,15.91,2.238,0.0127,287.42,0.4725,-5.04,4,5
116134,12.56,0.0802,16.65,2.406,0.0656,371.67,0.1205,-15.72,5,5
116238,12.6,0.0347,7.1,2.441,0.1001,348.97,0.1694,-11.43,5,5
116439,13.13,0.0757,15.93,2.375,0.1089,341.71,0.2627,-15.71,5,5
116567,13.01,0.1515,33.8,2.239,0.0211,421.74,0.1121,-34.09,5,5
116901,12.61,0.1181,25.49,2.314,0.0403,378.13,0.2103,-21.86,4,5
116930,12.17,0.0693,14.78,2.341,0.0531,333.08,0.3188,-9.91,4,5
116954,12.99,0.0366,7.45,2.45,0.1154,348.85,0.156,-12.96,4,5
116969,12.22,0.0062,1.54,1.605,0.0967,278.22,0.479,-2.74,4,5
116970,13.49,0.1035,21.77,2.374,0.0237,391.41,0.0672,-19.27,4,5
117385,12.04,0.1119,24.03,2.325,0.0158,376.68,0.2081,-19.55,5,5
117389,12.4,0.0501,10.85,2.305,0.0305,308.13,0.4026,-4.79,5,5
117395,12.72,0.0693,14.48,2.391,0.0124,361.08,0.1914,-11.3,5,5
117404,12.18,0.0885,19.26,2.293,0.0443,325.53,0.3631,-11.67,5,5
117423,12.22,0.0425,8.67,2.447,0.1063,352.76,0.1417,-12.96,5,5
117446,12.53,0.0245,5.0,2.451,0.0598,359.29,0.0832,-9.3,5,5
117447,11.83,0.0495,10.95,2.258,0.0119,287.0,0.471,-2.54,5,5
117832,13.04,0.0945,19.88,2.373,0.0384,375.79,0.1575,-16.83,4,5
117851,12.61,0.0469,9.79,2.394,0.066,342.03,0.2511,-9.14,4,5
118815,12.27,0.0631,12.81,2.461,0.1297,361.71,0.0378,-18.58,5,5
119528,12.09,0.0303,6.29,2.409,0.0895,337.58,0.2487,-9.09,5,5
120453,13.28,0.0574,11.99,2.392,0.0979,339.74,0.2577,-12.13,5,5
120454,12.77,0.0517,10.85,2.382,0.0163,344.73,0.2555,-8.07,5,5
122391,12.62,0.0141,2.91,2.421,0.1105,334.59,0.244,-9.82,5,5
122460,12.08,0.0113,2.37,2.385,0.0584,329.64,0.296,-5.75,5,5
122581,12.04,0.0591,12.3,2.401,0.0562,353.76,0.2045,-10.88,5,5
122592,12.15,0.0534,11.87,2.249,0.0282,283.71,0.4787,-2.86,5,5
122733,12.49,0.097,21.27,2.277,0.0577,323.51,0.3716,-13.68,5,5
122860,12.42,0.0295,6.17,2.39,0.0175,339.35,0.263,-6.11,5,5
122862,12.69,0.0653,13.66,2.387,0.0575,351.45,0.2278,-11.38,5,5
122962,12.52,0.1108,23.43,2.362,0.0319,396.24,0.0605,-21.44,5,5
124695,12.63,0.0833,17.53,2.372,0.0477,361.08,0.2124,-14.14,5,5
124696,12.86,0.0804,16.65,2.409,0.0436,377.91,0.0673,-15.11,5,5
124729,12.72,0.0446,9.12,2.442,0.0927,355.35,0.1379,-12.19,5,5
124985,12.32,0.0535,11.07,2.413,0.0768,351.42,0.1985,-11.32,5,5
125045,12.23,0.1006,22.39,2.243,0.04,310.81,0.4128,-12.48,5,5
125048,12.53,0.066,13.99,2.354,0.0612,335.88,0.3016,-10.15,5,5
125059,12.77,0.0335,6.87,2.434,0.0611,354.71,0.1512,-9.29,5,5
125062,12.59,0.0829,17.7,2.34,0.0547,343.18,0.2923,-12.82,5,5
125106,12.96,0.0921,19.17,2.4,0.0615,382.98,0.0535,-18.35,5,5
125159,12.2,0.0381,7.93,2.396,0.0246,344.47,0.2409,-7.19,5,5
127532,12.87,0.0697,14.49,2.401,0.0427,363.64,0.1669,-12.38,5,5
127534,12.37,0.0284,5.88,2.416,0.0879,340.08,0.2338,-9.15,5,5
127846,12.52,0.0812,16.92,2.397,0.0413,372.83,0.1315,-14.66,4,5
128299,11.6,0.0733,15.77,2.321,0.0587,325.58,0.3487,-10.02,5,5
128301,12.22,0.0967,21.5,2.247,0.0201,310.1,0.4161,-11.11,5,5
128383,13.16,0.0576,11.92,2.415,0.0708,356.29,0.1766,-11.83,4,5
129130,13.16,0.1028,21.57,2.38,0.0378,392.11,0.0283,-19.72,5,5
129133,12.22,0.047,10.07,2.333,0.0775,314.09,0.3698,-7.06,5,5
129134,12.28,0.0685,14.37,2.379,0.0268,353.47,0.2315,-10.76,5,5
129135,12.16,0.098,22.61,2.163,0.0102,264.11,0.5264,-7.54,5,5
129137,13.06,0.0989,20.98,2.354,0.0262,372.77,0.1928,-16.91,5,5
129140,12.69,0.0264,5.43,2.43,0.0361,354.43,0.1569,-7.9,5,5
129142,13.11,0.0174,3.52,2.47,0.0954,357.27,0.032,-11.24,5,5
129144,12.21,0.089,19.86,2.238,0.0445,222.49,0.4439,-9.36,5,50
129145,12.73,0.0714,15.17,2.35,0.0929,332.07,0.3108,-12.43,5,50
129147,12.41,0.0528,11.15,2.364,0.0255,336.47,0.2951,-7.54,5,5
129153,12.55,0.0328,7.16,2.292,0.048,229.64,0.4374,-2.68,5,50
129207,12.95,0.1517,33.72,2.247,0.0268,428.19,0.0591,-34.83,4,5
129583,12.75,0.0988,20.73,2.381,0.0487,287.36,0.0912,-18.67,4,50
129602,12.24,0.0889,19.05,2.33,0.0674,341.48,0.3014,-14.36,4,5
130190,12.09,0.0853,18.19,2.342,0.0429,348.16,0.2784,-13.09,4,5
130588,12.56,0.0418,9.45,2.21,0.059,250.41,0.5374,-0.58,5,50
130592,12.58,0.081,17.48,2.315,0.0556,328.82,0.3439,-11.27,5,5
130648,12.98,0.1293,27.94,2.309,0.0303,21.08,0.1098,-25.97,5,50
130687,12.29,0.0583,12.46,2.336,0.0668,322.19,0.3487,-8.31,5,5
131447,11.85,0.0385,8.74,2.199,0.0428,170.07,0.5519,0.69,5,50
131451,12.47,0.1161,26.58,2.181,0.049,254.3,0.4583,-14.85,5,50
131460,12.49,0.0911,20.55,2.214,0.0376,147.01,0.4752,-8.22,5,50
131539,13.23,0.0424,8.65,2.447,0.0604,364.39,0.0454,-10.81,5,5
131546,13.57,0.1293,27.92,2.313,0.0348,125.87,0.1004,-26.15,5,50
131581,13.21,0.0778,16.13,2.408,0.007,331.47,0.0725,-13.82,5,5
131635,12.91,0.1314,28.32,2.318,0.0555,344.14,0.0437,-28.61,5,50
133566,12.24,0.1143,26.24,2.176,0.0407,286.41,0.4725,-13.65,5,5
133853,12.48,0.0775,16.5,2.346,0.0384,343.71,0.2879,-11.36,5,5
133862,12.45,0.104,23.81,2.179,0.0445,277.38,0.4936,-10.65,5,5
134077,12.54,0.0506,10.63,2.376,0.0712,335.07,0.2871,-9.06,5,5
134251,12.24,0.0753,16.59,2.268,0.0484,245.25,0.4266,-7.53,5,50
134269,13.21,0.0471,9.6,2.449,0.0746,364.32,0.0454,-12.01,5,5
134329,12.46,0.0396,8.34,2.372,0.0375,333.16,0.2976,-6.52,5,5
134419,12.48,0.06,12.17,2.462,0.1607,348.76,0.1329,-20.49,5,50
134720,11.77,0.0386,8.54,2.254,0.0775,278.12,0.485,-2.95,4,5
134749,12.03,0.0751,16.22,2.311,0.0759,319.36,0.3662,-10.68,4,5
134767,12.71,0.1138,24.32,2.337,0.028,4.25,0.1534,-20.77,4,50
134957,12.08,0.1195,25.71,2.319,0.0429,242.55,0.1774,-22.89,4,50
134965,12.14,0.108,24.74,2.18,0.0189,283.22,0.4831,-11.28,4,5
135540,12.61,0.0807,17.01,2.368,0.0331,358.27,0.2266,-12.92,4,5
135547,12.35,0.0602,12.96,2.318,0.0564,316.34,0.3741,-7.45,4,5
135593,13.07,0.095,19.89,2.385,0.0075,354.26,0.0788,-17.05,4,5
135594,12.61,0.0993,20.98,2.363,0.0338,71.91,0.1535,-17.66,4,50
136557,12.65,0.0591,12.29,2.399,0.0183,356.98,0.1958,-9.92,4,5
137879,12.09,0.0793,16.73,2.367,0.0504,285.6,0.2371,-12.87,4,50
137954,12.67,0.1299,28.06,2.314,0.0286,4.25,0.0879,-26.23,4,50
138031,13.35,0.15,33.23,2.255,0.0278,427.77,0.044,-34.24,4,5
138981,12.91,0.1251,26.87,2.326,0.0343,94.54,0.0972,-24.84,4,50
139009,12.4,0.0897,18.72,2.393,0.0342,381.48,0.0896,-16.41,4,5
141523,12.98,0.1382,30.06,2.296,0.0315,39.88,0.0247,-29.56,4,50
141577,12.73,0.1236,26.48,2.332,0.0317,32.53,0.0689,-24.61,4,50
141584,12.76,0.1592,35.96,2.211,0.0339,107.79,0.0773,-37.94,4,50
144840,12.51,0.1235,26.41,2.334,0.0761,394.04,0.1103,-27.24,4,50
150872,13.27,0.1287,27.71,2.324,0.0663,381.05,0.0986,-27.76,5,50
150876,13.45,0.0929,19.4,2.392,0.0388,384.41,0.0685,-17.36,5,5
151883,13.07,0.1502,33.3,2.252,0.0447,273.11,0.0763,-34.66,5,50
151884,12.67,0.1154,25.01,2.304,0.0112,369.18,0.2473,-19.64,5,5
152297,13.08,0.1141,24.53,2.323,0.0384,186.82,0.2037,-20.6,5,50
152517,13.44,0.1283,27.58,2.324,0.0409,220.48,0.0507,-26.54,5,50
152519,12.59,0.0549,11.77,2.329,0.0819,314.87,0.369,-8.17,5,5
153083,12.18,0.074,15.91,2.324,0.067,326.12,0.3449,-10.61,5,5
153107,12.62,0.07,14.61,2.391,0.0421,359.03,0.1984,-11.94,5,5
153122,12.29,0.0248,5.17,2.395,0.0601,335.7,0.2695,-6.86,5,5
153141,12.61,0.0892,19.17,2.324,0.0236,344.65,0.3009,-12.77,5,5
153155,12.41,0.0457,9.49,2.402,0.0724,343.93,0.2362,-9.6,5,5
153464,12.47,0.1275,27.57,2.306,0.0465,283.57,0.1541,-25.78,5,50
153500,12.76,0.1238,27.1,2.281,0.0335,108.64,0.257,-21.98,5,50
153708,12.6,0.0445,9.13,2.432,0.0673,357.46,0.1418,-10.62,5,5
153755,13.55,0.0557,11.32,2.458,0.1151,361.01,0.0599,-15.97,5,5
153757,13.55,0.0299,6.08,2.459,0.0901,357.66,0.0772,-11.33,5,5
153758,12.95,0.0629,12.96,2.426,0.0312,371.65,0.0623,-12.01,5,5
154417,12.11,0.0807,18.22,2.211,0.0419,190.67,0.4939,-6.15,5,50
154632,12.55,0.0889,19.82,2.238,0.0295,4.25,0.4427,-8.81,5,50
154989,12.88,0.0483,9.78,2.467,0.1613,343.63,0.1524,-18.78,5,50
154990,12.89,0.0367,7.6,2.414,0.0456,349.57,0.2028,-8.24,5,5
154992,12.52,0.0758,15.79,2.398,0.0317,368.82,0.15,-13.21,5,5
155326,12.66,0.1073,23.47,2.282,0.0655,334.1,0.3328,-17.38,5,50
155327,13.41,0.0594,12.21,2.431,0.0885,361.04,0.1278,-13.62,5,50
155332,13.3,0.086,17.79,2.414,0.0857,375.97,0.0716,-18.57,5,5
155337,12.59,0.0238,5.01,2.377,0.0422,330.29,0.3011,-5.55,5,5
155415,13.34,0.0597,12.15,2.454,0.1105,363.47,0.0465,-16.17,5,5
155427,13.74,0.0295,6.11,2.408,0.0229,346.64,0.2203,-6.91,5,5
155786,12.27,0.0709,15.34,2.308,0.0662,316.87,0.3754,-9.29,5,5
155789,12.86,0.0043,1.17,0.602,0.1198,347.15,0.1371,-12.05,5,5
156098,13.47,0.0629,12.96,2.425,0.0754,363.32,0.1283,-13.41,5,5
156123,13.26,0.0959,20.31,2.358,0.077,363.15,0.2154,-18.14,5,50
156125,12.99,0.0933,20.15,2.311,0.0371,340.74,0.3174,-13.52,5,5
156185,12.72,0.0753,17.48,2.15,0.0538,222.47,0.5742,-2.75,5,50
156188,12.87,0.0284,5.8,2.446,0.0494,266.71,0.0808,-8.9,5,50
156210,12.99,0.0486,10.2,2.377,0.0417,339.07,0.2759,-7.88,5,5
156222,13.65,0.1507,33.5,2.246,0.0397,211.95,0.0961,-34.42,5,50
156237,13.37,0.0253,5.09,2.487,0.1432,349.72,0.0724,-15.59,5,5
156250,13.72,0.0295,5.91,2.493,0.1511,349.76,0.052,-16.83,5,5
156252,13.4,0.0328,6.71,2.438,0.0232,361.13,0.1026,-8.55,5,5
156293,12.85,0.056,11.42,2.449,0.105,361.69,0.0823,-14.81,5,50
156294,13.42,0.037,7.54,2.451,0.0733,360.88,0.073,-10.87,5,5
156730,13.21,0.084,17.41,2.409,0.0493,380.8,0.0322,-16.17,5,5
157468,13.23,0.0729,15.16,2.401,0.0727,360.69,0.1786,-14.15,5,5
157469,12.6,0.0426,9.17,2.32,0.0726,307.89,0.3922,-5.81,5,5
157470,13.47,0.0388,7.93,2.445,0.0567,362.3,0.0783,-10.17,5,5
157471,13.66,0.0352,7.17,2.453,0.0782,360.15,0.072,-10.99,5,5
157730,14.11,0.1328,28.76,2.307,0.0348,124.79,0.088,-27.49,5,50
157740,13.37,0.1003,21.02,2.384,0.0429,232.06,0.0383,-18.94,5,50
157741,12.89,0.0388,7.99,2.428,0.0737,351.57,0.1767,-10.0,5,5
158231,13.29,0.0501,10.31,2.428,0.0522,361.09,0.1315,-10.62,5,5
158333,13.58,0.0335,6.78,2.464,0.0973,358.81,0.0469,-12.24,5,5
158336,13.49,0.1378,30.03,2.293,0.0167,415.15,0.0793,-29.04,5,5
158601,12.71,0.0501,10.34,2.418,0.1044,345.01,0.2144,-12.53,5,5
159162,13.19,0.0154,3.1,2.449,0.1173,353.32,0.0685,-12.48,5,50
159163,13.63,0.0683,14.05,2.428,0.058,372.77,0.0439,-13.85,5,5
159340,13.39,0.1128,24.17,2.332,0.0309,15.58,0.1832,-20.2,5,50
159342,11.64,0.046,10.31,2.231,0.0568,254.81,0.5091,-1.78,5,50
159378,13.29,0.0881,18.38,2.393,0.036,379.07,0.1059,-16.01,4,5
159633,12.52,0.0959,20.18,2.373,0.0351,378.37,0.1461,-17.18,4,5
159658,12.64,0.0613,12.62,2.425,0.0275,370.63,0.0728,-11.66,4,5
160135,12.02,0.0521,11.02,2.362,0.0903,326.26,0.3194,-9.59,4,5
160140,12.19,0.0564,12.33,2.284,0.0549,299.54,0.4289,-5.42,4,5
160164,13.19,0.0295,6.04,2.441,0.0869,350.86,0.1592,-10.31,5,5
160465,13.6,0.0798,16.45,2.422,0.0826,375.78,0.0321,-17.16,5,50
160527,12.4,0.0296,6.06,2.437,0.0494,356.56,0.133,-8.74,4,5
160528,12.58,0.0474,9.65,2.453,0.0885,362.54,0.0557,-12.87,4,5
160533,12.4,0.0729,15.15,2.401,0.049,365.53,0.1583,-13.2,4,5
160534,12.58,0.0469,9.64,2.432,0.1235,343.69,0.2011,-14.01,4,5
160661,13.26,0.0768,15.95,2.403,0.0429,370.83,0.1314,-13.93,4,5
160679,12.31,0.0717,15.06,2.378,0.0454,353.9,0.2299,-11.8,4,5
160856,12.64,0.0842,17.54,2.399,0.0616,372.98,0.1278,-16.17,4,5
161003,12.3,0.0408,9.13,2.232,0.0475,213.84,0.5116,-0.98,4,50
161017,12.6,0.1138,24.32,2.339,0.0293,4.25,0.1554,-20.59,4,50
161018,12.47,0.1204,25.97,2.315,0.0106,385.72,0.1842,-22.19,4,5
161020,13.43,0.0449,9.18,2.441,0.0261,367.56,0.0203,-9.97,4,5
161024,12.46,0.0399,8.53,2.337,0.0465,317.07,0.3637,-5.29,4,5
161027,12.8,0.0431,8.83,2.439,0.0676,359.52,0.1174,-10.76,4,5
161044,12.4,0.0521,10.87,2.395,0.0217,350.5,0.2252,-8.74,4,5
161484,12.54,0.0308,6.45,2.381,0.0541,332.31,0.2918,-6.52,4,5
161489,12.87,0.0889,18.57,2.391,0.0524,307.22,0.1198,-16.43,4,50
161646,13.79,0.1089,22.9,2.375,0.0642,393.49,0.0225,-22.64,5,5
161664,12.68,0.1224,26.55,2.302,0.0045,226.28,0.2104,-22.24,5,5
161701,12.82,0.0988,21.14,2.334,0.0467,358.69,0.2534,-16.48,4,5
161717,12.37,0.0975,21.09,2.308,0.0347,343.9,0.3114,-14.47,4,5
161916,12.87,0.1129,23.93,2.356,0.0203,397.27,0.071,-21.52,5,5
162046,13.19,0.0825,17.12,2.407,0.0264,381.27,0.0368,-15.09,4,5
162047,12.58,0.0522,10.74,2.428,0.0369,364.9,0.1064,-10.56,4,5
162048,13.09,0.0514,10.51,2.441,0.0634,365.72,0.0642,-11.79,4,5
162352,12.79,0.0857,17.78,2.406,0.0433,382.24,0.0258,-16.26,4,5
162380,12.82,0.0563,11.54,2.437,0.0619,367.25,0.0658,-12.29,4,5
162388,12.48,0.0666,13.6,2.445,0.1061,365.94,0.0577,-16.78,4,5
162396,12.87,0.0914,19.06,2.394,0.0111,386.08,0.0329,-16.55,4,5
162805,12.27,0.0108,2.32,2.321,0.0706,302.74,0.4047,-3.65,4,5
162811,13.01,0.0688,14.22,2.416,0.0077,346.47,0.082,-12.35,4,5
162822,12.57,0.0462,10.0,2.308,0.0293,308.1,0.4015,-4.43,4,5
162851,12.38,0.0449,9.3,2.41,0.0234,353.84,0.191,-8.54,4,5
162861,12.13,0.003,1.1,1.139,0.1184,281.07,0.463,-4.62,4,5
163102,12.85,0.0874,18.22,2.395,0.0341,379.95,0.0938,-15.92,4,5
163135,12.63,0.0809,16.85,2.398,0.04,372.89,0.1305,-14.56,4,5
163155,12.59,0.0602,12.4,2.426,0.0246,370.38,0.0726,-11.46,4,5
163189,12.98,0.0905,18.93,2.389,0.0574,332.64,0.1283,-16.88,4,50
163196,12.73,0.0786,16.37,2.396,0.0475,368.69,0.1525,-14.17,4,5
163208,13.29,0.0603,12.36,2.437,0.0669,368.77,0.0518,-13.13,4,5
163216,12.64,0.09,18.83,2.387,0.0401,377.6,0.1263,-16.33,4,5
163238,12.38,0.1177,25.25,2.328,0.0329,55.32,0.1584,-22.05,4,50
163240,12.47,0.1066,22.32,2.385,0.1642,357.74,0.174,-31.94,4,50
163245,12.51,0.1431,31.33,2.281,0.0292,422.31,0.0318,-31.61,4,5
163256,12.49,0.1037,22.09,2.345,0.053,314.01,0.2044,-18.66,4,50
163263,12.31,0.0876,19.35,2.26,0.0426,307.8,0.4164,-9.92,4,5
163702,12.23,0.1023,22.26,2.294,0.0474,340.75,0.3242,-15.67,4,5
163731,12.74,0.1092,23.38,2.333,0.0771,366.25,0.2229,-21.22,4,50
164208,12.51,0.0584,11.98,2.434,0.0778,363.77,0.1047,-13.16,4,5
164210,12.8,0.0352,7.21,2.44,0.0156,363.4,0.0757,-8.77,4,5
164212,12.93,0.0785,16.33,2.401,0.0212,374.55,0.1131,-13.82,4,5
164585,12.78,0.0884,18.83,2.345,0.0255,354.71,0.2588,-13.57,4,5
165531,12.84,0.0865,18.14,2.381,0.0376,156.62,0.1612,-14.9,4,50
165551,12.61,0.1421,31.16,2.278,0.0148,417.57,0.0892,-30.45,4,5
165569,13.12,0.1099,23.23,2.364,0.0494,295.97,0.0774,-21.45,4,50
166115,13.9,0.0349,7.02,2.483,0.1324,354.77,0.0137,-15.45,4,5
166123,12.94,0.0641,13.09,2.446,0.1176,361.33,0.0945,-17.0,4,50
166136,13.33,0.0749,15.42,2.428,0.0774,373.42,0.0081,-25.18,4,50
166148,12.96,0.0115,2.49,2.306,0.1144,290.5,0.4333,-5.37,4,5
166211,12.92,0.0846,17.65,2.394,0.0457,374.31,0.1293,-15.47,4,5
166230,13.03,0.0916,18.99,2.409,0.0961,377.28,0.0732,-20.42,4,50
166285,13.18,0.0883,18.42,2.395,0.0413,379.68,0.0972,-16.32,4,5
166351,12.52,0.123,26.64,2.306,0.0067,336.58,0.1933,-22.74,4,5
167686,12.2,0.105,24.01,2.184,0.0682,278.49,0.4856,-11.94,4,50
168033,12.63,0.0475,9.64,2.463,0.1195,357.11,0.0802,-15.21,4,5
168280,13.1,0.1116,23.59,2.364,0.0502,304.12,0.0464,-22.13,4,50
168362,12.68,0.046,9.43,2.435,0.0484,362.86,0.1029,-10.31,4,5
168364,12.8,0.0249,5.1,2.436,0.0847,348.19,0.1781,-9.64,4,5
171253,13.5,0.1494,33.05,2.257,0.0346,118.35,0.043,-33.95,4,50
171424,12.22,0.0707,15.04,2.347,0.0471,337.61,0.3034,-10.24,4,5
171433,13.0,0.1083,22.89,2.364,0.0424,233.72,0.0897,-20.66,4,50
172819,12.23,0.068,14.32,2.372,0.0853,340.95,0.2714,-12.49,4,5
173084,12.29,0.059,12.46,2.365,0.0567,337.08,0.2911,-9.28,4,5
173086,12.66,0.0964,20.86,2.309,0.0506,341.26,0.3158,-14.73,4,5
173117,12.81,0.0563,11.54,2.436,0.0951,358.44,0.1336,-13.78,4,5
175129,12.47,0.0232,4.89,2.368,0.0723,322.46,0.3278,-6.07,5,5
175471,13.14,0.1236,26.45,2.334,0.0432,249.97,0.0726,-25.13,4,50
177655,12.37,0.0505,10.7,2.356,0.1,321.07,0.3353,-9.67,5,5
178268,12.98,0.089,18.71,2.374,0.0575,366.53,0.1906,-16.05,5,5
178291,12.59,0.0588,12.39,2.369,0.0824,334.41,0.293,-10.53,5,5
178387,13.03,0.0903,18.72,2.409,0.0776,381.14,0.0272,-19.09,4,5
179133,13.0,0.1315,28.56,2.301,0.0396,213.15,0.1433,-26.59,5,50
179190,12.66,0.0806,16.86,2.387,0.0437,366.68,0.1744,-14.09,5,5
179217,13.97,0.0433,8.82,2.451,0.0703,364.35,0.024,-11.46,5,5
179233,13.23,0.0878,18.28,2.399,0.0501,379.42,0.0892,-16.63,5,5
179244,13.11,0.0544,11.15,2.437,0.058,323.61,0.059,-11.69,5,50
179902,13.4,0.0923,19.27,2.392,0.0309,384.87,0.0637,-17.01,5,5
180265,13.35,0.1546,34.74,2.222,0.0272,4.25,0.1312,-34.83,5,50
180274,12.78,0.1349,29.64,2.272,0.0334,110.06,0.1992,-26.53,5,50
181278,13.61,0.1478,32.52,2.268,0.0777,415.7,0.0296,-37.38,5,50
181279,13.06,0.0506,10.82,2.336,0.1028,312.17,0.3686,-9.01,5,5
181648,13.43,0.1448,31.84,2.271,0.017,422.04,0.0675,-31.67,5,5
181665,12.71,0.0934,20.14,2.315,0.0566,340.4,0.3138,-14.4,5,5
181751,13.03,0.0447,9.29,2.403,0.1173,333.1,0.2659,-11.96,5,5
181773,13.24,0.0632,13.16,2.398,0.0246,359.27,0.1878,-10.67,5,5
182121,12.7,0.0566,11.64,2.428,0.1107,350.7,0.1808,-14.42,5,5
182161,12.71,0.064,13.06,2.449,0.1289,357.77,0.111,-18.12,5,5
182163,12.86,0.0604,12.5,2.411,0.0592,358.87,0.1709,-11.68,5,5
182176,12.44,0.0302,6.31,2.388,0.1008,326.68,0.3013,-8.78,5,5
182178,12.54,0.0257,5.6,2.29,0.0712,290.66,0.4446,-2.92,5,50
182445,12.82,0.0733,15.61,2.346,0.0314,340.65,0.2971,-10.29,5,5
182487,12.67,0.0945,20.83,2.265,0.0197,318.05,0.393,-11.38,5,5
182506,12.51,0.0446,9.17,2.43,0.066,356.8,0.1491,-10.48,5,5
182516,13.77,0.1321,28.8,2.291,0.0369,173.94,0.1631,-26.45,5,50
182522,13.49,0.1243,26.62,2.336,0.0531,324.13,0.0781,-25.52,5,50
182541,12.76,0.1066,22.62,2.353,0.0112,384.88,0.147,-19.06,5,5
182548,13.25,0.1018,21.61,2.353,0.0036,115.81,0.179,-17.46,5,5
182625,12.53,0.0141,3.08,2.29,0.0641,290.15,0.4496,-2.2,5,5
182627,12.86,0.0481,10.31,2.328,0.0445,316.53,0.3697,-5.8,5,5
182647,12.61,0.0378,7.83,2.412,0.0497,348.8,0.2078,-8.39,5,5
182666,13.0,0.1096,24.79,2.207,0.0306,28.2,0.4409,-13.17,5,50
182669,13.29,0.0561,11.56,2.422,0.0189,365.98,0.115,-10.54,5,5
182675,13.11,0.0949,19.99,2.371,0.0319,376.14,0.1593,-16.7,5,5
182746,12.19,0.0588,13.01,2.258,0.0507,288.8,0.4626,-4.54,5,5
183309,13.81,0.1045,22.0,2.373,0.0462,389.03,0.0873,-20.18,5,5
183358,13.24,0.0448,9.23,2.422,0.0801,350.5,0.1889,-10.73,5,5
184274,12.79,0.063,13.74,2.291,0.0772,302.88,0.4145,-7.65,5,5
184276,12.88,0.0453,9.24,2.449,0.1305,347.12,0.165,-15.05,5,5
184280,13.77,0.0525,10.69,2.453,0.094,363.85,0.0394,-13.91,5,5
184284,13.49,0.0584,11.94,2.44,0.0746,367.18,0.0556,-13.3,5,5
184287,12.85,0.1244,26.82,2.319,0.0538,329.27,0.1547,-25.01,5,50
184306,12.86,0.0615,12.77,2.407,0.045,359.9,0.1732,-11.22,5,5
184829,13.27,0.0542,11.08,2.441,0.0696,366.13,0.0613,-12.46,5,5
184929,13.2,0.1549,34.8,2.225,0.0268,4.25,0.1126,-35.15,5,50
184937,13.39,0.0392,8.03,2.434,0.0806,352.77,0.1623,-10.61,5,5
184975,13.39,0.0732,15.13,2.418,0.0418,375.27,0.0599,-13.88,5,5
184976,13.59,0.1164,24.95,2.328,0.0353,129.67,0.169,-21.66,5,50
184977,12.95,0.0574,11.81,2.428,0.1115,351.0,0.1792,-14.62,5,5
184978,13.72,0.0699,14.45,2.418,0.0482,371.37,0.0929,-13.39,5,5
184979,13.22,0.0718,14.92,2.405,0.0276,369.22,0.1349,-12.64,5,5
184980,12.4,0.1128,25.88,2.176,0.0623,279.65,0.4759,-13.92,5,50
184981,13.71,0.0954,19.89,2.395,0.0566,385.91,0.0375,-18.85,5,5
184982,13.43,0.0389,7.91,2.456,0.0851,361.47,0.0481,-11.67,5,50
184983,13.27,0.1072,22.86,2.342,0.0331,63.92,0.188,-18.73,5,50
184984,13.16,0.0236,4.82,2.439,0.0383,357.19,0.1255,-8.14,5,5
184985,13.75,0.1462,32.15,2.269,0.0581,362.37,0.0682,-34.28,5,50
184986,13.71,0.0185,3.74,2.464,0.086,357.8,0.0522,-10.59,5,5
184988,12.7,0.0904,19.17,2.356,0.0561,359.08,0.2336,-15.54,5,5
185485,13.69,0.0694,14.33,2.418,0.0297,373.67,0.0719,-12.85,5,5
185486,13.07,0.0384,8.01,2.393,0.0576,339.63,0.2589,-7.85,5,5
185487,13.35,0.0715,14.78,2.415,0.028,373.98,0.0809,-13.06,5,5
185489,13.77,0.0838,17.36,2.412,0.0591,379.63,0.037,-16.58,5,5
185490,13.06,0.1022,23.42,2.178,0.0271,276.5,0.4982,-9.64,5,5
185492,12.7,0.0658,14.02,2.343,0.0872,326.01,0.3316,-10.86,5,5
185666,13.06,0.0808,17.02,2.373,0.0855,350.91,0.2385,-15.19,5,50
185693,12.92,0.0284,5.94,2.388,0.0782,330.63,0.29,-7.49,5,5
185906,12.63,0.0366,7.53,2.424,0.0409,354.82,0.1658,-8.59,5,5
185919,13.06,0.1119,24.08,2.323,0.0789,363.51,0.238,-21.76,5,50
186106,13.27,0.0198,4.05,2.446,0.0742,353.27,0.1369,-9.31,5,5
186125,12.87,0.0407,8.43,2.413,0.0632,348.12,0.2097,-9.15,5,5
186128,12.91,0.0439,9.07,2.417,0.0612,351.65,0.1912,-9.63,5,5
186138,13.29,0.0929,19.41,2.39,0.0535,316.37,0.0971,-17.56,5,50
186272,12.88,0.0447,9.16,2.44,0.0766,358.75,0.1209,-11.37,5,5
186544,12.94,0.0513,10.56,2.426,0.0663,358.24,0.1507,-11.17,5,5
187018,13.69,0.0592,12.28,2.409,0.0075,335.16,0.16,-10.32,5,5
187019,12.87,0.0418,8.61,2.421,0.0748,349.84,0.1927,-10.09,5,5
187020,13.38,0.1067,22.63,2.355,0.0191,385.66,0.1415,-19.29,5,5
187021,12.82,0.0078,1.7,2.131,0.0979,348.58,0.1544,-10.02,5,50
187024,12.94,0.082,17.27,2.37,0.0348,360.37,0.2179,-13.37,5,5
187436,12.62,0.0993,21.62,2.294,0.0633,334.92,0.336,-15.48,5,5
187456,13.26,0.1295,27.95,2.315,0.0598,364.5,0.1164,-27.68,5,50
187463,12.93,0.0558,11.47,2.43,0.0478,366.55,0.0913,-11.46,5,5
187469,12.74,0.0826,17.63,2.339,0.0702,339.96,0.2992,-13.37,5,5
187470,13.51,0.0372,7.68,2.419,0.0197,354.71,0.174,-8.07,5,5
187471,13.53,0.1242,26.7,2.324,0.033,78.46,0.1186,-24.29,5,50
187472,13.46,0.0403,8.11,2.482,0.1552,347.88,0.1023,-17.89,5,5
187473,14.16,0.0881,18.46,2.383,0.0442,372.69,0.1555,-15.78,5,5
187474,13.62,0.0967,20.23,2.389,0.0514,305.31,0.0636,-18.47,5,50
187475,12.7,0.0378,7.78,2.427,0.0799,349.75,0.1847,-10.15,5,5
187476,12.68,0.0871,18.6,2.338,0.0751,342.63,0.2917,-14.71,5,5
187478,13.39,0.0683,14.12,2.418,0.0268,372.79,0.0801,-12.56,5,5
187479,12.86,0.0175,3.57,2.453,0.0684,356.93,0.0968,-9.3,5,5
187607,12.7,0.0766,16.33,2.341,0.0295,341.23,0.2988,-10.74,5,5
187655,13.21,0.0623,13.17,2.364,0.0494,339.83,0.2844,-9.56,5,5
187656,13.68,0.0936,19.63,2.383,0.0701,366.74,0.1478,-18.12,5,50
187657,13.49,0.0815,17.0,2.393,0.0435,370.33,0.1514,-14.54,5,5
187659,13.36,0.0843,17.58,2.394,0.0278,376.16,0.1204,-14.91,5,5
187692,12.83,0.1207,27.75,2.171,0.0342,291.85,0.4607,-15.46,5,5
187724,13.16,0.056,11.46,2.442,0.1072,357.22,0.1289,-14.74,5,5
187755,13.09,0.0635,13.01,2.435,0.0743,368.67,0.062,-13.95,5,5
188006,12.87,0.0536,11.79,2.272,0.1062,286.81,0.4539,-6.86,5,50
188020,12.97,0.0869,18.76,2.313,0.0222,336.41,0.3287,-11.66,5,5
188026,12.73,0.0202,4.33,2.33,0.0329,7.0,0.3837,-3.0,5,50
188053,12.83,0.0112,2.47,2.266,0.0619,284.7,0.4677,-1.52,5,5
188060,13.32,0.0444,9.16,2.421,0.0586,314.75,0.1721,-9.62,5,50
188083,13.07,0.1436,31.53,2.275,0.0304,419.32,0.0769,-31.62,5,5
188234,13.82,0.102,21.87,2.329,0.0316,361.87,0.2498,-16.73,5,5
188247,13.02,0.0547,11.25,2.425,0.0101,365.32,0.1005,-10.39,5,5
188257,13.2,0.0133,2.76,2.403,0.0473,339.09,0.2501,-6.3,5,5
188373,13.27,0.1268,27.66,2.29,0.0244,382.13,0.2178,-23.71,5,5
188574,13.74,0.0347,7.21,2.402,0.0959,334.6,0.2645,-9.5,5,5
188835,14.12,0.0141,2.9,2.439,0.0756,349.1,0.1716,-8.78,5,5
188836,13.71,0.0515,10.57,2.433,0.0328,367.34,0.0713,-10.62,5,5
188837,12.93,0.0148,3.0,2.463,0.1014,353.26,0.0982,-11.2,5,5
188841,13.61,0.0741,15.33,2.412,0.0642,368.81,0.1243,-14.52,5,5
188842,13.9,0.0249,5.07,2.446,0.0807,353.19,0.1374,-9.91,5,5
188843,13.77,0.0533,10.95,2.431,0.0084,354.99,0.0598,-10.48,5,5
188844,14.01,0.0704,14.62,2.404,0.0457,365.26,0.1553,-12.74,5,5
188845,13.26,0.1083,23.14,2.336,0.0387,374.7,0.2031,-19.33,5,5
188846,13.26,0.0422,8.73,2.416,0.0447,226.22,0.1841,-8.7,5,50
188847,13.87,0.0382,7.79,2.452,0.1107,351.61,0.1393,-12.93,5,5
188942,12.93,0.0195,4.1,2.374,0.0703,324.63,0.3176,-6.05,5,5
188952,13.07,0.0349,7.23,2.407,0.0665,342.83,0.2344,-8.42,5,5
188965,12.65,0.0371,7.79,2.376,0.0949,325.1,0.3126,-8.58,5,5
188966,12.83,0.0109,2.25,2.42,0.0305,347.65,0.1999,-6.6,5,5
188976,12.43,0.1,22.79,2.191,0.0303,281.65,0.4865,-9.67,5,5
188986,13.8,0.0277,5.62,2.46,0.0852,358.54,0.0636,-10.95,5,5
189004,13.45,0.0447,9.33,2.391,0.1187,328.17,0.2896,-11.56,5,5
189214,13.22,0.0836,17.88,2.335,0.0511,341.98,0.299,-12.64,5,5
189215,13.17,0.0678,14.57,2.326,0.0985,317.84,0.3596,-11.0,5,50
189310,13.02,0.082,17.14,2.389,0.0806,361.85,0.1878,-15.87,5,50
189377,13.22,0.1269,27.37,2.314,0.0454,278.72,0.1311,-26.06,5,50
189386,12.9,0.0707,14.8,2.386,0.0045,199.64,0.2018,-11.29,5,5
189493,12.1,0.0605,12.62,2.393,0.0528,351.37,0.2225,-10.62,4,5
189616,13.14,0.1017,21.33,2.38,0.0684,374.63,0.0887,-20.65,4,50
189772,12.68,0.0808,16.87,2.39,0.0277,370.53,0.154,-13.9,4,5
189775,13.2,0.0455,9.31,2.439,0.0377,366.02,0.0598,-10.19,4,5
189859,12.82,0.0523,10.79,2.422,0.0537,359.36,0.1519,-10.7,4,5
190005,13.11,0.0926,20.01,2.31,0.0423,338.56,0.3232,-13.4,4,5
190229,12.46,0.0372,7.72,2.403,0.055,343.89,0.2352,-8.08,4,5
190264,12.38,0.052,10.83,2.399,0.0813,343.91,0.239,-10.73,4,5
190267,13.48,0.0969,20.26,2.389,0.0436,239.28,0.0246,-18.33,4,50
190268,12.57,0.0587,12.44,2.355,0.0806,328.43,0.3193,-9.8,4,5
190294,12.7,0.08,16.91,2.36,0.0596,327.74,0.2551,-13.15,4,50
190301,12.94,0.0154,3.12,2.456,0.094,351.93,0.126,-10.44,4,5
190309,12.76,0.0285,5.81,2.447,0.0637,358.19,0.1032,-9.56,4,5
190311,12.81,0.016,3.25,2.453,0.0613,358.17,0.0842,-9.0,4,5
190351,12.93,0.0978,20.52,2.379,0.0556,329.1,0.1183,-18.63,4,50
190352,12.91,0.0253,5.17,2.445,0.0665,355.7,0.1248,-9.32,4,5
190353,12.56,0.067,14.34,2.332,0.0234,330.19,0.3339,-8.38,4,5
190442,13.03,0.0812,16.64,2.436,0.119,370.85,0.0291,-20.63,4,50
190446,12.43,0.0399,8.17,2.437,0.0736,356.0,0.1409,-10.54,4,5
190458,12.73,0.1019,21.31,2.388,0.082,386.01,0.0585,-21.92,4,50
190665,12.73,0.0611,12.44,2.454,0.1259,359.04,0.0914,-17.55,4,5
190669,12.31,0.0498,10.65,2.336,0.0185,322.46,0.3517,-5.85,4,5
190674,12.63,0.1101,23.27,2.365,0.0473,283.0,0.0704,-21.39,4,50
190681,12.76,0.0106,2.17,2.445,0.0498,356.01,0.1185,-8.11,4,5
190689,12.75,0.0097,2.12,2.307,0.1131,317.15,0.3303,-8.03,4,5
191028,12.59,0.0918,19.82,2.312,0.0561,336.91,0.3247,-13.78,4,5
191054,12.63,0.0726,14.99,2.417,0.0172,377.09,0.0349,-13.25,4,5
191060,12.71,0.0434,8.91,2.436,0.0428,362.77,0.1,-9.9,4,5
191068,13.05,0.0935,19.51,2.395,0.0455,385.62,0.0431,-17.88,4,5
191075,12.61,0.0814,18.51,2.195,0.0631,268.91,0.5132,-6.49,4,5
191078,12.85,0.056,11.54,2.425,0.0229,367.23,0.0987,-10.73,4,5
191088,13.05,0.1049,22.15,2.365,0.0554,332.86,0.1307,-20.05,4,50
191089,12.63,0.0426,8.78,2.42,0.074,348.97,0.1917,-9.92,4,50
191102,12.81,0.0662,13.66,2.421,0.0244,372.68,0.0705,-12.27,4,5
191103,13.15,0.0052,1.25,2.232,0.0223,361.6,0.0359,-7.82,4,5
191104,13.02,0.0207,4.23,2.445,0.0665,342.19,0.1232,-8.91,4,50
191107,12.78,0.0881,18.4,2.391,0.0221,379.61,0.1072,-15.63,4,5
191108,13.01,0.0389,7.96,2.443,0.0516,362.27,0.085,-9.93,4,5
191114,12.35,0.0979,20.73,2.358,0.0312,11.75,0.184,-16.66,4,50
191115,12.36,0.0528,11.39,2.315,0.0842,307.64,0.3931,-7.4,4,5
191116,13.17,0.0798,16.57,2.404,0.0614,370.7,0.1304,-15.27,4,5
191291,12.82,0.1243,26.95,2.303,0.0295,385.21,0.1977,-23.49,4,5
191303,12.45,0.1109,23.91,2.316,0.0211,368.7,0.2399,-18.79,4,5
191912,12.96,0.1072,22.66,2.363,0.0497,298.76,0.1125,-20.51,4,50
191913,13.4,0.0568,11.55,2.458,0.1125,362.52,0.04,-15.98,4,5
191914,12.95,0.1057,22.36,2.36,0.0361,136.12,0.1212,-19.62,4,50
191915,12.37,0.0913,19.73,2.312,0.0485,337.65,0.3238,-13.39,4,5
192215,13.33,0.0417,8.51,2.445,0.0585,363.41,0.0675,-10.56,4,5
192217,13.2,0.0348,7.03,2.471,0.1255,352.98,0.0899,-14.42,4,5
192218,12.87,0.0724,14.83,2.438,0.1153,364.83,0.0904,-18.25,4,50
192220,13.49,0.0802,16.92,2.368,0.0429,224.5,0.2295,-12.88,4,50
192221,12.36,0.0286,6.22,2.296,0.0733,293.85,0.4369,-3.41,4,50
192222,11.99,0.1142,24.92,2.289,0.0644,343.43,0.2968,-19.87,4,50
192223,12.92,0.0637,13.12,2.424,0.038,370.73,0.0771,-12.22,4,5
192224,12.94,0.0608,12.71,2.388,0.0738,345.58,0.2452,-11.26,4,5
192262,13.29,0.0422,9.03,2.336,0.1014,309.51,0.3759,-7.86,5,5
192268,13.63,0.0442,9.11,2.422,0.1029,344.2,0.213,-11.81,5,5
192343,12.98,0.13,27.99,2.321,0.0381,182.22,0.0416,-26.86,4,50
192345,13.38,0.1551,34.66,2.235,0.0445,271.52,0.0346,-37.13,4,50
192386,13.54,0.0401,8.23,2.433,0.0139,362.68,0.1047,-8.96,4,5
192388,12.98,0.0872,18.21,2.391,0.0448,375.74,0.1279,-15.94,4,5
192389,12.47,0.0514,11.09,2.316,0.0478,312.04,0.387,-5.8,4,5
192390,13.05,0.0663,13.81,2.398,0.0305,360.89,0.1823,-11.31,4,5
192393,13.6,0.1096,23.14,2.366,0.0547,332.71,0.0777,-21.58,4,50
192423,13.43,0.0376,7.72,2.436,0.0814,353.02,0.1572,-10.6,4,5
192442,12.71,0.0378,8.1,2.33,0.0932,307.34,0.3859,-6.7,4,5
192448,13.49,0.1094,23.08,2.369,0.0591,350.24,0.0754,-21.7,4,50
192929,12.59,0.092,19.28,2.384,0.0451,378.0,0.1286,-16.93,4,5
192938,12.89,0.0984,21.03,2.335,0.0701,354.71,0.2604,-17.51,4,5
192942,13.43,0.0695,14.34,2.419,0.0258,374.41,0.0615,-12.82,4,5
192964,12.45,0.1154,26.12,2.209,0.0546,291.51,0.4266,-15.52,4,50
192966,12.71,0.1481,32.83,2.254,0.0445,273.21,0.1147,-33.42,4,50
193535,12.81,0.077,16.11,2.387,0.0689,354.1,0.2004,-14.03,4,50
193570,12.28,0.0755,16.67,2.261,0.0659,295.15,0.4373,-8.02,4,50
193592,12.84,0.0709,14.78,2.393,0.0728,355.41,0.2073,-13.36,4,5
193602,12.61,0.0908,18.94,2.394,0.0538,379.74,0.0997,-17.34,4,5
193641,12.55,0.1055,22.29,2.363,0.0313,19.75,0.1054,-19.53,4,50
193670,13.43,0.1342,29.29,2.288,0.0431,256.15,0.1641,-27.56,4,50
195041,13.33,0.0745,15.41,2.414,0.0837,365.51,0.1368,-15.66,4,5
195056,12.99,0.1054,22.16,2.377,0.0479,392.58,0.0381,-20.77,4,5
195084,13.04,0.0895,18.62,2.401,0.0701,372.5,0.0877,-17.84,4,50
195104,12.36,0.0549,12.45,2.204,0.0503,224.74,0.5341,-1.57,4,50
195117,13.13,0.0678,13.93,2.431,0.1133,358.57,0.1408,-16.87,4,5
195126,12.93,0.0686,14.36,2.386,0.0394,355.93,0.2151,-11.39,4,5
195152,12.97,0.0767,16.02,2.392,0.0191,368.13,0.1614,-12.95,4,5
195153,12.91,0.0703,14.57,2.409,0.0945,356.48,0.1837,-15.12,4,5
195167,12.54,0.0444,9.53,2.326,0.0141,316.0,0.3738,-4.76,4,5
195188,13.26,0.0521,10.58,2.458,0.1214,357.28,0.0945,-15.63,4,50
195217,13.23,0.0497,10.19,2.433,0.0475,364.09,0.1002,-10.68,4,5
195218,12.77,0.0881,18.54,2.372,0.0071,333.19,0.1818,-14.56,4,5
195230,12.89,0.0981,20.65,2.373,0.05,379.17,0.1406,-18.33,4,5
195232,12.89,0.1278,27.85,2.291,0.0448,267.21,0.2105,-24.73,4,50
195245,13.18,0.0709,14.5,2.444,0.116,366.14,0.0576,-18.3,4,50
195258,13.46,0.0352,7.1,2.48,0.1273,355.72,0.0109,-16.63,4,5
195269,12.84,0.0769,15.97,2.404,0.0251,374.1,0.1089,-13.65,4,5
195273,13.05,0.0179,3.68,2.43,0.0193,354.0,0.1569,-7.18,4,5
195284,13.5,0.0547,11.38,2.397,0.0639,348.0,0.2284,-10.29,4,5
195286,12.92,0.0318,6.55,2.425,0.0894,344.64,0.2069,-9.93,4,5
195287,13.32,0.0898,18.78,2.389,0.0584,336.96,0.1306,-16.84,4,50
195308,12.58,0.0452,9.31,2.425,0.0264,360.72,0.1357,-9.31,4,5
195309,12.56,0.0569,11.83,2.401,0.0424,354.19,0.2034,-10.11,4,5
195312,12.94,0.0438,9.0,2.431,0.0436,360.5,0.1267,-9.72,4,5
195315,13.65,0.06,12.32,2.432,0.052,369.42,0.0625,-12.33,4,5
195318,12.76,0.0311,6.45,2.405,0.0879,336.43,0.2562,-8.89,4,5
195324,13.21,0.0597,12.31,2.422,0.041,366.2,0.1158,-11.5,4,5
195337,12.73,0.0847,17.61,2.402,0.0355,380.26,0.0709,-15.61,4,5
195351,13.63,0.0162,3.32,2.441,0.0186,358.29,0.1113,-7.57,4,5
195412,12.53,0.1097,23.26,2.355,0.0424,387.87,0.1286,-20.92,4,5
195415,12.6,0.1268,27.48,2.305,0.0086,383.61,0.166,-24.32,4,5
195467,12.27,0.1553,35.1,2.21,0.0275,4.25,0.1701,-34.56,4,50
195490,12.95,0.0966,20.14,2.396,0.0726,384.19,0.0541,-20.1,4,5
195495,12.88,0.1483,32.99,2.248,0.0804,399.79,0.1677,-35.78,4,50
195505,13.44,0.1326,28.66,2.309,0.0371,178.72,0.0693,-27.85,4,50
196316,13.28,0.1063,22.35,2.377,0.0513,393.4,0.019,-21.22,4,5
196318,13.28,0.0784,16.28,2.404,0.0194,376.04,0.0968,-13.9,4,5
196364,12.79,0.0532,10.87,2.443,0.102,358.65,0.1169,-13.88,4,50
196408,12.46,0.0272,5.6,2.429,0.0611,350.52,0.1779,-8.55,4,5
196440,12.75,0.0569,12.17,2.334,0.0655,320.71,0.3538,-7.95,4,5
196488,12.9,0.0969,20.43,2.368,0.034,80.23,0.1526,-16.98,4,50
197563,12.81,0.0116,2.6,2.225,0.1249,262.8,0.5157,-3.47,4,5
197586,12.67,0.0584,12.16,2.398,0.0433,353.84,0.208,-10.25,4,5
197593,12.35,0.0712,15.55,2.287,0.0269,310.46,0.4042,-7.23,4,5
197619,12.42,0.0402,8.67,2.312,0.1127,297.22,0.4146,-7.39,4,5
197620,12.61,0.0431,8.99,2.391,0.1166,328.13,0.2902,-11.22,4,5
197624,12.91,0.0418,8.52,2.45,0.1115,352.08,0.1405,-13.32,4,5
197628,13.11,0.0453,9.31,2.43,0.0127,363.95,0.1046,-9.41,4,5
197630,12.67,0.0258,5.27,2.44,0.0348,358.59,0.1147,-8.27,4,5
198858,12.97,0.0513,10.66,2.402,0.1088,337.94,0.2529,-12.28,4,5
199791,12.58,0.061,12.64,2.409,0.0967,349.66,0.208,-13.43,4,5
199792,12.88,0.0685,14.84,2.307,0.0907,310.97,0.3859,-10.05,4,5
199793,12.77,0.0795,16.46,2.413,0.1043,363.03,0.1495,-18.06,4,5
199796,12.9,0.1329,28.69,2.312,0.0655,387.08,0.0686,-30.02,4,50
200022,12.68,0.082,17.04,2.404,0.0673,371.8,0.1244,-16.1,4,5
200023,12.4,0.1015,21.78,2.327,0.0692,353.75,0.269,-17.92,4,5
200024,12.91,0.0892,18.65,2.389,0.0522,305.47,0.1287,-16.39,4,50
200027,13.35,0.0642,13.34,2.403,0.045,360.16,0.1774,-11.52,4,5
200028,12.55,0.0076,1.65,2.025,0.1031,343.89,0.186,-10.13,4,5
200029,12.02,0.0617,13.26,2.322,0.0308,321.38,0.3618,-7.15,4,5
200032,12.93,0.0952,19.98,2.379,0.041,379.81,0.1295,-17.43,4,5
200035,13.1,0.1229,26.63,2.304,0.0217,383.47,0.2036,-22.73,4,5
200036,13.38,0.0778,16.09,2.415,0.0594,375.04,0.0747,-15.32,4,5
200037,13.1,0.159,35.89,2.213,0.0362,154.01,0.071,-38.03,4,50
200042,13.3,0.1475,32.54,2.264,0.0464,286.61,0.0649,-33.77,4,50
200046,12.79,0.1141,24.21,2.354,0.0269,397.66,0.0728,-22.02,4,5
200051,12.83,0.0565,11.57,2.438,0.093,360.16,0.1194,-13.79,4,5
200057,12.8,0.0564,12.24,2.301,0.0924,302.2,0.41,-7.84,4,5
200069,12.75,0.1221,26.16,2.332,0.0389,191.58,0.1009,-24.31,4,50
200544,13.84,0.1385,30.13,2.296,0.0487,304.53,0.055,-30.53,4,50
201006,13.15,0.1315,28.4,2.313,0.0529,334.2,0.0875,-28.18,4,50
201039,13.08,0.1182,25.29,2.334,0.0388,391.71,0.1404,-22.94,4,5
201040,12.66,0.0326,6.7,2.43,0.0435,355.6,0.1518,-8.55,4,5
202752,11.97,0.0845,18.18,2.321,0.1283,319.94,0.3458,-16.86,4,50
202756,13.56,0.0967,20.6,2.344,0.0244,364.29,0.2306,-15.74,4,5
202758,13.39,0.1537,34.32,2.237,0.0117,429.64,0.0655,-35.19,4,5
202783,12.19,0.093,20.44,2.274,0.0576,302.16,0.3853,-12.19,4,50
202791,13.06,0.0362,7.45,2.426,0.0317,356.37,0.1557,-8.44,4,5
202797,12.75,0.0854,17.85,2.389,0.0736,359.26,0.1682,-16.37,4,50
202824,12.89,0.0903,18.96,2.379,0.0487,372.14,0.1637,-16.29,4,5
202850,13.43,0.1054,22.19,2.373,0.0043,200.45,0.0088,-19.87,4,5
202854,13.4,0.0523,10.66,2.449,0.0808,365.83,0.0159,-13.04,4,5
202855,12.61,0.1269,27.38,2.315,0.0307,18.83,0.1248,-24.97,4,50
203210,12.78,0.09,18.97,2.37,0.0377,162.69,0.1886,-15.03,4,50
203865,13.41,0.0114,2.32,2.444,0.0408,356.96,0.1135,-7.89,5,5
203891,12.97,0.0192,3.95,2.434,0.0818,346.64,0.1874,-9.06,4,5
204619,12.91,0.0723,15.97,2.26,0.0929,291.73,0.4452,-8.95,4,5
204847,13.69,0.0998,20.9,2.385,0.0342,390.75,0.0187,-18.91,4,5
204911,13.01,0.0583,12.23,2.382,0.0528,345.09,0.2534,-9.8,4,5
204927,13.48,0.0684,14.08,2.426,0.0618,371.37,0.0686,-13.95,4,5
205380,12.65,0.071,15.92,2.228,0.0776,277.9,0.4879,-6.44,4,5
207749,12.22,0.0929,20.69,2.244,0.0668,299.82,0.4313,-11.22,4,50
207892,12.82,0.1537,34.34,2.235,0.0357,151.07,0.0864,-35.55,4,50
210237,12.82,0.0997,20.99,2.373,0.0518,307.43,0.1297,-18.63,4,50
211992,13.32,0.0177,3.6,2.449,0.0744,352.38,0.1201,-9.22,5,50
212694,12.8,0.0444,9.21,2.407,0.0698,345.75,0.2253,-9.54,4,5
213119,12.95,0.1281,27.73,2.307,0.0348,129.73,0.1473,-25.4,4,50
213180,12.65,0.0631,13.87,2.272,0.1347,286.09,0.4443,-10.95,5,50
213347,12.98,0.0855,18.01,2.371,0.0213,365.9,0.1982,-13.99,5,5
213351,13.58,0.093,19.73,2.353,0.0355,363.33,0.2251,-15.37,5,5
213360,12.79,0.0721,15.75,2.287,0.031,311.03,0.4023,-7.49,5,5
213394,13.16,0.1064,22.58,2.354,0.0182,384.7,0.1472,-19.13,5,5
213491,12.64,0.1271,27.33,2.325,0.0491,294.78,0.0817,-26.37,4,50
214093,12.67,0.0785,16.66,2.354,0.0922,338.65,0.2897,-14.28,4,5
214376,13.14,0.0762,15.81,2.405,0.0482,370.52,0.1285,-14.06,4,5
214506,13.91,0.1327,28.65,2.317,0.0459,269.92,0.0186,-26.74,5,50
214508,12.77,0.1396,31.37,2.222,0.0547,330.05,0.2918,-27.53,5,50
214511,12.82,0.0801,17.01,2.352,0.0338,349.67,0.2667,-12.11,5,5
214514,12.93,0.0626,13.18,2.374,0.0513,344.17,0.264,-10.1,5,5
215020,13.12,0.1245,27.01,2.303,0.0429,249.71,0.1997,-23.78,5,50
215107,13.11,0.0599,12.34,2.423,0.0106,369.09,0.0869,-11.12,4,5
215110,12.77,0.0367,7.93,2.313,0.0643,303.86,0.4069,-4.56,5,5
215199,12.28,0.0485,10.17,2.384,0.1738,311.28,0.3261,-16.72,5,5
215243,12.83,0.0651,13.42,2.424,0.1009,357.44,0.1586,-15.16,4,5
215319,12.52,0.0733,16.43,2.229,0.0316,283.21,0.4826,-5.27,5,5
215331,13.15,0.0459,9.41,2.437,0.0431,364.36,0.0862,-10.25,5,5
215340,13.15,0.0885,19.06,2.32,0.0224,341.64,0.3116,-12.38,5,5
215349,13.46,0.0519,10.66,2.429,0.0723,358.89,0.1415,-11.66,5,5
215407,13.04,0.0721,14.84,2.426,0.0716,367.54,0.051,-14.94,4,50
215517,13.6,0.0952,19.93,2.386,0.0413,211.99,0.0798,-17.63,5,50
215530,12.62,0.0801,17.25,2.319,0.085,325.46,0.3451,-12.71,5,5
215542,13.2,0.0645,14.54,2.214,0.0384,141.42,0.5121,-3.08,5,50
215551,13.42,0.1354,29.48,2.295,0.0632,378.79,0.14,-29.49,5,50
215822,13.16,0.1257,27.2,2.307,0.0379,184.53,0.1715,-24.45,5,50
216034,12.66,0.0156,3.37,2.316,0.0392,148.39,0.4084,-2.39,5,50
216291,13.34,0.0513,10.59,2.417,0.027,360.12,0.1548,-9.72,5,5
216292,13.63,0.0871,18.12,2.401,0.0237,383.7,0.0365,-15.89,5,5
216293,13.56,0.067,13.82,2.42,0.0861,361.1,0.1488,-14.45,5,5
216307,13.65,0.0833,17.26,2.41,0.0666,376.63,0.0774,-16.71,4,5
216409,13.49,0.1134,24.08,2.352,0.016,396.57,0.0856,-21.48,5,5
216419,12.7,0.0788,16.4,2.398,0.0844,361.33,0.1795,-15.89,4,5
216421,13.13,0.08,16.55,2.414,0.1122,362.54,0.1485,-18.62,4,50
216423,13.39,0.1449,32.02,2.26,0.0153,412.73,0.1352,-31.0,4,5
216462,12.79,0.0697,14.52,2.397,0.0629,358.12,0.1941,-12.85,4,5
216551,13.64,0.1396,30.7,2.271,0.0277,402.44,0.1641,-28.99,5,5
216847,12.98,0.0915,19.86,2.302,0.0868,326.9,0.3487,-14.76,5,50
216876,13.19,0.0365,7.47,2.438,0.1276,340.55,0.2058,-13.26,5,5
216877,13.97,0.0797,16.48,2.416,0.054,378.68,0.0175,-15.62,5,5
216881,13.54,0.0215,4.62,2.328,0.0332,12.33,0.3864,-3.0,5,50
216883,13.23,0.0101,2.06,2.44,0.0448,354.89,0.1336,-7.79,4,5
216891,13.25,0.0948,20.12,2.353,0.0475,363.99,0.2217,-16.26,5,5
216898,13.22,0.1057,22.77,2.318,0.0186,362.25,0.2569,-17.14,5,5
217548,12.73,0.0406,8.68,2.338,0.1139,307.28,0.3781,-8.57,5,5
217612,12.62,0.0973,20.81,2.333,0.0342,358.04,0.2572,-15.62,4,5
217670,13.21,0.1385,30.17,2.293,0.0153,417.92,0.0551,-29.41,4,5
218070,12.76,0.0962,21.21,2.264,0.0102,319.36,0.3894,-11.68,4,5
218804,13.74,0.0374,7.62,2.449,0.0643,362.31,0.0615,-10.49,5,5
219057,12.62,0.0444,9.21,2.409,0.0615,348.25,0.214,-9.34,4,5
219070,13.31,0.0467,9.53,2.446,0.0629,365.64,0.0334,-11.38,4,5
219125,13.05,0.1377,29.99,2.294,0.0561,349.1,0.1015,-30.34,4,50
219139,13.61,0.0653,13.3,2.454,0.123,362.86,0.0563,-18.17,4,5
219140,13.33,0.0642,13.2,2.428,0.0503,283.76,0.0512,-12.65,4,50
219141,12.78,0.0261,5.35,2.434,0.0192,357.32,0.1346,-7.79,4,5
219466,12.62,0.0671,14.06,2.383,0.0789,346.67,0.2461,-12.23,4,50
219834,12.83,0.0774,16.2,2.387,0.0537,361.98,0.1919,-13.7,4,5
219835,13.37,0.0861,17.93,2.398,0.0719,367.7,0.1269,-16.94,4,50
219837,12.78,0.0654,13.55,2.41,0.0198,367.19,0.1339,-11.56,4,5
219844,13.54,0.1583,35.65,2.219,0.0436,258.77,0.0593,-38.28,4,50
219857,14.02,0.0715,14.76,2.419,0.0333,375.61,0.0469,-13.39,4,5
219866,13.75,0.0954,19.92,2.392,0.0423,225.0,0.0205,-17.88,4,50
219881,12.75,0.0681,14.16,2.4,0.0237,363.93,0.167,-11.62,4,5
219890,13.05,0.045,9.23,2.435,0.083,355.17,0.1501,-11.46,4,5
219892,13.39,0.0207,4.23,2.442,0.0202,359.68,0.0985,-7.86,4,5
219896,13.26,0.029,5.9,2.452,0.0537,362.44,0.0362,-9.53,4,5
219897,13.37,0.0708,14.57,2.427,0.0669,359.8,0.0451,-14.43,4,50
219902,12.94,0.0064,1.42,2.326,0.0389,358.22,0.095,-7.9,4,5
219905,13.42,0.0624,12.88,2.419,0.0177,369.48,0.0992,-11.44,4,5
219907,13.53,0.0359,7.35,2.437,0.0351,360.97,0.1065,-8.99,4,5
219908,13.36,0.131,28.57,2.286,0.0467,281.44,0.1842,-26.27,4,50
219954,13.15,0.0534,11.19,2.382,0.0751,338.3,0.2728,-9.87,4,5
219958,12.9,0.1151,24.98,2.302,0.0921,354.43,0.2742,-22.93,4,50
220312,13.24,0.0414,8.57,2.41,0.0854,342.49,0.2327,-10.01,4,5
220318,12.78,0.082,17.17,2.384,0.0575,363.9,0.1892,-14.74,4,5
220324,12.89,0.079,16.46,2.396,0.0273,371.84,0.1378,-13.78,4,5
220333,13.96,0.0075,1.59,2.019,0.0925,356.11,0.0592,-10.68,4,5
220335,12.84,0.0503,10.53,2.384,0.037,343.25,0.2579,-8.27,4,5
220336,13.72,0.0148,2.6,1.931,0.1416,350.35,0.0403,-15.1,4,5
220342,13.65,0.0809,16.78,2.407,0.0312,378.96,0.0657,-14.81,4,5
220351,12.82,0.0413,8.56,2.409,0.0523,348.43,0.2129,-8.69,4,5
220355,13.54,0.0746,15.14,2.465,0.1649,355.25,0.0782,-24.71,4,50
220356,13.21,0.045,9.31,2.413,0.0684,349.22,0.2053,-9.86,4,5
220530,13.72,0.0562,11.84,2.372,0.1061,328.82,0.3032,-11.58,4,5
220555,13.28,0.0624,12.9,2.415,0.0573,362.06,0.152,-12.1,4,5
220570,13.15,0.0897,18.77,2.388,0.0281,379.67,0.1128,-16.06,4,5
220574,13.44,0.0592,12.1,2.442,0.08,366.31,0.0413,-13.64,4,50
220951,13.3,0.1095,23.13,2.364,0.0303,5.11,0.0204,-20.89,4,50
221542,12.53,0.0975,21.73,2.241,0.0388,177.33,0.4239,-11.18,4,50
221780,13.41,0.1148,24.34,2.355,0.0285,399.51,0.0503,-22.35,4,5
221785,13.84,0.0181,3.7,2.439,0.0546,353.64,0.1462,-8.24,4,5
221786,13.38,0.0732,15.19,2.407,0.0436,369.62,0.1289,-13.41,4,5
221908,12.87,0.1014,21.43,2.362,0.035,111.82,0.1503,-18.04,4,50
221909,13.36,0.0867,18.1,2.393,0.0225,379.07,0.1057,-15.39,4,5
221910,12.57,0.0343,7.24,2.366,0.0617,326.02,0.3204,-6.43,4,5
221911,13.03,0.0882,18.42,2.392,0.0165,380.94,0.0954,-15.66,4,5
221912,12.94,0.0694,14.3,2.423,0.0539,372.09,0.073,-13.67,4,5
221913,13.6,0.0898,18.74,2.394,0.0093,379.15,0.0626,-16.11,4,5
221914,13.74,0.0172,3.5,2.455,0.065,358.71,0.0715,-9.29,4,5
221915,13.04,0.0623,12.84,2.422,0.0237,370.39,0.0843,-11.63,4,5
221916,13.22,0.1084,22.91,2.365,0.0345,94.22,0.0712,-20.37,4,50
221917,12.82,0.0983,21.92,2.239,0.0403,192.92,0.4244,-11.48,4,50
221995,13.68,0.0928,19.43,2.384,0.0208,382.14,0.1066,-16.56,4,5
222049,13.12,0.0372,7.65,2.427,0.072,351.2,0.1783,-9.75,4,5
222056,13.91,0.1227,26.22,2.335,0.041,221.41,0.067,-24.85,4,50
222063,13.28,0.0453,9.45,2.393,0.0382,345.09,0.2423,-8.1,4,5
222134,12.83,0.0855,17.83,2.395,0.0226,378.76,0.1024,-15.19,4,5
222379,13.29,0.0237,4.83,2.452,0.0489,361.4,0.0534,-9.0,4,5
222384,12.41,0.0266,5.51,2.41,0.0391,345.33,0.2225,-7.07,4,5
222773,12.94,0.0622,13.17,2.357,0.0265,338.58,0.2945,-8.67,4,5
222785,13.35,0.1327,28.67,2.31,0.0699,392.35,0.0968,-30.03,4,50
222790,13.31,0.0536,11.06,2.422,0.0572,359.8,0.1491,-11.02,4,5
222791,13.64,0.1001,20.99,2.382,0.0495,296.58,0.0629,-19.24,4,50
222821,13.24,0.0618,12.76,2.417,0.0223,367.63,0.1165,-11.29,4,5
222826,13.68,0.0483,9.9,2.437,0.0103,366.92,0.0336,-10.05,4,5
222827,12.95,0.0317,6.45,2.452,0.0708,360.06,0.0738,-10.33,4,5
222831,12.71,0.0737,15.46,2.381,0.0195,359.47,0.2095,-11.79,4,5
222840,13.1,0.0691,14.24,2.423,0.079,365.38,0.1092,-14.59,4,50
222843,13.13,0.0686,14.14,2.424,0.0643,369.77,0.0895,-13.94,4,5
222844,12.75,0.0223,4.51,2.468,0.1179,350.75,0.1121,-12.7,4,5
222847,12.82,0.041,8.44,2.428,0.0559,356.13,0.1549,-9.63,4,5
222851,13.46,0.0412,8.39,2.452,0.0715,363.71,0.0257,-11.32,4,5
222854,13.28,0.078,16.16,2.41,0.0444,375.68,0.0838,-14.62,4,5
222859,12.57,0.0182,3.77,2.403,0.0503,339.39,0.2494,-6.57,4,5
222861,12.88,0.074,15.34,2.409,0.0567,369.18,0.127,-14.11,4,5
222862,13.44,0.0618,12.75,2.419,0.0201,368.64,0.1058,-11.34,4,5
222864,12.88,0.0416,8.86,2.343,0.0587,319.16,0.3534,-6.11,4,5
222871,13.27,0.0781,16.38,2.383,0.0708,356.9,0.214,-14.35,4,5
223238,13.54,0.0428,9.05,2.362,0.0315,330.5,0.3128,-6.31,4,5
223251,12.65,0.0768,15.96,2.405,0.0503,370.63,0.1288,-14.26,4,5
223268,12.58,0.0475,10.36,2.29,0.0963,293.43,0.4348,-6.34,4,5
223272,13.17,0.0962,20.21,2.376,0.026,381.49,0.1267,-17.19,4,5
223615,13.68,0.0745,15.41,2.415,0.0177,377.64,0.0429,-13.54,4,5
223631,12.96,0.0701,14.5,2.414,0.0081,355.99,0.0844,-12.53,4,5
224020,12.62,0.1137,26.16,2.171,0.0315,283.4,0.4805,-12.94,4,5
224782,13.29,0.1045,22.04,2.366,0.0432,240.81,0.1086,-19.73,4,50
224792,13.42,0.071,15.17,2.337,0.0674,330.43,0.3264,-10.65,4,5
224793,13.52,0.1226,27.11,2.259,0.0103,353.06,0.3103,-20.15,4,5
225089,12.68,0.0347,7.17,2.413,0.0433,348.94,0.2056,-7.97,4,5
225091,13.3,0.0373,7.63,2.442,0.0528,361.31,0.0931,-9.79,4,5
225209,13.47,0.0977,20.57,2.373,0.0185,382.85,0.1247,-17.39,4,5
225210,12.48,0.0093,1.91,2.431,0.0184,353.02,0.1603,-6.89,4,5
225211,13.69,0.0688,14.13,2.432,0.0787,370.14,0.0625,-15.03,4,5
225212,12.84,0.0656,13.51,2.426,0.0884,362.51,0.1303,-14.63,4,5
225213,12.84,0.0491,10.1,2.426,0.0614,357.97,0.1516,-10.68,4,5
225214,13.63,0.0842,17.52,2.399,0.0647,372.66,0.128,-16.35,4,5
225215,13.24,0.0972,20.4,2.38,0.0206,386.05,0.0909,-17.63,4,5
225216,13.06,0.0244,4.93,2.472,0.1039,357.14,0.0268,-12.2,4,5
225217,13.3,0.0613,12.63,2.425,0.0464,368.04,0.0963,-12.06,4,5
225218,13.97,0.1027,21.55,2.379,0.0457,390.19,0.0568,-19.91,4,5
225219,13.48,0.0641,13.2,2.425,0.0733,362.28,0.1159,-13.37,4,50
225220,13.61,0.0587,12.09,2.424,0.0554,364.17,0.1235,-11.83,4,5
225221,13.82,0.1419,30.99,2.291,0.0888,411.31,0.0509,-36.06,4,50
225222,13.28,0.0898,18.78,2.389,0.0528,376.05,0.1302,-16.78,4,5
225223,13.84,0.0318,6.43,2.469,0.104,358.07,0.0343,-12.67,4,5
225224,12.74,0.049,10.08,2.43,0.0289,364.59,0.1034,-10.04,4,5
225226,13.98,0.0554,11.39,2.432,0.0361,368.63,0.0669,-11.18,4,5
225227,13.0,0.0914,19.15,2.384,0.0429,229.86,0.1289,-16.4,4,50
225228,12.87,0.127,27.43,2.314,0.0363,172.28,0.1281,-25.42,4,50
225229,13.64,0.1291,27.79,2.318,0.0495,306.99,0.0759,-27.51,4,50
225230,13.01,0.081,16.78,2.413,0.1262,356.52,0.1734,-19.95,4,50
225276,13.47,0.009,1.78,1.917,0.1136,350.1,0.1191,-11.63,4,50
225294,13.35,0.0935,19.58,2.386,0.0725,371.95,0.1371,-18.43,4,50
225296,13.67,0.1277,27.68,2.304,0.01,393.56,0.1609,-24.67,4,5
225318,13.34,0.0845,18.28,2.309,0.0781,325.64,0.3512,-12.67,4,50
225319,14.2,0.0721,14.85,2.425,0.0646,353.42,0.0473,-14.54,4,50
225359,13.75,0.09,18.82,2.388,0.045,377.29,0.1259,-16.52,4,5
225623,12.33,0.0529,11.32,2.333,0.0401,321.35,0.3551,-6.52,4,5
225624,13.23,0.0379,7.75,2.442,0.0541,361.01,0.0977,-9.86,4,5
225632,12.63,0.0815,17.04,2.387,0.0529,366.18,0.1758,-14.62,4,5
225984,12.57,0.0568,11.76,2.41,0.0526,356.96,0.1805,-10.8,4,5
225993,12.86,0.0359,7.39,2.426,0.0376,355.82,0.1579,-8.54,4,5
226005,13.39,0.0534,11.01,2.42,0.0235,363.05,0.1351,-10.1,4,5
226022,13.68,0.0436,8.9,2.443,0.0735,360.38,0.1019,-11.25,4,5
226027,12.85,0.0237,5.3,2.227,0.0478,207.89,0.526,0.53,4,50
226030,13.55,0.0403,8.27,2.432,0.0759,353.38,0.1629,-10.43,4,5
226033,13.63,0.0415,8.39,2.469,0.1131,358.8,0.0301,-14.25,4,5
226036,13.08,0.0734,15.32,2.394,0.0211,365.82,0.1683,-12.36,4,5
226053,12.9,0.1089,23.13,2.352,0.0314,386.17,0.1428,-20.13,4,5
226067,12.98,0.095,19.93,2.379,0.0437,379.49,0.1299,-17.5,4,5
226348,13.54,0.0524,10.76,2.433,0.0555,364.13,0.1027,-11.28,4,5
226349,13.12,0.0407,8.41,2.417,0.0588,350.4,0.1966,-9.15,4,5
226352,13.5,0.056,11.6,2.413,0.0191,361.6,0.1559,-10.11,4,5
226355,13.04,0.1053,22.29,2.357,0.049,291.88,0.1472,-19.87,4,50
226358,13.28,0.0914,19.05,2.396,0.0453,383.6,0.0614,-17.34,4,5
226361,12.87,0.104,22.25,2.335,0.0304,368.58,0.2247,-17.65,4,5
226367,12.95,0.0607,12.71,2.383,0.0184,350.77,0.235,-9.5,4,5
226691,12.94,0.055,11.53,2.382,0.0883,336.68,0.2758,-10.79,4,5
227077,13.4,0.0497,10.32,2.406,0.0635,349.09,0.2152,-9.94,4,5
227078,13.59,0.1024,22.14,2.309,0.0269,351.65,0.291,-15.81,4,5
227082,13.59,0.0742,15.58,2.379,0.0949,346.82,0.2472,-14.48,4,50
227759,12.96,0.095,19.91,2.385,0.0898,371.68,0.1524,-19.9,4,50
228004,13.57,0.1294,27.86,2.32,0.0369,175.17,0.0588,-26.65,4,50
228005,13.16,0.0664,13.7,2.419,0.0594,366.48,0.1228,-13.08,4,5
228006,13.15,0.0828,17.19,2.405,0.0749,371.17,0.1256,-16.7,4,5
228007,13.58,0.106,22.41,2.362,0.05,299.76,0.1307,-20.02,4,50
228008,13.17,0.1021,21.55,2.365,0.0352,121.95,0.1262,-18.68,4,50
228009,12.74,0.1278,27.63,2.309,0.0326,69.78,0.1401,-25.23,4,50
228010,13.44,0.0897,18.7,2.395,0.0406,381.79,0.0803,-16.69,4,5
228011,13.03,0.1588,35.84,2.214,0.0085,410.23,0.0657,-37.42,4,5
228071,13.89,0.0635,13.05,2.432,0.0531,372.14,0.0094,-14.38,4,5
228077,13.03,0.0709,14.98,2.364,0.0839,339.69,0.2812,-12.63,4,5
228084,13.96,0.0283,5.77,2.451,0.0621,360.27,0.0728,-9.69,4,5
228085,13.55,0.0849,17.65,2.402,0.0368,379.97,0.0758,-15.66,4,5
228086,13.35,0.1017,21.52,2.362,0.0444,249.71,0.1605,-18.23,4,50
228088,13.76,0.0981,20.52,2.389,0.0545,323.78,0.0507,-18.97,4,50
228089,13.64,0.0388,7.86,2.463,0.1168,354.36,0.0992,-13.91,4,5
228090,13.01,0.0591,12.25,2.411,0.0343,361.42,0.1604,-10.74,4,5
228095,13.71,0.0055,1.23,1.33,0.0966,354.94,0.0726,-10.86,4,5
228096,13.55,0.0265,5.37,2.462,0.1423,341.5,0.1709,-14.46,4,5
228097,13.59,0.0925,19.36,2.386,0.0623,353.54,0.129,-17.7,4,50
228098,13.57,0.0994,20.9,2.375,0.0501,382.07,0.1233,-18.83,4,5
228099,14.05,0.0702,14.43,2.427,0.0643,352.29,0.0263,-14.3,4,50
228101,13.2,0.101,21.14,2.385,0.0698,378.08,0.0672,-20.64,4,50
228102,12.48,0.0764,16.95,2.25,0.0381,295.17,0.4497,-6.91,4,5
228103,13.16,0.1158,24.59,2.351,0.0208,400.34,0.0548,-22.41,4,5
228104,13.57,0.1432,31.37,2.281,0.0263,423.0,0.0232,-31.58,4,5
228105,13.57,0.1085,22.91,2.366,0.0453,260.14,0.0765,-20.83,4,50
228106,13.11,0.0788,16.51,2.383,0.0344,364.06,0.1901,-13.25,4,5
228107,13.89,0.0491,10.07,2.433,0.0446,363.95,0.1021,-10.5,4,5
228108,13.33,0.0469,9.6,2.441,0.0479,366.37,0.0472,-10.72,4,5
228110,13.71,0.1474,32.49,2.265,0.0306,24.78,0.0127,-32.99,4,50
228111,13.71,0.0945,19.86,2.378,0.042,378.01,0.1402,-17.2,4,5
228112,13.56,0.0799,16.57,2.41,0.0682,360.16,0.1003,-15.83,4,50
228113,13.21,0.1113,23.51,2.365,0.0472,280.37,0.0189,-22.02,4,50
228114,12.77,0.0921,19.51,2.356,0.0415,215.47,0.219,-15.3,4,50
228115,13.5,0.0875,18.29,2.391,0.0526,306.85,0.13,-16.04,4,50
228116,13.6,0.1016,21.42,2.367,0.0432,239.73,0.1277,-18.88,4,50
228117,13.41,0.094,19.65,2.391,0.0516,303.79,0.0809,-17.77,4,50
228118,13.03,0.1182,25.33,2.333,0.033,57.16,0.1437,-22.1,4,50
228119,13.47,0.135,29.32,2.3,0.0173,412.11,0.0868,-28.0,4,5
228120,13.26,0.089,18.46,2.407,0.0937,374.11,0.1017,-19.44,4,50
228121,14.13,0.117,25.06,2.332,0.0278,4.25,0.1483,-21.69,4,50
228122,13.61,0.075,15.55,2.41,0.0078,351.56,0.0787,-13.33,4,5
228123,13.89,0.1345,29.11,2.31,0.0657,386.62,0.0891,-29.77,4,50
228124,13.23,0.0447,9.13,2.447,0.1674,333.04,0.217,-18.06,4,5
228125,12.58,0.0936,19.72,2.37,0.0288,4.25,0.1642,-15.81,4,50
228140,13.02,0.0181,3.82,2.365,0.1068,314.03,0.3484,-7.38,4,5
228148,12.36,0.1017,21.37,2.375,0.0176,390.1,0.0733,-18.68,4,5
228150,13.69,0.0041,1.05,1.473,0.076,357.43,0.064,-9.61,4,5
228155,12.71,0.0724,15.48,2.337,0.1568,311.08,0.3525,-17.66,4,50
228162,13.72,0.0468,9.6,2.434,0.0259,365.67,0.0813,-9.91,4,5
228239,13.38,0.0575,11.73,2.446,0.1016,361.71,0.0905,-14.85,4,5
228290,14.25,0.1432,31.51,2.271,0.033,78.64,0.1128,-30.79,4,50
229760,13.59,0.142,31.1,2.281,0.0374,180.36,0.0764,-30.98,4,50
229761,13.8,0.1339,29.05,2.302,0.0436,254.74,0.1009,-28.3,4,50
229808,13.68,0.1189,25.3,2.347,0.0336,73.63,0.0273,-23.39,4,50
229809,13.15,0.0712,14.92,2.382,0.0405,356.0,0.2191,-11.74,4,5
229811,13.47,0.1524,33.97,2.24,0.0368,171.63,0.0885,-35.01,4,50
229813,13.61,0.0298,6.09,2.446,0.074,356.0,0.1218,-9.99,4,5
229816,13.96,0.0904,18.84,2.396,0.0303,384.43,0.0537,-16.64,4,5
229822,13.42,0.1039,21.94,2.365,0.0506,301.07,0.1264,-19.85,4,50
229826,13.39,0.0856,17.76,2.405,0.0358,382.59,0.0269,-15.94,4,5
229832,14.04,0.1505,33.34,2.256,0.0452,277.61,0.0256,-35.04,4,50
229851,12.72,0.086,18.95,2.267,0.0038,105.7,0.4082,-9.2,4,5
229859,12.73,0.0702,14.5,2.416,0.0949,360.65,0.1558,-15.4,4,50
229878,13.03,0.0748,15.77,2.369,0.0836,345.34,0.2614,-13.38,4,50
229902,12.85,0.0781,16.25,2.401,0.0279,373.08,0.1233,-13.79,4,5
229998,14.0,0.0793,16.5,2.401,0.071,366.78,0.1536,-15.49,4,5
230339,13.43,0.0956,20.43,2.338,0.0177,359.78,0.2499,-15.03,4,5
231464,13.58,0.0375,7.72,2.422,0.0415,354.23,0.1717,-8.6,4,5
231493,13.27,0.0762,16.27,2.34,0.0405,339.35,0.3039,-10.87,4,5
231509,13.13,0.0996,20.99,2.371,0.0429,380.76,0.1379,-18.32,4,5
231516,13.38,0.0402,8.21,2.442,0.0426,364.13,0.0667,-9.82,4,5
231572,13.58,0.109,23.03,2.363,0.0337,80.99,0.076,-20.54,4,50
231610,14.17,0.0399,8.13,2.454,0.074,363.38,0.0129,-11.37,4,5
231612,13.47,0.0194,3.95,2.45,0.0566,309.77,0.0826,-8.73,4,50
231613,13.04,0.1298,28.41,2.282,0.1111,364.35,0.2444,-30.97,4,50
231615,12.88,0.0546,11.95,2.283,0.0524,298.5,0.4321,-5.04,4,5
231620,13.17,0.0124,2.52,2.462,0.0751,358.81,0.0376,-9.8,4,5
231621,13.62,0.0485,9.89,2.446,0.0864,361.69,0.0868,-12.45,4,50
231623,13.05,0.0834,17.93,2.322,0.0549,334.83,0.3247,-12.15,4,5
231631,12.95,0.1269,27.57,2.298,0.0214,389.0,0.1897,-24.19,4,5
231636,13.55,0.1088,23.01,2.363,0.0402,208.08,0.0925,-20.45,4,50
231664,13.21,0.1153,24.5,2.351,0.02,399.26,0.0669,-22.2,4,5
231666,12.87,0.1042,22.0,2.366,0.0314,21.3,0.1101,-18.91,4,50
231692,13.18,0.1137,24.46,2.323,0.0357,145.65,0.2079,-20.21,4,50
233578,12.6,0.0881,19.1,2.303,0.0625,328.11,0.3498,-12.74,4,5
233600,13.35,0.1218,26.05,2.337,0.0292,4.25,0.0632,-23.91,4,50
233683,13.87,0.0761,15.79,2.406,0.0488,370.75,0.1255,-14.1,4,5
233773,14.15,0.1007,21.08,2.385,0.0558,331.94,0.0438,-19.71,4,50
233790,13.46,0.11,23.34,2.354,0.0259,390.16,0.1208,-20.51,4,5
233827,13.05,0.1254,27.24,2.298,0.0418,237.06,0.2031,-24.0,4,50
233915,13.34,0.0988,20.74,2.378,0.0182,387.06,0.0901,-17.93,4,5
233918,13.71,0.1131,24.05,2.349,0.0313,392.48,0.1153,-21.55,4,5
233925,12.59,0.0599,12.5,2.394,0.1067,339.84,0.2542,-13.21,4,5
236878,12.79,0.1098,23.64,2.32,0.0239,368.98,0.2362,-18.66,4,5
236974,13.56,0.1056,23.06,2.288,0.0446,250.29,0.3245,-16.05,5,50
237025,13.36,0.1566,35.08,2.23,0.0523,333.43,0.0304,-38.42,4,50
237035,13.4,0.0962,20.2,2.378,0.0432,380.15,0.1293,-17.72,4,5
237332,13.07,0.1393,30.76,2.259,0.0869,381.73,0.218,-32.28,4,50
237338,13.11,0.112,24.14,2.316,0.0073,344.45,0.2318,-19.03,4,5
237710,12.72,0.0956,20.56,2.323,0.0369,349.97,0.2864,-14.73,5,5
238623,13.0,0.0443,9.59,2.303,0.1072,296.1,0.4215,-7.17,5,5
239521,12.83,0.0652,13.8,2.358,0.0455,339.22,0.2913,-9.66,5,5
239903,12.93,0.1043,22.07,2.361,0.0366,149.51,0.1341,-19.06,5,50
240914,12.81,0.0149,3.26,2.287,0.0775,288.03,0.4545,-2.49,5,50
241099,12.98,0.0638,13.41,2.376,0.0679,343.18,0.2639,-11.0,5,5
241573,12.92,0.0349,7.18,2.427,0.0336,355.91,0.1569,-8.37,4,5
241576,13.79,0.1,21.22,2.353,0.0238,374.12,0.1891,-17.17,4,5
241581,13.69,0.029,5.96,2.433,0.0634,352.6,0.1617,-8.97,4,5
241582,12.98,0.0305,6.38,2.389,0.0707,333.03,0.2824,-7.4,4,5
241589,13.24,0.0444,9.14,2.425,0.0884,350.16,0.1866,-11.03,4,50
241643,12.86,0.043,9.23,2.327,0.0135,315.86,0.3738,-4.63,4,5
241754,12.66,0.054,11.05,2.441,0.1211,352.07,0.1556,-15.14,4,50
241956,13.52,0.0708,14.86,2.378,0.0531,351.83,0.2365,-11.84,4,5
241958,12.96,0.0756,16.19,2.332,0.0741,330.29,0.3283,-11.68,4,5
242177,13.48,0.027,5.54,2.431,0.054,352.63,0.1647,-8.41,4,5
242597,13.55,0.0935,19.57,2.385,0.0989,367.25,0.1668,-20.76,4,50
242624,12.81,0.0716,14.95,2.391,0.0417,360.31,0.194,-12.23,4,5
242843,12.91,0.0156,3.23,2.41,0.0653,339.4,0.2425,-7.19,5,5
242917,13.63,0.0835,17.77,2.346,0.0581,346.52,0.2781,-13.39,4,5
243084,12.45,0.0549,11.57,2.37,0.03,340.02,0.2801,-8.17,4,5
243088,12.59,0.0875,18.67,2.341,0.0861,342.67,0.2882,-15.42,4,50
243159,12.69,0.0247,5.65,2.187,0.0647,247.82,0.5714,1.31,4,5
243313,13.27,0.089,18.55,2.397,0.031,383.32,0.0606,-16.36,4,5
243314,13.41,0.0323,6.63,2.436,0.0196,360.31,0.1131,-8.38,4,5
243315,13.28,0.0417,8.64,2.413,0.005,228.51,0.1835,-8.17,4,5
243316,13.07,0.0264,5.92,2.225,0.0476,207.8,0.5264,0.43,4,50
243318,13.2,0.0255,5.4,2.359,0.0685,319.73,0.3417,-5.7,4,5
243322,13.25,0.061,12.54,2.431,0.1022,358.31,0.1425,-14.48,4,50
243323,13.51,0.0167,3.4,2.449,0.0366,360.36,0.0719,-8.22,4,5
243325,12.88,0.0143,2.99,2.381,0.1013,320.8,0.3206,-7.55,4,5
243334,13.61,0.0934,19.58,2.382,0.0486,283.27,0.1304,-17.12,4,50
243453,13.23,0.1177,25.81,2.277,0.0897,344.89,0.3105,-22.58,5,50
243460,13.09,0.0447,9.3,2.4,0.0381,347.99,0.2249,-8.34,4,5
243479,13.17,0.0273,5.63,2.421,0.0127,352.28,0.1809,-7.24,4,5
243484,13.07,0.0644,13.48,2.387,0.0326,353.99,0.2206,-10.51,4,5
243490,12.53,0.0428,8.89,2.407,0.0638,346.53,0.2219,-9.17,4,5
243494,13.61,0.0757,15.65,2.416,0.0884,365.91,0.1317,-16.26,4,5
243496,13.5,0.0905,19.7,2.294,0.0297,329.24,0.3551,-11.82,4,5
243499,12.77,0.1245,27.58,2.254,0.0208,353.45,0.3118,-20.82,4,5
243501,12.66,0.0901,19.0,2.367,0.0331,42.59,0.1913,-14.97,4,50
243504,12.67,0.0734,15.7,2.336,0.0633,332.12,0.3232,-10.89,4,5
243509,13.22,0.098,22.29,2.195,0.0215,282.36,0.4859,-9.13,4,5
245279,12.98,0.0248,5.24,2.366,0.0946,318.31,0.3377,-7.15,5,5
245682,13.61,0.0218,4.47,2.432,0.0584,350.96,0.171,-8.24,5,5
246108,13.51,0.102,21.8,2.338,0.0709,358.26,0.242,-18.46,5,50
246113,13.69,0.0881,18.31,2.402,0.0632,378.5,0.0867,-17.36,5,5
246114,13.31,0.1069,22.69,2.354,0.0406,382.78,0.1538,-19.84,5,5
246145,13.31,0.1037,21.89,2.367,0.0552,329.44,0.1296,-19.76,4,50
246147,13.12,0.04,8.45,2.363,0.0645,326.3,0.3214,-6.97,4,5
246523,13.37,0.1357,30.0,2.261,0.032,60.59,0.2278,-26.31,5,50
246527,13.11,0.0597,12.3,2.422,0.0384,151.59,0.104,-11.25,5,50
246530,13.24,0.0722,15.84,2.277,0.0508,304.85,0.4183,-7.64,5,5
246533,13.95,0.0347,7.08,2.449,0.0424,364.64,0.0078,-21.74,5,5
246534,13.29,0.0716,15.15,2.361,0.0606,324.76,0.2737,-11.46,5,50
246546,13.23,0.0524,10.8,2.424,0.0574,360.01,0.1442,-10.97,4,5
246550,13.0,0.0903,18.33,2.462,0.2186,343.04,0.1153,-37.38,4,5
246560,13.42,0.0536,11.03,2.427,0.0508,363.31,0.1199,-11.07,4,5
246817,12.85,0.1142,26.11,2.184,0.0307,291.99,0.4616,-13.76,5,5
246831,13.57,0.0508,10.55,2.403,0.0414,351.7,0.2097,-9.29,4,5
246833,13.05,0.0222,4.49,2.472,0.1302,348.31,0.1193,-13.71,4,5
246891,12.88,0.0664,14.1,2.351,0.0204,338.94,0.2983,-9.05,5,5
247019,12.18,0.1231,29.67,2.072,0.0241,229.86,0.5779,-11.07,4,5
247102,12.52,0.0432,9.16,2.355,0.0299,327.96,0.3244,-6.06,5,5
247297,12.79,0.055,11.77,2.333,0.0999,313.41,0.3673,-9.35,5,5
247315,12.88,0.0523,11.11,2.35,0.0138,330.26,0.3227,-6.73,5,5
247323,13.06,0.0507,10.52,2.406,0.0341,354.11,0.196,-9.27,5,5
247341,12.57,0.0106,2.29,2.314,0.0414,302.95,0.4104,-2.49,5,5
247351,12.63,0.0421,9.04,2.327,0.0508,313.33,0.3778,-5.26,5,5
247409,13.01,0.094,19.72,2.381,0.046,263.64,0.1278,-17.16,4,50
247421,12.62,0.0989,20.89,2.366,0.0888,366.91,0.1935,-20.16,4,50
247437,12.55,0.067,14.24,2.351,0.0911,329.28,0.3178,-11.65,4,5
247653,13.21,0.0684,14.7,2.322,0.0655,322.01,0.3562,-9.4,5,5
247946,12.89,0.0924,20.97,2.202,0.0236,281.61,0.4878,-8.05,5,5
247967,12.49,0.072,16.07,2.237,0.0398,169.19,0.4717,-5.55,5,50
247969,12.52,0.0791,16.93,2.333,0.0529,336.39,0.3152,-11.52,5,5
248048,12.53,0.0563,12.98,2.164,0.0893,242.23,0.5761,-1.84,4,50
248183,12.87,0.0467,9.81,2.374,0.0181,338.69,0.2801,-7.11,5,5
248186,12.77,0.0413,8.77,2.349,0.0415,323.41,0.34,-5.81,5,5
248189,13.07,0.0182,3.72,2.451,0.0523,359.14,0.083,-8.73,5,5
248238,12.92,0.1123,25.54,2.197,0.0538,295.61,0.4495,-14.51,5,5
248550,12.92,0.093,20.75,2.24,0.0442,223.79,0.4359,-10.0,5,50
248575,13.36,0.077,17.26,2.229,0.0822,280.9,0.4788,-7.92,5,5
248603,13.83,0.0294,6.03,2.431,0.0304,356.48,0.1445,-8.07,5,5
248670,13.3,0.0357,7.63,2.334,0.1163,304.66,0.3865,-7.93,5,50
248976,13.22,0.003,0.97,1.55,0.0511,343.91,0.2174,-6.83,5,5
248978,13.66,0.0509,10.59,2.401,0.0665,347.22,0.2267,-10.03,5,5
248979,13.12,0.0853,19.35,2.202,0.0479,275.55,0.4997,-7.01,5,5
248985,13.69,0.0217,4.41,2.456,0.1272,343.34,0.1716,-12.74,5,5
248986,12.79,0.0999,22.69,2.199,0.0398,285.25,0.4769,-10.25,5,5
248990,13.0,0.0657,14.1,2.328,0.0654,322.98,0.3509,-9.15,5,5
248991,13.03,0.0459,9.51,2.409,0.0692,347.73,0.2155,-9.82,5,5
248996,12.87,0.0797,16.94,2.35,0.0427,346.89,0.2762,-12.12,5,5
249005,12.6,0.035,7.53,2.319,0.1003,300.78,0.406,-6.37,4,5
249032,12.87,0.0797,16.75,2.377,0.055,358.53,0.2159,-13.75,4,5
249180,12.91,0.125,28.43,2.195,0.0266,315.06,0.4103,-18.19,5,5
249212,12.95,0.0485,10.56,2.291,0.1259,289.4,0.4358,-8.58,5,5
249225,13.41,0.0287,5.86,2.442,0.0565,309.32,0.1159,-8.94,5,50
249236,13.69,0.0133,2.74,2.426,0.1056,339.23,0.2185,-9.9,5,5
249237,13.17,0.059,12.35,2.388,0.0789,343.38,0.2518,-11.21,5,5
249241,13.34,0.1027,21.58,2.376,0.0179,392.21,0.0492,-19.06,4,5
249247,13.44,0.1163,24.79,2.341,0.0537,327.8,0.1315,-23.11,4,50
249256,13.81,0.0852,17.79,2.393,0.0389,375.19,0.128,-15.34,4,5
249258,13.53,0.0838,17.5,2.391,0.0395,372.71,0.1427,-14.93,4,5
249465,13.26,0.0339,6.88,2.462,0.1561,339.31,0.1789,-16.15,5,50
249476,12.7,0.0677,15.29,2.211,0.0408,169.63,0.5135,-3.61,5,50
249481,13.04,0.0792,16.47,2.401,0.0438,372.15,0.1283,-14.42,4,5
249486,12.9,0.0823,17.15,2.397,0.0265,375.91,0.1147,-14.58,4,5
249545,12.79,0.0722,14.94,2.414,0.0592,369.09,0.1189,-14.02,5,5
249755,12.76,0.0929,20.35,2.28,0.0498,322.33,0.3747,-12.42,5,5
249995,13.08,0.1203,27.19,2.208,0.0484,269.95,0.4049,-17.87,5,50
251528,13.6,0.1003,21.19,2.365,0.0394,193.07,0.1479,-18.0,5,50
251534,13.56,0.0933,19.72,2.364,0.0582,342.01,0.2025,-16.39,5,50
251535,13.86,0.1043,21.96,2.373,0.0361,137.7,0.0671,-19.51,5,50
251536,13.14,0.12,25.85,2.318,0.0149,387.33,0.1788,-22.2,4,5
251701,13.3,0.0478,9.86,2.423,0.0257,360.87,0.1407,-9.5,4,5
251702,13.66,0.0382,7.86,2.428,0.051,355.62,0.1569,-9.17,4,5
251742,13.61,0.0692,14.26,2.424,0.08,366.54,0.1115,-14.79,4,5
251743,13.83,0.0399,8.12,2.455,0.0783,362.63,0.0321,-11.57,4,5
251744,13.95,0.0418,8.56,2.442,0.024,366.73,0.0276,-9.64,4,5
252159,12.56,0.0794,17.04,2.327,0.0517,333.84,0.3254,-11.29,4,5
252173,12.54,0.0068,1.59,2.228,0.0746,341.82,0.2206,-7.82,4,5
252179,13.28,0.0393,8.04,2.443,0.0621,360.77,0.0971,-10.32,4,5
252683,13.19,0.0806,16.78,2.399,0.0428,372.91,0.1275,-14.64,4,5
252698,13.13,0.039,7.93,2.456,0.0927,358.85,0.0801,-12.2,4,5
252702,13.05,0.111,23.46,2.363,0.0691,380.11,0.097,-23.0,4,50
252711,13.29,0.078,16.2,2.403,0.0471,371.59,0.1263,-14.34,4,5
252720,13.21,0.0975,20.62,2.36,0.0327,38.45,0.1786,-16.67,4,50
252724,12.74,0.0395,8.11,2.431,0.0624,355.69,0.1516,-9.82,4,5
252737,13.4,0.1199,26.49,2.26,0.0551,344.93,0.325,-20.45,4,5
252740,12.73,0.0363,7.54,2.401,0.1322,325.54,0.2875,-11.98,4,5
252741,13.81,0.0309,6.31,2.446,0.0226,364.39,0.0322,-8.78,4,5
252742,13.63,0.0201,4.11,2.447,0.023,361.49,0.0665,-8.09,4,5
252743,13.3,0.0844,17.62,2.392,0.0658,368.87,0.1576,-16.07,4,5
252746,12.95,0.1067,22.64,2.354,0.0234,384.62,0.1475,-19.31,4,5
252762,12.77,0.0681,14.19,2.398,0.0417,361.11,0.1812,-11.91,4,5
252849,12.6,0.0458,9.76,2.34,0.068,317.86,0.3579,-6.77,4,5
253330,13.12,0.0613,12.63,2.424,0.0493,366.92,0.1074,-12.06,4,5
253340,13.46,0.0686,14.19,2.415,0.0317,371.24,0.0999,-12.59,4,5
253343,13.67,0.0726,14.96,2.424,0.0976,364.8,0.1227,-16.31,4,50
253347,12.94,0.0354,7.24,2.442,0.0708,356.82,0.1263,-10.17,4,5
253348,12.99,0.0646,13.46,2.396,0.0325,358.39,0.1944,-10.94,4,5
253356,13.72,0.0652,13.42,2.426,0.0404,372.48,0.0526,-12.64,4,5
253357,13.93,0.0283,5.77,2.445,0.0499,270.21,0.0838,-8.9,4,50
253362,13.33,0.0426,8.79,2.423,0.0745,351.22,0.1843,-10.27,4,5
253364,13.66,0.0514,10.57,2.428,0.0433,363.19,0.1191,-10.55,4,5
253377,13.29,0.0469,9.63,2.433,0.08,356.03,0.149,-11.49,4,5
253380,12.96,0.067,14.12,2.367,0.0739,340.35,0.2769,-11.32,4,50
253382,12.6,0.0798,17.13,2.327,0.0566,333.76,0.3248,-11.59,4,5
254079,13.27,0.0639,13.33,2.393,0.0228,357.43,0.2014,-10.53,4,5
254465,13.94,0.0473,9.68,2.443,0.0462,367.36,0.0123,-10.79,4,5
254630,13.38,0.1432,31.49,2.272,0.0252,416.12,0.1032,-31.03,4,5
254669,12.38,0.0582,12.28,2.365,0.0365,339.08,0.2862,-8.57,4,5
254679,13.02,0.0334,6.91,2.416,0.0769,344.08,0.2201,-9.08,4,5
254681,12.66,0.0392,8.16,2.399,0.0448,344.06,0.2395,-7.8,4,5
254682,12.82,0.031,6.35,2.44,0.0938,349.12,0.1695,-10.71,4,5
254691,13.09,0.0203,4.56,2.229,0.0481,210.19,0.5246,0.61,4,50
256505,13.09,0.0088,1.85,2.358,0.0762,357.25,0.0704,-9.64,5,5
256550,13.36,0.0348,7.07,2.46,0.1063,355.75,0.0949,-12.53,4,50
256553,13.53,0.0737,15.25,2.411,0.0616,368.66,0.1263,-14.29,4,5
256556,13.61,0.0155,3.17,2.446,0.0286,359.67,0.0874,-7.9,4,5
257173,13.3,0.1027,21.86,2.345,0.0078,355.52,0.1981,-17.38,5,5
257193,13.72,0.1529,34.04,2.244,0.016,432.47,0.0136,-35.16,4,5
257195,13.53,0.0925,19.47,2.373,0.0548,370.4,0.1783,-16.84,4,5
257196,13.99,0.078,16.17,2.41,0.0214,378.35,0.0598,-14.11,4,5
257197,13.18,0.0265,5.42,2.439,0.0626,331.6,0.1394,-8.84,4,50
257198,14.23,0.0999,21.02,2.373,0.0654,377.94,0.1452,-19.53,4,5
257199,13.61,0.0805,16.69,2.41,0.0407,378.91,0.0535,-15.1,4,5
257200,13.53,0.0578,11.82,2.442,0.121,354.05,0.1439,-16.01,4,5
257201,13.16,0.055,11.4,2.41,0.029,359.0,0.1713,-9.98,4,5
257202,13.25,0.0893,18.65,2.392,0.0328,380.65,0.0977,-16.23,4,5
257203,13.19,0.0587,12.08,2.427,0.0592,364.7,0.1148,-12.1,4,5
257204,13.68,0.1028,21.69,2.367,0.0309,10.36,0.1163,-18.46,4,50
257205,13.64,0.0586,12.0,2.438,0.0763,366.04,0.0762,-13.31,4,5
257206,12.92,0.0575,12.51,2.294,0.0135,307.23,0.4099,-5.12,4,5
257375,13.01,0.0675,14.11,2.388,0.0582,353.14,0.2216,-11.83,4,5
257376,13.68,0.1456,32.04,2.27,0.0655,389.64,0.1024,-34.12,4,50
257380,13.48,0.0938,19.6,2.389,0.0065,326.21,0.0505,-16.96,4,5
257381,14.06,0.0278,5.64,2.459,0.0818,358.84,0.065,-10.74,4,5
257383,13.45,0.056,11.51,2.43,0.0272,369.07,0.0688,-11.01,4,5
257384,13.63,0.0446,9.17,2.43,0.0565,358.45,0.1408,-10.14,4,5
257385,13.51,0.1016,21.45,2.366,0.0364,141.46,0.1316,-18.41,4,50
257386,13.23,0.0511,10.46,2.442,0.1212,350.29,0.1616,-14.91,4,5
257387,13.92,0.0755,15.66,2.408,0.0548,370.45,0.1222,-14.31,4,5
257388,13.98,0.0483,9.9,2.436,0.0386,366.03,0.0732,-10.42,4,5
257389,13.45,0.1095,23.14,2.363,0.0467,276.3,0.0832,-21.27,4,50
257390,13.95,0.0944,19.75,2.388,0.0774,375.35,0.1276,-19.09,4,50
257392,13.37,0.0153,3.12,2.447,0.0258,360.11,0.0815,-7.87,4,5
257393,13.79,0.103,21.62,2.379,0.0639,386.12,0.09,-20.75,4,5
257394,13.95,0.1062,22.36,2.372,0.0373,164.76,0.0516,-19.99,4,50
257395,13.02,0.0432,9.02,2.393,0.1093,330.91,0.2815,-10.85,4,5
257397,13.34,0.1384,30.13,2.294,0.0425,245.25,0.0672,-30.0,4,50
257398,13.66,0.0516,10.64,2.419,0.0368,360.1,0.1522,-10.02,4,5
257399,13.09,0.1048,22.55,2.321,0.1004,348.37,0.2791,-20.86,4,50
257400,13.09,0.0917,19.16,2.392,0.0322,383.7,0.0754,-16.84,4,5
257401,12.97,0.0279,6.1,2.283,0.1215,281.8,0.4603,-5.74,4,5
257402,12.55,0.0901,19.27,2.334,0.0268,350.61,0.2783,-13.51,4,5
257404,13.13,0.0526,10.86,2.418,0.0196,361.96,0.144,-9.85,4,5
257405,12.22,0.0328,6.98,2.345,0.0976,311.05,0.3685,-7.06,4,5
257406,13.17,0.0863,17.99,2.397,0.0406,378.53,0.0996,-15.88,4,5
257407,13.76,0.0618,12.58,2.451,0.1124,363.15,0.0626,-16.56,4,5
257409,13.07,0.0405,8.29,2.442,0.0952,353.75,0.1451,-11.69,4,50
257411,12.9,0.0779,16.27,2.39,0.034,366.77,0.1702,-13.37,4,5
257412,12.82,0.0303,6.23,2.428,0.1034,341.76,0.2141,-10.65,4,5
257413,13.13,0.0954,20.13,2.368,0.0424,226.83,0.1682,-16.72,4,50
257415,14.1,0.0435,8.89,2.444,0.0478,365.84,0.036,-10.43,4,5
257416,13.0,0.0514,11.01,2.328,0.0265,319.44,0.3636,-5.85,4,5
257418,13.57,0.0092,1.88,2.451,0.0219,361.76,0.0354,-7.86,4,5
257486,13.99,0.1549,34.68,2.232,0.0312,39.05,0.0663,-35.89,4,50
257495,13.72,0.1534,34.33,2.231,0.0409,233.75,0.1146,-35.55,4,50
257505,13.13,0.0197,4.03,2.445,0.0455,357.94,0.1069,-8.36,4,5
257561,13.47,0.0358,7.45,2.401,0.0768,338.71,0.2537,-8.66,4,5
257566,13.37,0.0322,6.61,2.429,0.0393,355.6,0.153,-8.38,4,5
257775,14.24,0.1303,28.05,2.322,0.0633,379.27,0.0781,-28.23,4,50
257899,13.15,0.0532,10.92,2.435,0.0716,362.19,0.1125,-12.09,5,5
257946,12.66,0.0564,12.18,2.313,0.0739,310.14,0.3892,-7.37,4,5
257967,12.93,0.0371,7.6,2.44,0.1372,338.34,0.2111,-14.13,4,5
257987,13.69,0.0434,8.91,2.433,0.0441,361.33,0.1165,-9.8,4,5
258239,13.04,0.018,3.74,2.397,0.0651,334.6,0.2704,-6.75,5,5
258365,13.77,0.1294,27.81,2.332,0.0619,370.51,0.0521,-27.35,5,50
258538,13.39,0.0651,13.23,2.459,0.1442,356.47,0.0966,-20.14,4,5
258567,13.18,0.0739,15.72,2.349,0.0699,335.74,0.299,-11.63,4,50
258597,13.38,0.0927,19.58,2.363,0.0377,163.72,0.1936,-15.7,4,50
258621,13.6,0.121,25.96,2.327,0.0308,17.95,0.1353,-23.16,4,50
258624,13.47,0.0638,13.21,2.41,0.0422,363.31,0.154,-11.67,4,5
258627,13.23,0.0839,17.99,2.33,0.0667,337.09,0.313,-13.1,4,5
258628,13.13,0.0787,16.88,2.329,0.0426,335.53,0.3207,-10.95,4,5
258631,13.13,0.04,8.21,2.431,0.0666,354.87,0.1567,-10.0,4,5
258646,13.74,0.0285,5.88,2.415,0.0884,339.6,0.2367,-9.14,4,5
258656,14.19,0.0006,0.51,0.057,0.0215,360.41,0.0659,-7.65,4,5
258669,13.59,0.0706,14.77,2.385,0.0839,348.88,0.2365,-13.48,4,5
258683,12.8,0.0693,14.52,2.383,0.0998,343.1,0.2541,-14.08,4,5
258684,13.74,0.0509,10.45,2.43,0.0706,358.96,0.1398,-11.48,4,5
258685,14.05,0.0512,10.42,2.451,0.0906,363.23,0.0572,-13.43,4,5
258686,13.56,0.0436,8.94,2.436,0.0455,362.69,0.0997,-10.01,4,5
258698,13.98,0.0672,13.89,2.417,0.032,370.82,0.0985,-12.41,4,5
258762,13.51,0.0537,11.07,2.424,0.0427,363.11,0.1274,-10.72,4,5
259316,13.95,0.0892,18.65,2.389,0.0506,376.17,0.1291,-16.61,4,5
259342,13.21,0.0728,15.25,2.384,0.0633,354.35,0.222,-12.9,4,5
259343,13.81,0.1032,21.7,2.376,0.0379,390.41,0.0683,-19.66,4,5
259357,13.3,0.0425,8.71,2.435,0.0143,364.53,0.0867,-9.29,4,5
259360,13.37,0.0373,7.66,2.434,0.0308,360.6,0.1161,-8.91,4,5
259361,12.79,0.0979,20.67,2.367,0.0637,353.17,0.1774,-18.06,4,50
259370,13.16,0.0359,7.53,2.381,0.1461,314.22,0.3297,-12.23,4,5
260701,13.39,0.1233,27.31,2.255,0.0628,346.44,0.3209,-22.01,4,5
260726,13.73,0.0342,7.44,2.292,0.1012,289.89,0.4424,-5.3,4,5
261763,13.38,0.0726,14.98,2.422,0.0842,366.61,0.1067,-15.66,5,50
261774,13.37,0.0955,20.44,2.334,0.0269,356.73,0.2613,-14.97,5,5
261781,13.57,0.0521,11.02,2.362,0.0814,328.01,0.3159,-9.14,5,5
261789,13.72,0.0259,5.3,2.445,0.0935,350.41,0.1554,-10.37,5,50
261791,13.54,0.028,5.77,2.425,0.0152,354.09,0.1672,-7.48,5,5
262002,13.59,0.1468,32.37,2.266,0.0537,341.25,0.078,-33.98,4,50
263012,12.76,0.0276,5.7,2.42,0.1158,334.81,0.2452,-10.85,5,5
263078,12.53,0.0973,20.55,2.363,0.0971,362.31,0.2097,-20.32,4,50
263080,14.17,0.1372,29.85,2.296,0.0423,245.08,0.0752,-29.64,4,50
263096,13.52,0.1307,28.15,2.327,0.1191,388.59,0.1199,-34.36,4,50
263122,13.58,0.0362,7.43,2.435,0.0105,360.5,0.1065,-8.6,4,5
263699,13.6,0.0524,10.8,2.42,0.0523,358.98,0.1559,-10.6,5,5
263792,12.66,0.0882,19.27,2.285,0.015,323.22,0.3743,-10.63,4,5
263794,13.69,0.1136,24.1,2.354,0.0544,391.72,0.1077,-22.79,4,5
263795,14.02,0.0303,6.18,2.452,0.0529,362.91,0.0284,-9.6,4,5
263796,13.76,0.0749,15.5,2.414,0.0897,364.03,0.1443,-16.08,4,5
263797,13.44,0.0266,5.44,2.445,0.0691,355.61,0.1255,-9.51,4,5
263799,13.53,0.1044,22.04,2.367,0.0477,283.98,0.1143,-19.75,4,50
263800,14.14,0.0186,3.79,2.447,0.052,357.78,0.1029,-8.58,4,5
263801,13.63,0.0826,17.21,2.396,0.0307,374.97,0.1229,-14.64,4,5
263802,13.32,0.028,5.75,2.431,0.0295,355.86,0.1484,-7.93,4,5
263803,13.14,0.0471,9.7,2.423,0.0397,359.3,0.1477,-9.69,4,5
263804,13.32,0.0857,17.86,2.397,0.0455,377.04,0.1088,-15.88,4,5
263805,13.93,0.0487,10.05,2.419,0.0867,349.6,0.1963,-11.43,4,5
263806,13.52,0.0518,10.61,2.437,0.0334,369.14,0.0255,-10.84,4,5
263807,14.01,0.0672,13.85,2.422,0.0362,372.87,0.0651,-12.74,4,5
263808,14.05,0.0578,11.92,2.422,0.0156,367.21,0.1081,-10.75,4,5
263809,13.38,0.054,11.02,2.446,0.1071,358.53,0.1127,-14.46,4,50
263810,13.98,0.0565,11.58,2.437,0.0815,362.85,0.1043,-13.15,4,5
263811,14.2,0.0321,6.54,2.454,0.061,362.72,0.0257,-10.07,4,5
263812,14.19,0.0665,13.83,2.402,0.0391,361.97,0.1725,-11.72,4,5
263814,13.1,0.0536,11.1,2.409,0.0204,358.2,0.1763,-9.58,4,5
263815,13.91,0.0516,10.63,2.427,0.0451,362.77,0.1235,-10.6,4,5
263816,13.28,0.0672,13.82,2.429,0.1029,360.33,0.1371,-15.9,4,5
263817,14.06,0.0554,11.37,2.434,0.0563,366.63,0.0795,-11.84,4,5
263818,13.43,0.081,16.94,2.389,0.0829,360.69,0.1924,-15.79,4,50
263819,13.75,0.1539,34.37,2.237,0.0347,118.84,0.0678,-35.59,4,50
263821,13.96,0.0541,11.08,2.438,0.049,368.61,0.0396,-11.57,4,5
263822,13.74,0.0802,16.68,2.402,0.0532,372.06,0.1267,-15.0,4,5
263823,13.83,0.1343,29.09,2.306,0.0389,199.72,0.0654,-28.38,4,50
263825,12.78,0.0192,4.1,2.339,0.0861,308.16,0.3807,-5.31,4,5
263826,13.51,0.1256,26.94,2.328,0.044,262.65,0.0761,-25.79,4,50
263827,13.73,0.0649,13.4,2.42,0.0502,282.25,0.1045,-12.39,4,50
263828,13.37,0.0532,10.97,2.421,0.0364,362.0,0.1396,-10.33,4,5
263829,13.91,0.1111,23.59,2.353,0.0483,388.06,0.13,-21.57,4,5
263830,13.65,0.0686,14.27,2.402,0.0433,363.14,0.1677,-12.23,4,5
263831,12.85,0.0679,14.23,2.383,0.056,351.73,0.2312,-11.64,4,5
263832,14.01,0.0812,16.83,2.411,0.0345,380.82,0.0076,-25.23,4,5
263833,13.47,0.0754,15.64,2.406,0.0474,370.48,0.1264,-13.92,4,5
263834,14.16,0.1272,27.34,2.324,0.0366,157.74,0.0745,-25.78,4,50
263836,13.71,0.1098,23.19,2.364,0.0297,4.25,0.033,-20.8,4,50
263837,14.14,0.1438,31.55,2.278,0.0681,396.04,0.0963,-33.66,4,50
263840,12.67,0.1238,28.74,2.151,0.019,284.07,0.4779,-15.29,4,5
264048,13.76,0.0278,5.71,2.43,0.0313,355.48,0.1512,-7.93,4,5
264050,13.43,0.0382,8.04,2.372,0.0821,326.59,0.3127,-7.91,4,5
264051,13.89,0.1035,21.74,2.377,0.0201,393.49,0.0257,-19.36,4,5
264053,14.19,0.1502,33.31,2.252,0.0602,375.27,0.0852,-36.01,4,50
264055,13.92,0.0916,19.16,2.387,0.0605,346.07,0.1311,-17.27,4,50
264057,14.4,0.0985,20.51,2.398,0.0889,383.95,0.044,-21.71,4,50
264059,13.36,0.0268,5.55,2.411,0.0884,337.77,0.2467,-8.85,4,5
264060,13.42,0.0867,18.04,2.4,0.0535,312.47,0.087,-16.37,4,50
264065,13.44,0.067,13.73,2.438,0.0976,366.07,0.0799,-16.01,4,5
264066,13.87,0.0576,11.75,2.45,0.0991,364.42,0.0484,-14.93,4,5
264068,13.46,0.0524,10.77,2.429,0.0883,355.33,0.159,-12.49,4,5
264071,13.88,0.0913,19.13,2.385,0.0403,378.0,0.128,-16.58,4,5
264073,13.94,0.0386,7.88,2.444,0.076,358.06,0.1142,-10.83,4,5
264074,13.13,0.0597,12.29,2.424,0.0791,359.59,0.1486,-12.97,4,5
264075,13.39,0.1336,28.9,2.308,0.054,340.69,0.0742,-29.15,4,50
264076,14.12,0.0094,1.93,2.43,0.0569,350.34,0.1687,-7.81,4,5
264083,14.62,0.0516,10.58,2.435,0.0739,359.21,0.114,-11.81,4,50
264084,14.15,0.1148,24.34,2.355,0.0405,398.05,0.0609,-22.76,4,5
264085,14.24,0.0274,5.59,2.45,0.0664,358.42,0.0949,-9.69,4,5
264086,13.88,0.0477,9.8,2.432,0.0745,357.36,0.1439,-11.31,4,5
264087,13.65,0.0387,7.8,2.478,0.1347,353.63,0.0642,-15.82,4,5
264089,13.51,0.104,21.99,2.363,0.0516,308.9,0.1426,-19.51,4,50
264094,13.56,0.016,3.26,2.455,0.1136,347.11,0.1512,-11.62,4,5
264100,14.01,0.0035,2.2,0.049,0.1555,341.32,0.1382,-15.48,4,5
264101,13.58,0.0832,17.34,2.396,0.0466,373.58,0.1295,-15.24,4,5
264103,14.04,0.041,8.39,2.441,0.0821,356.25,0.133,-11.2,4,5
264109,12.82,0.055,11.33,2.425,0.0621,339.74,0.1335,-11.38,4,50
264110,13.45,0.0418,8.62,2.423,0.0402,176.51,0.155,-8.88,4,50
264114,14.02,0.046,9.23,2.488,0.1698,346.15,0.1002,-20.32,4,5
264116,14.05,0.0527,10.75,2.448,0.1064,358.07,0.1115,-14.42,4,5
264119,13.0,0.1049,23.56,2.223,0.0241,305.13,0.4309,-12.45,4,5
264120,13.0,0.0663,13.86,2.388,0.0608,352.07,0.2247,-11.74,4,5
264121,13.11,0.0297,6.05,2.453,0.0828,356.76,0.1022,-10.67,4,5
264123,12.73,0.0808,17.19,2.347,0.0719,341.55,0.29,-13.34,4,5
264125,12.93,0.0822,17.12,2.399,0.0588,336.37,0.1302,-15.35,4,50
264130,12.8,0.0655,14.34,2.282,0.0378,304.4,0.4195,-6.27,4,5
264132,13.25,0.006,1.35,1.793,0.0894,353.76,0.1041,-10.15,4,5
264133,13.34,0.0322,6.59,2.443,0.0436,361.21,0.0882,-9.12,4,5
264134,13.19,0.0304,6.25,2.431,0.0441,355.08,0.1529,-8.41,4,5
264135,13.28,0.0405,8.29,2.441,0.1203,345.29,0.1847,-13.33,4,5
264138,13.72,0.0365,7.43,2.454,0.0904,357.62,0.0954,-11.71,4,5
264139,13.56,0.0838,17.47,2.397,0.0537,373.42,0.1286,-15.68,4,5
264141,12.75,0.0382,7.79,2.451,0.1606,335.34,0.2066,-16.62,4,50
264144,13.26,0.1411,30.97,2.275,0.025,410.87,0.1264,-29.96,4,5
264145,13.25,0.0826,17.15,2.405,0.0494,376.87,0.0905,-15.6,4,5
264147,13.11,0.1069,22.77,2.344,0.0243,378.93,0.1818,-18.89,4,5
264150,13.84,0.0443,8.99,2.46,0.1085,358.62,0.0738,-13.77,4,50
264153,13.01,0.067,14.39,2.325,0.0632,322.69,0.3534,-9.16,4,5
264154,12.59,0.0791,17.0,2.325,0.0108,335.96,0.3238,-10.28,4,5
264155,13.15,0.1055,23.15,2.277,0.0615,332.63,0.3485,-16.43,4,5
264156,13.34,0.0863,17.99,2.396,0.061,374.29,0.1251,-16.57,4,5
264157,12.81,0.1058,22.52,2.348,0.0429,237.69,0.18,-18.95,4,50
264164,13.59,0.0731,15.15,2.411,0.0602,368.2,0.1298,-14.09,4,5
264166,13.08,0.0774,16.1,2.402,0.0431,371.08,0.1316,-14.06,4,5
264387,13.78,0.1494,33.19,2.249,0.033,82.11,0.1074,-33.32,4,50
264770,13.95,0.0992,21.55,2.298,0.0594,337.45,0.3288,-15.42,4,5
265294,13.42,0.1506,33.5,2.245,0.0138,423.35,0.0992,-33.65,4,5
266644,13.82,0.1482,32.86,2.252,0.0375,184.29,0.1177,-32.99,4,50
266647,13.63,0.0883,18.44,2.391,0.0534,375.69,0.1272,-16.56,4,5
266648,13.41,0.1491,33.09,2.25,0.0479,301.02,0.1157,-34.07,4,50
266656,13.54,0.0585,12.04,2.428,0.0615,364.65,0.1128,-12.21,4,5
266662,14.69,0.1578,35.43,2.225,0.0717,412.1,0.0451,-41.04,4,50
266736,13.83,0.0341,6.86,2.482,0.1744,338.79,0.1526,-18.75,4,50
266772,13.79,0.0857,17.91,2.388,0.0148,375.68,0.1341,-14.78,4,5
266779,13.44,0.0272,5.53,2.452,0.0923,353.32,0.1267,-10.88,4,5
266791,13.18,0.0521,10.61,2.454,0.1233,354.78,0.1183,-15.78,4,5
266808,13.84,0.0886,18.51,2.39,0.0481,376.08,0.1282,-16.33,4,5
266813,13.42,0.0498,10.2,2.437,0.0738,360.88,0.1143,-11.8,4,5
266851,13.73,0.0599,12.33,2.427,0.0374,369.19,0.0812,-11.68,4,5
266869,13.02,0.0919,19.9,2.306,0.0879,328.37,0.3424,-15.25,4,5
266898,13.87,0.0685,14.23,2.406,0.0458,364.67,0.1547,-12.47,4,5
266953,13.29,0.0652,13.49,2.414,0.0885,356.63,0.1766,-13.98,4,5
266962,13.7,0.0584,12.0,2.428,0.0361,369.01,0.0761,-11.46,4,5
266965,12.8,0.0277,5.82,2.379,0.0821,326.13,0.3093,-7.25,4,5
266979,13.4,0.0777,16.21,2.393,0.0585,364.04,0.1768,-14.19,4,5
266982,13.26,0.0281,5.69,2.464,0.108,353.9,0.0978,-12.36,4,5
266988,13.16,0.0818,17.19,2.377,0.031,364.31,0.1966,-13.58,4,5
266992,13.46,0.1059,23.17,2.281,0.088,331.63,0.3432,-18.35,4,50
266995,12.99,0.0767,16.01,2.394,0.03,367.93,0.16,-13.2,4,5
266996,13.07,0.0496,10.69,2.315,0.0205,312.95,0.3867,-4.99,4,5
267099,13.1,0.0591,12.2,2.418,0.0363,364.63,0.1321,-11.12,4,5
269327,13.54,0.0838,17.48,2.394,0.0452,373.58,0.1327,-15.26,4,5
269356,13.52,0.0393,7.97,2.463,0.1203,353.41,0.1063,-14.2,4,5
269420,13.11,0.0376,8.15,2.301,0.0431,193.72,0.4202,-3.32,4,50
269464,13.02,0.0734,15.48,2.367,0.1089,336.58,0.2833,-14.84,4,5
269549,13.66,0.0526,10.77,2.439,0.0546,367.29,0.0529,-11.58,4,5
269620,13.43,0.07,14.38,2.431,0.1313,353.99,0.1592,-18.78,4,5
269621,12.63,0.0612,12.85,2.38,0.0435,347.4,0.2483,-9.92,4,5
269622,12.91,0.0034,1.14,0.716,0.1291,325.4,0.2796,-10.38,4,5
269623,13.64,0.0761,15.73,2.415,0.0362,377.63,0.0417,-14.23,4,5
270504,13.86,0.0796,16.59,2.397,0.0422,370.64,0.1434,-14.26,4,5
272124,13.64,0.099,20.78,2.38,0.0784,377.56,0.131,-20.24,4,50
274272,14.0,0.0692,14.25,2.424,0.0627,346.78,0.0755,-13.86,4,50
274401,13.18,0.1108,23.46,2.359,0.0326,50.24,0.0749,-20.93,4,50
274404,13.92,0.0855,17.71,2.41,0.0815,375.12,0.0888,-18.05,4,5
274506,14.46,0.1474,32.52,2.264,0.0309,30.57,0.0429,-32.91,4,50
274562,14.37,0.1372,29.82,2.299,0.0367,165.2,0.0481,-29.33,4,50
274566,12.73,0.0619,12.86,2.402,0.0377,358.81,0.1844,-10.87,4,5
274634,13.68,0.1343,29.06,2.306,0.0857,403.75,0.0957,-32.66,4,50
274651,13.45,0.0874,18.3,2.385,0.0036,96.25,0.1356,-14.99,4,5
274666,14.04,0.1368,29.71,2.301,0.0172,418.07,0.0215,-28.96,4,5
274675,13.43,0.0835,17.38,2.398,0.0567,373.1,0.1277,-15.76,4,5
274680,14.38,0.1488,32.92,2.259,0.0782,409.17,0.1141,-36.59,4,50
274773,14.72,0.1452,31.94,2.27,0.0402,219.4,0.0791,-32.31,4,50
274870,13.19,0.0077,1.63,2.397,0.0516,353.39,0.1439,-7.87,4,5
274905,13.58,0.0244,4.96,2.454,0.1008,351.16,0.1354,-11.21,4,5
274970,13.43,0.0396,8.09,2.444,0.0921,354.4,0.1375,-11.68,4,5
274976,13.54,0.1556,34.86,2.231,0.0335,81.04,0.0512,-36.41,4,50
274988,13.21,0.0352,7.18,2.448,0.0751,358.33,0.1036,-10.6,4,5
275006,12.96,0.0829,17.6,2.353,0.01,353.6,0.2539,-12.42,4,5
275007,13.43,0.0757,16.38,2.307,0.0651,319.49,0.3696,-10.13,4,5
275059,13.15,0.0357,7.42,2.4,0.0331,344.39,0.2375,-7.25,4,5
275116,13.24,0.078,16.22,2.402,0.0428,371.66,0.1287,-14.18,4,5
275137,13.12,0.0224,3.52,1.608,0.195,329.08,0.1849,-20.23,4,5
275278,13.07,0.033,6.78,2.427,0.0308,355.53,0.1581,-8.16,4,5
275279,12.88,0.0535,11.66,2.29,0.0578,300.26,0.4251,-5.31,4,5
275319,13.45,0.0283,5.82,2.43,0.0102,355.84,0.1427,-7.73,4,5
275322,13.83,0.1123,23.8,2.357,0.0226,396.88,0.0703,-21.44,4,5
275324,13.11,0.0334,6.87,2.43,0.1061,342.88,0.2072,-11.19,4,5
275332,13.7,0.0917,19.15,2.391,0.0412,208.52,0.0815,-16.85,4,50
275333,13.77,0.0795,16.53,2.401,0.053,370.96,0.1337,-14.79,4,5
275342,12.57,0.0548,11.95,2.288,0.0587,300.19,0.4256,-5.47,4,5
275371,14.97,0.156,34.93,2.231,0.0383,192.88,0.0338,-37.02,4,50
275681,12.59,0.0701,15.38,2.277,0.1096,295.25,0.4285,-10.33,5,5
275682,13.14,0.0406,8.93,2.27,0.0906,283.95,0.4654,-4.45,5,5
278163,13.38,0.0645,13.96,2.305,0.0587,312.68,0.3881,-7.7,5,5
278572,13.69,0.0874,18.73,2.33,0.0077,331.7,0.2936,-12.39,5,5
279204,13.49,0.0639,13.57,2.35,0.0596,332.93,0.3127,-9.56,4,5
279282,13.75,0.102,21.51,2.368,0.0362,137.87,0.1179,-18.65,4,50
279487,13.15,0.0879,19.57,2.24,0.0362,132.39,0.4413,-8.99,4,50
279511,13.44,0.1482,32.83,2.256,0.0283,4.25,0.0885,-32.74,4,50
280072,12.98,0.0235,5.24,2.238,0.0524,235.32,0.4663,-0.03,4,50
280987,13.34,0.0905,19.16,2.359,0.0312,9.63,0.2157,-14.51,5,50
282192,13.06,0.0146,3.03,2.404,0.0837,333.58,0.2662,-7.64,5,5
282198,12.66,0.0969,20.39,2.375,0.0524,377.65,0.1458,-18.12,5,5
282336,12.95,0.07,14.57,2.4,0.0616,360.33,0.1813,-13.03,5,5
282711,14.06,0.0534,10.97,2.431,0.0284,367.63,0.0789,-10.67,5,5
283173,13.37,0.1158,24.96,2.318,0.0047,228.58,0.2066,-20.49,5,5
283176,12.96,0.0266,5.35,2.486,0.1585,343.96,0.1186,-16.9,4,5
283178,13.78,0.0305,6.29,2.423,0.1206,335.22,0.2408,-11.52,5,5
283236,13.4,0.0768,15.84,2.421,0.0991,367.07,0.1149,-17.39,4,50
283396,12.62,0.0225,4.89,2.297,0.1115,287.93,0.4439,-5.24,5,5
283401,12.56,0.0407,8.55,2.377,0.0617,332.93,0.2929,-7.53,5,5
283402,12.64,0.0213,4.48,2.372,0.0164,329.29,0.3087,-4.77,5,5
283419,13.41,0.0198,4.14,2.396,0.1316,320.07,0.3076,-10.39,5,5
283424,12.83,0.0104,2.28,2.172,0.0695,276.07,0.4899,-0.96,5,50
283510,12.99,0.0551,11.82,2.327,0.0476,319.1,0.3633,-6.79,5,5
283512,13.11,0.0541,11.4,2.372,0.0417,339.28,0.2805,-8.38,5,5
283513,12.8,0.0537,10.98,2.443,0.0955,359.9,0.1101,-13.72,5,5
283519,13.21,0.0434,8.94,2.423,0.052,355.39,0.1672,-9.52,5,5
283532,13.21,0.0522,10.81,2.411,0.0669,352.07,0.1981,-10.65,5,5
283538,13.33,0.064,13.19,2.423,0.0301,371.38,0.0746,-12.06,5,5
283543,13.31,0.0884,18.71,2.36,0.0826,354.2,0.2418,-16.4,5,50
283549,13.31,0.0271,6.22,2.18,0.0869,244.13,0.5767,0.6,5,50
283553,13.95,0.0905,18.93,2.388,0.0892,368.11,0.1639,-18.46,5,50
283560,13.17,0.0952,21.77,2.182,0.0757,270.12,0.5053,-9.74,5,50
283732,13.75,0.0359,7.36,2.432,0.1163,341.34,0.2109,-12.13,5,5
284044,13.25,0.0642,13.16,2.436,0.1054,360.84,0.1196,-15.86,5,5
284046,13.13,0.0491,10.43,2.349,0.1142,315.28,0.3519,-9.97,5,50
284047,12.64,0.0633,13.6,2.325,0.0364,323.2,0.3552,-7.65,5,5
284173,13.59,0.1052,22.21,2.364,0.1107,367.99,0.1844,-23.68,5,50
284184,13.21,0.103,22.38,2.298,0.019,346.69,0.3102,-15.34,5,5
284192,13.11,0.085,17.81,2.383,0.0877,360.41,0.1999,-16.84,5,50
284204,13.35,0.0436,9.17,2.373,0.089,327.48,0.3089,-8.87,5,5
284217,13.17,0.0419,8.83,2.37,0.0857,326.07,0.3155,-8.36,5,5
284219,13.51,0.0968,20.34,2.376,0.0194,382.91,0.1194,-17.25,5,5
284226,12.85,0.0598,13.32,2.241,0.035,92.84,0.4819,-3.53,5,50
284433,13.18,0.0127,2.59,2.333,0.1225,341.41,0.1873,-11.74,5,5
284436,12.7,0.052,11.31,2.296,0.0249,305.0,0.4144,-4.56,5,5
284442,13.59,0.1062,22.51,2.356,0.0562,379.92,0.1606,-20.32,5,5
284443,13.98,0.0571,11.85,2.407,0.0421,357.44,0.1826,-10.43,5,5
284447,13.82,0.0387,7.91,2.445,0.0543,363.0,0.0686,-10.12,5,5
284452,13.85,0.0359,7.25,2.471,0.1145,356.9,0.0489,-13.79,5,5
284454,13.58,0.0838,18.13,2.309,0.0603,327.74,0.3486,-11.89,5,5
284459,13.73,0.0567,12.03,2.354,0.0445,332.26,0.3134,-8.07,5,5
284663,13.65,0.1193,25.5,2.338,0.0582,353.15,0.1279,-24.12,5,50
284664,13.68,0.0973,20.44,2.378,0.0259,384.25,0.1077,-17.62,5,5
284665,13.63,0.002,1.16,0.248,0.1133,347.98,0.14,-11.29,5,50
284666,13.07,0.0242,4.95,2.44,0.0204,359.5,0.1067,-7.96,5,5
284667,13.64,0.0472,9.74,2.42,0.0376,357.92,0.1606,-9.49,5,5
284882,13.44,0.0832,17.37,2.393,0.0425,372.75,0.1389,-14.98,5,5
284883,13.38,0.1183,25.37,2.327,0.0318,46.71,0.1544,-22.34,5,50
284887,12.76,0.0839,18.28,2.292,0.0416,321.3,0.3742,-10.45,5,5
285180,13.45,0.0261,5.59,2.333,0.0659,309.68,0.3826,-4.6,4,5
285223,13.46,0.0543,11.23,2.415,0.0946,348.73,0.205,-12.5,5,5
285228,14.18,0.0575,11.81,2.431,0.0863,359.46,0.137,-13.26,4,5
285232,14.01,0.037,7.56,2.443,0.0279,364.68,0.0533,-9.24,4,5
285236,13.8,0.0243,4.98,2.431,0.0308,354.65,0.1545,-7.69,4,5
285648,12.93,0.0154,3.22,2.391,0.0797,329.18,0.2912,-6.95,5,5
285658,13.09,0.0568,12.17,2.329,0.074,317.24,0.3641,-8.09,5,5
286106,13.01,0.0596,12.71,2.344,0.0807,324.23,0.3367,-9.49,5,5
286110,12.71,0.06,12.57,2.384,0.0572,346.33,0.2476,-10.3,5,5
286114,12.72,0.0163,3.5,2.327,0.0586,306.38,0.395,-3.58,5,5
286200,13.19,0.0367,7.56,2.421,0.0606,350.21,0.1915,-8.97,5,5
286227,13.37,0.0379,7.8,2.428,0.0449,356.39,0.153,-8.98,5,5
286310,13.5,0.1325,28.63,2.31,0.0569,355.4,0.0741,-29.24,5,50
286548,13.22,0.1019,21.49,2.369,0.0533,318.03,0.1373,-19.07,4,50
286571,13.19,0.0771,17.7,2.174,0.0384,257.48,0.5449,-3.81,4,5
286575,13.39,0.0959,20.98,2.284,0.0492,272.09,0.3615,-13.08,4,50
286617,14.06,0.0409,8.38,2.44,0.0912,354.31,0.145,-11.45,4,50
286631,13.78,0.0353,7.19,2.452,0.069,361.71,0.0571,-10.59,4,5
286684,14.07,0.0496,10.11,2.451,0.0976,360.41,0.0852,-13.59,4,5
286685,13.68,0.0917,19.21,2.384,0.0294,379.53,0.122,-16.38,4,5
287454,12.63,0.1145,26.16,2.187,0.0432,224.43,0.457,-14.06,5,50
287574,13.67,0.0394,8.21,2.398,0.0751,339.09,0.2538,-8.82,4,5
287577,13.76,0.07,14.49,2.412,0.0501,368.1,0.1273,-13.17,4,5
287600,13.78,0.088,18.35,2.394,0.1109,360.67,0.1812,-19.94,4,5
288095,13.55,0.1312,28.77,2.277,0.0468,291.2,0.2213,-25.52,5,50
288316,12.83,0.0345,7.73,2.23,0.0385,131.34,0.5147,-0.11,5,50
289285,13.12,0.0448,9.24,2.421,0.0502,355.82,0.1674,-9.59,5,5
289327,13.57,0.0117,2.42,2.423,0.0955,344.98,0.1854,-9.69,5,5
289501,12.71,0.1059,24.01,2.202,0.0378,293.15,0.4584,-12.12,5,5
289734,13.62,0.0892,19.41,2.295,0.0611,324.93,0.3613,-12.55,4,5
289790,13.13,0.0596,13.17,2.259,0.0731,287.63,0.4614,-5.58,4,5
289838,13.81,0.0512,10.54,2.425,0.1239,342.74,0.2127,-14.35,4,5
289861,12.95,0.0388,8.15,2.38,0.0508,334.98,0.2851,-7.12,4,5
291251,13.75,0.0869,18.2,2.382,0.0916,361.27,0.1973,-17.65,5,50
291255,13.05,0.0643,13.74,2.337,0.0835,323.12,0.3431,-10.13,5,5
291260,13.94,0.0726,15.05,2.41,0.0778,363.3,0.155,-14.74,5,5
291276,13.42,0.0509,11.4,2.23,0.0396,152.51,0.5058,-1.81,5,50
291297,13.04,0.0356,7.53,2.36,0.0589,324.43,0.3288,-6.22,5,5
291301,13.07,0.0652,13.9,2.341,0.0569,329.89,0.3269,-9.3,5,5
291316,13.59,0.0107,2.3,2.313,0.0475,302.45,0.4115,-2.64,5,5
291327,13.62,0.0423,8.65,2.441,0.0754,358.54,0.1183,-11.09,5,5
291348,13.65,0.0556,11.44,2.428,0.0256,368.2,0.0821,-10.85,5,5
291385,12.85,0.0274,5.64,2.423,0.0361,351.47,0.182,-7.63,5,5
291390,13.84,0.0684,14.18,2.407,0.0607,362.66,0.1612,-13.02,5,5
291429,13.61,0.0926,19.38,2.387,0.0233,383.11,0.0936,-16.66,5,5
291437,13.49,0.0945,19.78,2.386,0.0206,385.06,0.084,-17.08,5,5
291471,13.84,0.0322,6.57,2.443,0.0747,355.44,0.1313,-10.09,5,5
291485,13.43,0.0689,14.26,2.412,0.0395,368.94,0.1215,-12.66,5,5
291495,13.56,0.0824,17.14,2.399,0.038,375.47,0.1138,-14.93,5,5
291519,13.47,0.073,15.44,2.363,0.0465,347.02,0.2654,-11.37,5,5
291557,13.1,0.0477,10.3,2.311,0.0246,310.01,0.396,-4.62,5,5
291807,12.9,0.0131,2.83,2.313,0.0513,251.02,0.415,-2.51,5,50
292600,13.54,0.1349,30.09,2.239,0.0342,146.2,0.2828,-24.93,4,50
293307,13.51,0.0365,7.81,2.332,0.1146,303.93,0.3891,-7.96,5,5
293331,13.82,0.0747,15.46,2.414,0.0798,366.41,0.1337,-15.46,5,5
293370,13.52,0.0614,12.99,2.36,0.0532,336.67,0.2963,-9.33,5,5
293386,13.5,0.0447,9.44,2.362,0.0672,327.22,0.3194,-7.56,5,5
293418,13.09,0.0114,2.34,2.439,0.0695,350.38,0.1614,-8.51,5,5
293456,13.71,0.0297,6.06,2.445,0.0617,358.05,0.1094,-9.49,5,5
293486,12.83,0.0987,22.26,2.213,0.0386,173.45,0.4581,-10.53,5,50
293502,13.6,0.0705,15.11,2.329,0.0045,184.99,0.3321,-8.71,5,5
293516,13.8,0.0738,15.25,2.416,0.0768,367.71,0.1217,-15.25,5,5
293557,13.47,0.0352,7.22,2.435,0.0219,360.96,0.1111,-8.63,5,5
294132,14.02,0.0737,15.01,2.451,0.1779,346.23,0.1453,-25.02,4,50
294159,12.94,0.0685,14.61,2.339,0.0498,332.01,0.3231,-9.55,4,5
295021,12.82,0.0565,12.45,2.266,0.0406,292.47,0.453,-4.28,5,5
295024,13.6,0.1333,28.86,2.307,0.051,322.94,0.0837,-28.87,5,50
295140,13.91,0.1153,24.58,2.343,0.0127,394.54,0.1169,-21.69,5,5
295153,13.15,0.0544,11.74,2.316,0.0399,314.09,0.3829,-6.0,5,5
295170,13.61,0.0606,12.5,2.418,0.0648,361.03,0.1507,-12.24,5,5
295199,13.2,0.0119,2.45,2.419,0.0658,342.8,0.2201,-7.49,5,5
295205,13.88,0.0097,1.77,0.66,0.1608,339.9,0.1449,-16.09,5,5
295207,13.48,0.0284,6.09,2.332,0.1216,300.61,0.3962,-7.71,5,5
295217,13.26,0.0357,8.0,2.225,0.0607,258.18,0.5212,-0.69,5,50
295226,13.2,0.1296,28.94,2.234,0.0368,174.22,0.3216,-22.46,5,50
295256,13.48,0.0148,3.01,2.457,0.0649,358.89,0.0636,-9.24,5,5
295315,13.51,0.0255,5.63,2.261,0.0392,141.69,0.4818,-0.69,5,50
295323,13.4,0.0665,14.12,2.353,0.0221,339.67,0.2952,-9.16,5,5
295326,13.22,0.069,14.48,2.38,0.0603,350.36,0.2384,-11.86,5,5
295329,13.13,0.0342,7.03,2.431,0.0604,353.88,0.1601,-9.2,5,5
295336,13.14,0.0302,6.35,2.374,0.043,330.44,0.3035,-5.88,5,5
295337,13.69,0.0326,7.32,2.223,0.0606,256.62,0.5264,-0.35,5,50
295340,13.02,0.0616,13.43,2.292,0.0541,305.27,0.4125,-6.49,5,5
295342,13.63,0.0968,20.41,2.369,0.042,221.87,0.1608,-17.02,5,50
295347,13.31,0.1047,23.05,2.268,0.0507,328.42,0.3635,-15.31,5,5
295372,13.89,0.0567,11.62,2.438,0.0561,369.31,0.0254,-12.22,5,5
295383,13.66,0.1029,22.41,2.293,0.0626,338.39,0.328,-16.46,5,5
295395,13.18,0.0087,1.84,2.367,0.0207,326.82,0.3165,-4.29,5,5
295412,13.08,0.0558,11.63,2.395,0.0674,346.91,0.2344,-10.49,5,5
295413,13.57,0.0606,12.47,2.429,0.0758,363.42,0.1188,-13.2,5,5
295431,13.72,0.1046,22.44,2.329,0.0162,366.88,0.2361,-17.27,5,5
295432,13.39,0.0348,7.17,2.426,0.1014,342.97,0.212,-10.87,5,5
295437,13.8,0.0686,14.23,2.409,0.0448,366.4,0.1413,-12.61,5,5
295449,14.06,0.0529,10.86,2.434,0.0739,361.41,0.1178,-12.13,4,5
295481,13.48,0.0385,8.01,2.399,0.0748,339.17,0.2533,-8.75,4,5
295488,13.79,0.077,16.03,2.398,0.0542,366.53,0.16,-14.09,4,5
295490,13.68,0.0523,10.77,2.423,0.0562,359.71,0.1471,-10.85,4,5
295491,14.17,0.0873,18.24,2.391,0.047,375.07,0.1321,-15.98,4,5
295497,13.58,0.0335,6.82,2.452,0.1019,352.73,0.1312,-11.95,4,5
295500,14.24,0.08,16.64,2.4,0.042,372.63,0.1281,-14.49,4,5
295502,13.9,0.0627,12.98,2.412,0.0218,365.69,0.1383,-11.18,4,5
295503,13.98,0.0848,17.69,2.394,0.0456,374.5,0.1285,-15.5,4,5
295504,13.62,0.071,14.69,2.413,0.0934,359.38,0.1658,-15.4,4,5
295509,13.59,0.0401,8.61,2.326,0.1346,298.4,0.4001,-9.58,4,5
295513,14.27,0.0792,16.48,2.4,0.0411,372.3,0.129,-14.34,4,5
295520,13.95,0.07,14.49,2.413,0.0606,366.8,0.1318,-13.6,4,5
295527,13.42,0.0739,16.69,2.213,0.0533,251.71,0.5028,-5.01,4,50
295528,14.04,0.0792,16.44,2.407,0.0428,375.69,0.0922,-14.71,4,5
295529,13.96,0.0258,5.21,2.47,0.1188,352.2,0.0963,-13.12,4,5
295530,14.11,0.1005,21.1,2.377,0.0271,388.45,0.0811,-18.58,4,5
295531,13.45,0.0396,8.09,2.447,0.0669,361.41,0.0828,-10.69,4,5
295553,14.1,0.1115,23.63,2.356,0.0139,395.72,0.0816,-20.98,4,5
295558,13.83,0.0828,17.48,2.367,0.1239,340.39,0.2684,-18.26,4,50
295578,13.64,0.0185,3.77,2.449,0.0355,360.81,0.0678,-8.28,4,5
295591,13.58,0.0614,12.66,2.423,0.0962,356.11,0.1651,-14.15,4,5
295599,14.06,0.0355,7.3,2.428,0.036,356.45,0.1523,-8.53,4,5
295618,13.71,0.0675,13.93,2.421,0.0794,364.04,0.1317,-14.29,4,5
295621,14.04,0.056,11.54,2.424,0.0285,366.41,0.1065,-10.78,4,5
295625,13.58,0.0766,15.93,2.403,0.0367,371.64,0.1269,-13.75,4,5
295627,13.14,0.1248,27.04,2.305,0.0232,388.14,0.1873,-23.63,4,5
295630,13.35,0.0812,16.92,2.396,0.0266,374.08,0.1269,-14.26,4,5
295634,12.87,0.0612,13.35,2.29,0.0635,303.22,0.4168,-6.69,4,5
295644,13.81,0.0477,9.85,2.418,0.0608,354.13,0.1797,-10.15,4,5
295645,13.97,0.111,23.48,2.362,0.0292,4.25,0.035,-21.08,4,50
295653,13.4,0.083,17.28,2.398,0.0525,373.37,0.1268,-15.5,4,5
295675,13.62,0.1033,21.73,2.373,0.0367,388.83,0.0892,-19.47,4,5
295676,13.85,0.0316,6.24,2.473,0.1821,340.26,0.1143,-20.07,4,50
295681,14.01,0.1149,24.68,2.325,0.0366,158.49,0.1958,-20.65,4,50
295686,13.32,0.0999,22.77,2.191,0.0768,277.94,0.4865,-11.36,4,50
295699,14.06,0.0452,9.22,2.45,0.0764,363.23,0.057,-11.88,4,5
295701,13.33,0.1084,22.94,2.36,0.0537,324.94,0.123,-20.98,4,50
295710,14.07,0.0789,16.37,2.408,0.0336,377.19,0.0775,-14.46,4,5
295746,12.83,0.0831,17.89,2.318,0.031,335.15,0.3284,-11.17,4,5
295904,12.99,0.1507,33.45,2.251,0.0363,157.21,0.0616,-34.42,4,50
296499,13.62,0.0577,12.38,2.326,0.0348,320.98,0.3602,-6.8,5,5
296513,13.63,0.0749,16.64,2.249,0.0303,293.87,0.454,-6.36,5,5
296581,13.72,0.0786,16.33,2.403,0.0517,371.12,0.1301,-14.62,4,5
296588,13.39,0.0552,11.48,2.402,0.0542,351.95,0.2102,-10.23,4,5
296592,13.14,0.0427,8.69,2.456,0.1288,349.4,0.1451,-14.77,4,50
296603,13.7,0.07,14.44,2.42,0.0416,373.47,0.0676,-13.29,4,5
296604,13.71,0.0701,14.53,2.411,0.0473,368.13,0.1293,-13.05,4,5
296628,13.77,0.0344,7.04,2.44,0.0459,359.99,0.1085,-9.19,4,5
296634,13.6,0.0662,13.74,2.408,0.0375,364.75,0.1513,-11.9,4,5
296648,13.32,0.0406,8.5,2.386,0.035,339.9,0.266,-7.16,4,5
296654,14.29,0.0995,21.03,2.362,0.0391,189.31,0.1634,-17.65,4,50
296664,13.83,0.0255,5.1,2.493,0.1584,347.91,0.0505,-17.39,4,5
296665,13.62,0.061,12.56,2.425,0.0277,370.43,0.0741,-11.61,4,5
296666,13.11,0.0605,12.6,2.397,0.038,355.51,0.2031,-10.42,4,5
296667,13.58,0.0439,9.09,2.411,0.0783,345.46,0.2218,-10.01,4,5
296671,13.91,0.0885,18.46,2.394,0.0236,381.62,0.0863,-15.91,4,5
296672,12.75,0.0491,10.4,2.36,0.0052,220.09,0.3057,-6.72,4,5
296674,13.7,0.0712,14.65,2.427,0.0891,367.53,0.0979,-15.57,4,50
296682,13.39,0.0412,8.51,2.418,0.0235,355.4,0.1739,-8.45,4,5
296683,14.07,0.1329,29.0,2.291,0.0281,4.25,0.1613,-26.34,4,50
296690,13.67,0.1321,28.58,2.311,0.0899,396.11,0.1279,-31.26,4,50
296691,13.58,0.0999,20.99,2.378,0.0104,387.33,0.0733,-18.2,4,5
296692,14.35,0.1345,29.14,2.305,0.0334,82.21,0.0628,-28.18,4,50
296693,13.64,0.0343,7.01,2.441,0.0399,361.52,0.0919,-9.12,4,5
296694,13.99,0.0353,7.21,2.447,0.0656,360.4,0.0868,-10.23,4,5
296707,13.94,0.0227,4.64,2.438,0.0145,358.56,0.1174,-7.72,4,5
296711,13.02,0.0783,16.62,2.352,0.0333,347.73,0.2727,-11.66,4,5
296720,13.69,0.0562,11.5,2.44,0.061,368.77,0.0238,-12.38,4,5
296725,13.54,0.0262,5.36,2.444,0.0555,303.96,0.1065,-8.83,4,50
296726,14.16,0.0483,9.97,2.421,0.0336,359.42,0.152,-9.6,4,5
296738,13.08,0.008,1.71,2.058,0.0313,4.25,0.4202,-1.68,4,50
296745,13.38,0.0381,7.85,2.425,0.031,356.95,0.1539,-8.59,4,5
296757,13.25,0.0825,17.58,2.343,0.0674,342.07,0.2917,-13.37,4,5
296763,12.82,0.0668,13.95,2.391,0.0672,352.51,0.2198,-12.21,4,5
296774,13.58,0.0405,8.24,2.457,0.1102,354.66,0.112,-13.4,4,5
296777,13.12,0.0356,7.4,2.403,0.0877,337.25,0.2556,-9.23,4,5
296782,13.57,0.1052,22.17,2.371,0.0627,359.39,0.1094,-20.71,4,50
296783,13.05,0.0634,13.2,2.399,0.0141,360.36,0.1828,-10.61,4,5
296786,13.71,0.0534,10.93,2.44,0.0709,365.01,0.0758,-12.35,4,5
296787,13.12,0.1396,30.5,2.287,0.0609,371.09,0.1119,-31.39,4,50
296793,12.85,0.0519,10.99,2.36,0.0722,328.62,0.3167,-8.6,4,5
296809,12.99,0.034,7.27,2.338,0.0843,310.88,0.3747,-6.2,4,5
296817,13.45,0.1077,22.66,2.374,0.0535,393.47,0.0382,-21.63,4,5
296853,14.04,0.0095,1.93,2.447,0.0475,358.52,0.0854,-8.27,4,5
296887,13.2,0.0522,11.57,2.254,0.0661,283.13,0.4752,-4.01,4,5
297019,13.18,0.0753,17.09,2.201,0.0351,270.39,0.5148,-4.54,5,5
297047,13.63,0.0603,13.41,2.246,0.0451,210.44,0.4764,-3.85,5,50
297048,13.52,0.068,14.38,2.362,0.0165,345.67,0.271,-9.8,5,5
297049,13.12,0.0892,18.54,2.403,0.0784,375.98,0.095,-18.25,5,50
297052,12.87,0.0638,13.59,2.342,0.0152,333.24,0.3198,-8.16,5,5
297056,14.3,0.0862,18.41,2.338,0.085,340.46,0.296,-14.89,5,50
297057,12.42,0.0149,3.26,2.28,0.0953,283.05,0.4658,-3.09,5,50
297059,12.65,0.0816,17.84,2.284,0.0207,316.83,0.3898,-9.12,5,5
297111,12.5,0.0956,21.1,2.262,0.0167,317.66,0.3949,-11.49,4,5
297144,13.3,0.0852,17.81,2.39,0.0237,375.27,0.1336,-14.85,4,5
297147,13.57,0.0538,11.06,2.427,0.0367,365.43,0.1057,-10.73,4,5
297155,13.32,0.0474,9.73,2.431,0.0827,354.96,0.157,-11.59,4,5
297158,13.58,0.0675,14.09,2.392,0.0199,359.66,0.1953,-11.08,4,5
297160,14.11,0.0678,13.99,2.421,0.0369,372.69,0.0714,-12.81,4,5
297163,13.37,0.0252,5.15,2.439,0.0696,352.58,0.1531,-9.15,4,5
297168,13.32,0.076,16.07,2.361,0.0661,345.49,0.2696,-12.65,4,5
297174,13.36,0.0857,18.09,2.365,0.124,342.03,0.2646,-19.02,4,50
297178,13.12,0.0634,14.16,2.236,0.0641,276.44,0.4845,-4.95,4,50
297182,13.82,0.0369,7.56,2.435,0.0306,4.25,0.1038,-8.65,4,50
297194,12.96,0.0664,14.05,2.36,0.0349,342.18,0.2819,-9.69,4,5
297195,13.93,0.1479,32.67,2.262,0.0423,245.98,0.0755,-33.46,4,50
297196,13.48,0.0961,20.49,2.343,0.0101,362.92,0.2336,-15.35,4,5
297215,13.31,0.1255,28.45,2.202,0.0304,40.57,0.3978,-18.58,5,50
297218,13.08,0.0267,5.52,2.417,0.0374,348.88,0.1998,-7.38,5,5
297221,14.03,0.037,7.37,2.508,0.1779,346.54,0.02,-20.74,5,50
297287,13.94,0.0327,6.64,2.454,0.0871,357.24,0.0959,-11.2,4,5
297442,12.98,0.0836,18.16,2.298,0.0603,321.93,0.3677,-11.32,5,5
297644,13.42,0.0442,9.15,2.41,0.0876,343.56,0.2282,-10.49,5,5
297692,13.69,0.0249,5.18,2.406,0.0621,340.28,0.2436,-7.43,5,5
298254,13.15,0.0314,6.61,2.375,0.1175,318.33,0.3284,-9.4,5,5
298614,13.4,0.1115,23.76,2.345,0.0315,28.88,0.1446,-20.43,5,50
299061,13.99,0.1129,23.84,2.365,0.0777,390.69,0.0769,-24.3,5,50
299062,13.58,0.0981,20.69,2.367,0.0483,285.18,0.1608,-17.77,5,50
299447,13.56,0.0646,14.04,2.295,0.0381,309.99,0.4013,-6.65,5,5
299465,14.14,0.0564,11.91,2.366,0.037,338.57,0.287,-8.38,5,5
299473,14.08,0.0743,15.34,2.421,0.0543,375.69,0.0405,-14.65,5,5
299479,14.17,0.0361,7.37,2.451,0.087,357.03,0.1074,-11.36,5,5
299491,12.97,0.0353,7.83,2.25,0.0467,211.09,0.492,-1.17,5,50
299511,12.59,0.0946,21.44,2.203,0.0527,282.57,0.4813,-9.49,5,5
299523,13.14,0.0142,3.05,2.319,0.0764,300.65,0.4109,-3.83,5,5
299524,13.92,0.0637,13.21,2.407,0.0332,362.75,0.1617,-11.29,5,5
299537,13.58,0.0223,4.74,2.343,0.0411,315.53,0.3645,-4.01,5,5
299547,13.54,0.0567,11.75,2.409,0.0745,352.4,0.1992,-11.59,5,5
299551,13.86,0.0063,1.47,2.222,0.0625,332.94,0.0739,-8.7,5,50
299552,14.09,0.0552,11.3,2.441,0.0792,364.32,0.0816,-13.05,5,5
299572,12.7,0.1067,23.23,2.293,0.0426,346.23,0.3116,-16.81,5,5
299575,13.6,0.0568,11.74,2.415,0.0504,359.61,0.1621,-10.95,5,5
300242,14.3,0.0081,1.66,0.466,0.1586,339.53,0.1517,-15.71,5,5
300244,14.21,0.079,16.81,2.346,0.1116,331.91,0.3088,-15.46,5,50
300249,14.05,0.0638,13.21,2.41,0.0329,364.68,0.1467,-11.47,5,5
300250,13.08,0.0941,19.81,2.372,0.009,372.55,0.1511,-16.18,5,5
300991,14.13,0.0332,6.66,2.491,0.1611,346.42,0.0902,-18.0,5,5
300993,13.13,0.0709,14.86,2.384,0.1111,341.33,0.257,-15.22,5,5
300999,13.71,0.0669,14.03,2.381,0.04,352.16,0.2328,-10.86,5,5
301000,14.04,0.0341,6.95,2.451,0.0754,359.24,0.0876,-10.66,5,5
301002,13.48,0.0143,2.68,2.038,0.1503,331.39,0.2278,-13.69,5,5
301005,13.45,0.0582,12.57,2.312,0.0507,313.2,0.3853,-6.69,5,5
301007,13.81,0.0422,8.96,2.35,0.0499,323.39,0.3389,-6.18,5,5
301008,14.04,0.0424,8.77,2.415,0.0209,355.09,0.1789,-8.45,5,5
301009,14.13,0.053,10.85,2.44,0.0658,365.64,0.0709,-12.06,5,5
301010,13.44,0.1105,25.18,2.191,0.0271,292.25,0.4618,-12.76,5,5
301012,13.88,0.0571,11.76,2.425,0.0304,367.3,0.0989,-11.02,5,5
301013,13.36,0.1043,22.03,2.363,0.0356,136.46,0.1218,-19.12,5,50
301018,13.55,0.1326,28.66,2.309,0.0448,267.16,0.0775,-28.22,4,50
301037,13.0,0.0171,3.52,2.423,0.1,337.68,0.2339,-9.36,4,5
301579,13.34,0.0531,10.87,2.443,0.0745,365.01,0.0683,-12.57,4,5
301580,13.07,0.0979,20.78,2.351,0.0299,369.46,0.2068,-16.56,4,5
301753,14.1,0.0742,15.51,2.391,0.0147,365.28,0.1753,-12.3,5,5
301760,12.93,0.0757,16.19,2.334,0.0828,329.38,0.3283,-12.23,5,5
301944,13.23,0.0446,9.7,2.294,0.0944,294.38,0.4319,-6.05,4,5
303999,13.37,0.0572,12.16,2.347,0.0554,328.18,0.3278,-8.18,5,5
304770,12.8,0.0636,14.25,2.226,0.0311,4.64,0.498,-3.2,5,50
304773,13.61,0.0855,17.78,2.402,0.0581,376.89,0.0987,-16.53,5,5
304774,13.83,0.1154,25.25,2.283,0.028,4.25,0.2929,-18.59,5,50
305544,13.21,0.0643,13.52,2.374,0.0997,335.74,0.2831,-12.66,4,5
306000,13.01,0.0752,15.68,2.394,0.0077,343.63,0.1576,-12.62,4,5
306001,13.06,0.0396,8.08,2.451,0.1182,349.32,0.1531,-13.51,4,5
306003,13.54,0.0327,6.65,2.456,0.1,354.53,0.1122,-11.94,4,5
306177,13.29,0.0685,14.25,2.4,0.0384,362.95,0.1707,-12.01,4,5
306178,13.57,0.1032,21.81,2.362,0.1037,366.18,0.1954,-22.48,4,50
306179,13.99,0.0418,8.57,2.438,0.0493,361.83,0.1022,-9.96,4,5
306200,13.55,0.0851,17.79,2.389,0.0572,370.1,0.1566,-15.75,5,5
306753,13.61,0.0869,18.15,2.391,0.0445,375.53,0.1288,-15.87,4,5
307560,13.41,0.1008,21.44,2.347,0.0372,369.83,0.2095,-17.37,4,5
307569,13.08,0.0411,8.46,2.428,0.0376,358.95,0.139,-9.17,4,5
308314,12.89,0.0494,10.56,2.333,0.0798,314.85,0.3673,-7.48,4,5
308660,13.52,0.0346,7.33,2.357,0.0152,326.38,0.3277,-5.09,5,5
309707,12.18,0.1227,29.68,2.063,0.043,170.04,0.586,-11.11,4,50
309733,14.03,0.0332,6.82,2.43,0.0195,358.19,0.1373,-8.2,4,5
309735,13.75,0.0298,6.13,2.433,0.0461,355.61,0.1464,-8.52,4,5
310005,12.21,0.0733,17.1,2.14,0.028,238.99,0.5874,-1.44,4,5
310016,13.79,0.0495,10.06,2.455,0.0987,361.71,0.0584,-13.83,5,5
310022,14.1,0.1093,23.11,2.36,0.0385,187.85,0.092,-20.75,4,50
310025,13.15,0.0259,5.3,2.436,0.1161,340.25,0.2097,-11.42,4,5
310027,12.94,0.0097,2.02,2.405,0.0637,338.47,0.2467,-6.89,4,5
310047,12.96,0.0245,5.23,2.341,0.053,314.22,0.3679,-4.4,5,5
310103,13.46,0.0982,20.56,2.385,0.0487,287.77,0.0678,-18.71,4,50
310104,13.46,0.1012,21.84,2.314,0.0171,353.22,0.2849,-15.49,4,5
310105,14.1,0.1524,33.91,2.246,0.0363,428.49,0.0523,-35.63,4,5
310106,13.4,0.0921,19.21,2.395,0.0782,376.0,0.117,-18.94,4,5
310107,12.94,0.039,8.19,2.381,0.0827,330.42,0.295,-8.4,4,5
310110,12.94,0.0145,2.99,2.426,0.0319,350.67,0.1791,-7.02,4,5
310112,13.29,0.067,14.01,2.389,0.0516,354.26,0.2174,-11.56,4,5
310115,13.47,0.0134,2.74,2.454,0.076,355.23,0.1064,-9.47,4,5
310382,13.4,0.0271,5.71,2.371,0.0499,327.59,0.3132,-5.7,4,5
310397,13.11,0.0108,2.24,2.361,0.1007,348.62,0.1492,-10.52,4,5
310432,12.93,0.1078,24.06,2.238,0.0408,208.79,0.4011,-14.31,4,50
310433,12.81,0.0983,22.55,2.177,0.0477,271.3,0.5078,-9.09,4,5
310439,13.41,0.0911,19.11,2.381,0.0267,377.74,0.1359,-16.05,4,5
310641,13.21,0.0443,9.2,2.406,0.0468,349.43,0.2148,-8.76,4,5
310645,13.89,0.1191,25.58,2.325,0.0314,28.55,0.1567,-22.47,4,50
310655,14.02,0.051,10.37,2.455,0.1012,361.72,0.0601,-14.2,4,5
310666,13.15,0.1019,21.95,2.317,0.0438,353.55,0.2796,-16.5,4,5
310668,13.45,0.0642,13.3,2.41,0.0397,363.87,0.1518,-11.67,4,5
310670,13.14,0.1293,28.77,2.242,0.0632,340.47,0.3118,-23.8,4,50
310867,14.07,0.0206,4.17,2.464,0.0905,357.02,0.0645,-10.91,4,5
310870,13.65,0.0332,6.76,2.455,0.1153,349.79,0.1425,-12.86,4,5
310871,13.15,0.1003,21.36,2.345,0.0699,359.65,0.2293,-18.32,4,50
310872,12.73,0.0214,4.74,2.258,0.043,180.72,0.4881,-0.43,4,50
311592,13.15,0.1058,23.12,2.286,0.0498,285.75,0.3289,-16.16,4,50
311615,12.86,0.0998,21.3,2.341,0.0506,296.82,0.2308,-17.17,4,50
311997,13.54,0.097,20.4,2.375,0.0297,381.84,0.1261,-17.48,4,5
312001,13.19,0.0485,10.16,2.382,0.0984,331.3,0.2901,-10.4,4,5
312023,13.8,0.1508,33.48,2.249,0.032,53.0,0.0657,-34.17,4,50
312457,13.04,0.0855,18.18,2.348,0.0529,350.21,0.2667,-13.74,4,5
312458,14.05,0.0689,14.25,2.416,0.0076,343.4,0.0812,-12.37,4,5
312459,12.77,0.0439,9.44,2.325,0.0847,308.34,0.3873,-6.69,4,5
312461,13.64,0.0899,18.82,2.387,0.0452,376.79,0.1303,-16.5,4,5
312462,14.15,0.095,19.93,2.38,0.0293,381.84,0.1168,-17.12,4,5
312463,13.1,0.0339,6.96,2.433,0.0668,353.42,0.1594,-9.49,4,5
312464,14.05,0.0587,12.06,2.431,0.0459,369.34,0.0632,-11.91,4,5
312465,14.05,0.0295,6.02,2.451,0.0544,361.96,0.0523,-9.54,4,5
312466,13.83,0.0475,9.67,2.451,0.1007,358.24,0.1025,-13.44,4,5
312467,13.92,0.0812,16.88,2.402,0.0292,376.69,0.0998,-14.57,4,5
312468,14.16,0.1201,25.75,2.331,0.0302,8.28,0.1278,-22.91,4,50
312469,14.11,0.0389,7.93,2.452,0.0644,364.0,0.0125,-10.77,4,5
312471,12.93,0.0443,9.16,2.415,0.0583,351.23,0.1962,-9.46,4,5
312472,14.1,0.0722,15.02,2.399,0.031,366.44,0.1576,-12.52,4,5
312474,13.29,0.0852,17.74,2.399,0.0611,374.27,0.1206,-16.4,4,5
312475,14.21,0.1438,31.58,2.274,0.0243,420.13,0.0747,-31.47,4,5
312476,13.2,0.0964,21.39,2.251,0.0269,312.02,0.4101,-11.38,4,5
312477,14.05,0.0559,11.52,2.424,0.064,341.69,0.1368,-11.55,4,50
312478,13.32,0.0861,17.99,2.39,0.057,329.44,0.1461,-15.87,4,50
312479,14.21,0.0835,17.32,2.408,0.0597,341.74,0.074,-16.11,4,50
312480,13.52,0.0605,12.62,2.394,0.0482,352.47,0.2179,-10.52,4,5
312482,13.52,0.0874,18.3,2.384,0.0233,374.88,0.145,-15.13,4,5
312483,14.07,0.1108,23.42,2.364,0.041,216.37,0.0344,-21.63,4,50
312484,13.81,0.0713,14.74,2.416,0.0477,371.43,0.0993,-13.53,4,5
312486,13.98,0.0839,17.46,2.401,0.027,379.81,0.0782,-15.17,4,5
312487,13.47,0.1086,23.01,2.356,0.0105,388.87,0.1183,-19.86,4,5
312608,14.1,0.0319,6.57,2.426,0.014,356.17,0.155,-7.85,4,5
312609,13.41,0.0661,13.65,2.419,0.0055,266.49,0.0722,-12.02,4,5
312610,13.48,0.0443,9.09,2.436,0.0287,365.09,0.0788,-9.75,4,5
312611,14.14,0.0379,7.73,2.45,0.0643,362.77,0.0535,-10.58,4,5
312612,13.66,0.0774,16.03,2.411,0.0558,373.55,0.0965,-14.91,4,5
312614,13.56,0.066,13.8,2.387,0.0442,353.63,0.2217,-11.04,4,5
312615,14.03,0.0849,17.56,2.415,0.1038,368.88,0.1163,-19.37,4,50
312616,14.29,0.0819,17.02,2.404,0.0259,378.98,0.0768,-14.79,4,5
312617,13.47,0.0573,11.89,2.407,0.0424,357.34,0.1833,-10.45,4,5
312618,14.65,0.0321,6.49,2.47,0.1396,346.93,0.1318,-15.14,4,5
312619,13.74,0.0326,6.75,2.41,0.0891,338.65,0.2448,-9.29,4,5
312620,14.18,0.1062,22.44,2.363,0.0561,334.34,0.1305,-20.45,4,50
312621,14.02,0.0975,20.53,2.372,0.0425,228.55,0.1429,-17.52,4,50
312622,13.77,0.0858,17.9,2.393,0.0459,374.73,0.1302,-15.69,4,5
312623,14.23,0.0747,15.27,2.444,0.1185,367.71,0.0417,-19.41,4,5
312624,14.07,0.0291,5.92,2.452,0.0957,354.06,0.1215,-11.03,4,50
312625,14.13,0.136,29.54,2.3,0.0537,340.94,0.093,-29.68,4,50
312626,12.79,0.0833,17.36,2.395,0.0573,371.09,0.1433,-15.58,4,5
312627,13.32,0.0265,5.36,2.469,0.1215,350.97,0.1088,-13.28,4,5
312628,14.28,0.0814,17.08,2.381,0.0358,365.6,0.1868,-13.82,4,5
312629,13.94,0.0985,20.65,2.383,0.0281,388.61,0.0613,-18.27,4,5
312630,13.42,0.1064,22.52,2.361,0.0402,211.55,0.1204,-19.82,4,50
312631,12.85,0.071,15.26,2.324,0.1044,317.79,0.3589,-12.03,4,50
312632,13.06,0.0777,16.45,2.358,0.1509,324.62,0.3085,-19.27,4,50
312633,13.42,0.0872,18.55,2.348,0.0165,355.9,0.2527,-13.29,4,5
312634,13.85,0.0904,18.9,2.388,0.0308,380.17,0.1097,-16.29,4,5
312635,14.07,0.0897,18.69,2.398,0.0333,384.36,0.044,-16.64,4,5
312636,14.02,0.1309,28.21,2.318,0.0384,183.86,0.0439,-27.15,4,50
312637,13.29,0.0557,11.8,2.359,0.1001,324.5,0.3245,-10.56,4,5
312638,13.28,0.0195,4.06,2.403,0.0371,340.91,0.2451,-6.3,4,5
312639,13.38,0.0527,11.1,2.369,0.0701,333.44,0.2969,-9.02,4,5
312640,13.39,0.1206,26.17,2.302,0.0161,378.25,0.2216,-21.67,4,5
312641,12.95,0.0762,16.05,2.371,0.1156,338.96,0.2724,-15.98,4,50
312642,13.44,0.0777,16.34,2.376,0.011,360.8,0.2106,-12.3,4,5
312643,13.22,0.0406,8.47,2.391,0.0788,335.71,0.2705,-8.79,4,5
312700,13.47,0.0964,20.54,2.344,0.126,341.84,0.2761,-21.24,4,50
312707,12.66,0.0883,19.05,2.313,0.0541,334.78,0.3295,-12.89,4,5
312716,13.33,0.063,14.07,2.235,0.0386,152.7,0.486,-3.72,4,50
312766,13.17,0.0454,9.59,2.363,0.051,330.31,0.3113,-7.14,4,5
312770,14.01,0.123,26.36,2.328,0.0348,118.76,0.093,-24.73,4,50
312773,13.52,0.0361,7.65,2.352,0.0857,317.02,0.3509,-7.03,4,5
312775,13.51,0.0869,18.19,2.386,0.0412,373.3,0.1483,-15.51,4,5
312778,12.81,0.0034,1.04,1.654,0.068,339.17,0.2399,-7.14,4,5
312779,13.17,0.0223,4.83,2.308,0.1223,290.72,0.431,-6.32,4,50
312782,13.08,0.0572,12.39,2.306,0.0703,308.01,0.3979,-7.05,4,5
312786,13.32,0.0708,14.84,2.385,0.0069,316.8,0.2053,-11.28,4,5
312787,12.97,0.0872,19.88,2.19,0.028,271.71,0.5114,-6.35,4,5
312788,13.5,0.0472,9.67,2.437,0.1085,350.16,0.1704,-13.24,4,5
312791,13.98,0.102,21.41,2.379,0.0372,390.29,0.0591,-19.38,4,5
312793,13.69,0.0754,15.52,2.428,0.0891,371.92,0.0602,-16.66,4,50
312796,13.81,0.0235,4.79,2.451,0.0458,234.79,0.0318,-8.71,4,50
312797,14.02,0.0717,14.75,2.427,0.0823,370.38,0.0743,-15.46,4,50
312798,14.18,0.0533,10.8,2.463,0.1204,359.64,0.0575,-16.17,4,5
312799,13.73,0.0411,8.42,2.439,0.0802,355.78,0.1396,-11.03,4,5
312801,13.94,0.0713,14.69,2.425,0.0623,373.21,0.0535,-14.5,4,5
312802,12.82,0.0424,9.06,2.335,0.0224,318.93,0.3612,-4.99,4,5
312803,13.5,0.0573,11.81,2.423,0.0831,356.67,0.1635,-12.7,4,5
312804,13.63,0.0526,10.81,2.43,0.0662,360.98,0.1288,-11.57,4,5
312805,13.72,0.0839,17.48,2.396,0.0315,376.28,0.1159,-14.97,4,5
312806,13.36,0.0568,11.76,2.411,0.0216,361.04,0.1614,-10.16,4,5
312807,13.5,0.0527,10.91,2.411,0.0045,190.86,0.1698,-9.42,4,5
312948,13.18,0.0956,20.53,2.326,0.0224,352.88,0.2777,-14.54,4,5
312955,14.19,0.0299,6.08,2.453,0.089,355.41,0.1113,-10.99,4,5
312961,13.78,0.054,11.11,2.427,0.0367,365.45,0.1063,-10.76,4,5
312962,14.05,0.0283,4.02,1.905,0.1937,339.72,0.0798,-21.73,4,50
313022,13.85,0.035,7.17,2.435,0.1052,345.53,0.1913,-11.5,4,5
313024,13.76,0.0755,15.68,2.405,0.0456,370.23,0.1304,-13.83,4,5
313142,13.44,0.123,26.95,2.281,0.0356,154.01,0.2635,-21.67,4,50
313303,13.53,0.1149,24.85,2.309,0.0222,371.38,0.2367,-19.92,4,5
313323,13.74,0.1119,23.76,2.352,0.0527,387.91,0.1311,-21.98,4,5
313357,13.12,0.0835,19.11,2.181,0.0663,262.59,0.5271,-6.42,4,5
313580,13.29,0.0912,20.56,2.215,0.0078,271.95,0.4727,-8.15,4,5
313896,13.0,0.1157,25.1,2.302,0.0548,323.84,0.2591,-20.64,4,50
314191,13.75,0.1004,22.86,2.193,0.0608,275.11,0.4825,-10.79,4,50
314651,13.73,0.097,20.36,2.378,0.0355,382.89,0.1141,-17.78,4,5
315195,13.04,0.0941,20.37,2.308,0.0606,325.04,0.3266,-14.15,4,50
315203,13.86,0.0565,11.82,2.387,0.0613,344.83,0.2492,-10.01,4,5
315204,13.68,0.1501,33.39,2.246,0.0369,175.73,0.1155,-33.71,4,50
315205,13.88,0.1095,23.22,2.355,0.0423,387.61,0.1297,-20.85,4,5
315208,13.11,0.0882,18.73,2.35,0.0401,355.66,0.2508,-14.08,4,5
315224,14.04,0.1115,23.6,2.359,0.033,62.73,0.066,-21.25,4,50
315368,13.27,0.0504,10.57,2.382,0.0644,338.97,0.271,-9.04,4,5
315369,13.27,0.0777,16.33,2.375,0.0825,350.2,0.2414,-14.47,4,5
315901,14.29,0.1079,22.76,2.369,0.0545,326.66,0.0778,-21.17,4,50
315902,13.89,0.0831,17.27,2.403,0.0462,377.27,0.092,-15.56,4,5
315903,13.65,0.0842,18.1,2.323,0.0506,336.39,0.321,-12.2,4,5
315905,14.02,0.0414,8.52,2.425,0.0508,355.81,0.161,-9.38,4,5
315906,13.63,0.074,15.2,2.431,0.1122,363.88,0.1117,-18.17,4,5
315907,13.87,0.0826,17.19,2.401,0.0546,373.73,0.1203,-15.58,4,5
315909,13.93,0.06,12.25,2.444,0.0929,365.24,0.0643,-14.69,4,5
315910,14.1,0.1271,27.55,2.304,0.0131,394.33,0.1661,-24.47,4,5
315911,12.92,0.0758,15.76,2.4,0.0698,363.76,0.1668,-14.64,4,5
315913,14.44,0.1325,28.61,2.313,0.0286,4.25,0.0269,-27.34,4,50
315914,14.09,0.049,10.05,2.435,0.0606,362.15,0.1105,-11.07,4,5
315915,13.89,0.1059,22.38,2.361,0.0507,306.64,0.1263,-20.44,4,50
315916,14.18,0.0428,8.73,2.447,0.0879,357.95,0.1117,-11.96,4,5
315917,14.44,0.0572,11.74,2.431,0.0431,368.67,0.0693,-11.59,4,5
315918,14.09,0.0724,15.01,2.408,0.0423,369.62,0.1266,-13.25,4,5
315919,13.9,0.027,5.44,2.474,0.1172,354.26,0.0683,-13.25,4,5
315921,13.94,0.0298,6.16,2.413,0.069,343.37,0.2255,-8.34,4,5
315922,13.94,0.1389,30.29,2.289,0.0552,347.94,0.0999,-30.91,4,50
315923,13.33,0.1071,22.76,2.349,0.0263,382.1,0.1638,-19.25,4,5
315925,13.88,0.0949,19.89,2.384,0.0643,359.58,0.1282,-18.28,4,50
315926,13.5,0.1524,34.33,2.218,0.06,372.84,0.1947,-35.13,4,50
315928,13.7,0.1024,21.78,2.348,0.0081,359.85,0.1895,-17.46,4,5
315931,13.75,0.1482,32.86,2.253,0.0225,419.16,0.111,-32.8,4,5
315932,13.76,0.1077,22.74,2.365,0.032,32.44,0.0685,-20.23,4,50
315933,13.7,0.1319,28.61,2.304,0.0278,4.25,0.1179,-26.48,4,50
315934,13.76,0.09,18.69,2.404,0.0842,376.79,0.0913,-18.83,4,50
315935,14.62,0.0868,18.02,2.406,0.0572,380.49,0.0555,-16.97,4,5
315936,13.12,0.0548,11.36,2.409,0.0241,358.58,0.1751,-9.8,4,5
315937,14.2,0.0657,13.56,2.418,0.0546,366.86,0.1206,-12.78,4,5
315938,13.78,0.0862,17.93,2.402,0.0442,380.15,0.0749,-16.17,4,5
315939,14.28,0.1184,25.23,2.345,0.0063,328.6,0.0588,-22.91,4,5
315940,13.71,0.0638,13.19,2.418,0.0304,368.71,0.1093,-11.8,4,5
315941,14.17,0.0611,12.36,2.47,0.1477,357.5,0.0532,-19.99,4,50
315942,13.92,0.116,24.99,2.317,0.0392,198.95,0.2108,-21.03,4,50
315943,13.97,0.1161,24.95,2.324,0.035,125.97,0.1871,-21.18,4,50
315944,13.71,0.0564,11.66,2.417,0.0378,362.03,0.1472,-10.66,4,5
315945,14.1,0.0522,10.78,2.42,0.0398,360.85,0.1461,-10.26,4,5
315948,13.9,0.1062,22.42,2.366,0.0366,153.09,0.0914,-19.83,4,50
315949,13.38,0.1043,22.05,2.362,0.0402,201.9,0.1271,-19.35,4,50
315950,13.81,0.0916,19.18,2.385,0.0445,378.0,0.1275,-16.84,4,5
315951,14.41,0.1484,32.72,2.265,0.0496,313.09,0.0114,-34.59,4,50
315952,13.79,0.0797,16.55,2.407,0.029,377.85,0.0764,-14.48,4,5
315953,14.2,0.0658,13.51,2.434,0.0667,371.61,0.0248,-13.99,4,5
315954,13.81,0.1013,21.37,2.368,0.0421,226.15,0.1283,-18.62,4,50
315956,13.71,0.0552,11.45,2.406,0.0215,357.86,0.1817,-9.71,4,5
315957,13.46,0.0591,12.17,2.425,0.0292,368.83,0.0877,-11.32,4,5
315958,13.73,0.0812,17.01,2.385,0.1205,347.6,0.2342,-18.35,4,50
315960,13.97,0.0337,6.78,2.479,0.1273,354.81,0.0421,-14.78,4,5
315964,14.02,0.1364,29.51,2.314,0.0749,405.23,0.0232,-31.54,4,50
316085,13.41,0.0416,8.49,2.446,0.1088,351.15,0.1518,-12.94,5,5
316119,13.6,0.0524,11.82,2.215,0.0772,265.1,0.5232,-2.81,4,50
316127,14.34,0.0408,8.35,2.441,0.0098,363.61,0.0289,-9.37,4,5
316128,13.97,0.0501,10.23,2.446,0.0735,365.12,0.049,-12.26,4,5
316129,14.18,0.0748,15.46,2.417,0.0571,373.53,0.0813,-14.64,4,5
316130,13.6,0.0751,15.6,2.406,0.0473,370.17,0.1288,-13.87,4,5
316132,14.06,0.05,10.24,2.439,0.099,355.06,0.1451,-13.15,4,5
316133,13.74,0.0661,13.54,2.44,0.1086,362.46,0.103,-16.59,4,5
316134,13.95,0.0999,21.04,2.371,0.0295,4.25,0.117,-17.82,4,50
316135,14.29,0.0448,9.12,2.451,0.0747,364.05,0.0346,-11.82,4,5
316137,14.13,0.0612,12.55,2.436,0.0789,366.33,0.0808,-13.79,4,5
316141,13.65,0.0222,4.8,2.31,0.0579,279.67,0.4166,-2.99,4,50
316144,14.01,0.0554,11.4,2.429,0.0601,363.72,0.114,-11.75,4,5
316146,14.03,0.109,22.97,2.37,0.0504,304.12,0.0466,-21.35,4,50
316147,13.28,0.0461,9.59,2.399,0.0424,347.6,0.2275,-8.55,4,5
316148,14.04,0.1164,24.73,2.352,0.0119,402.38,0.0187,-22.55,4,5
316149,13.66,0.1443,31.85,2.263,0.0219,412.25,0.1333,-30.95,4,5
316150,13.68,0.0178,3.62,2.46,0.1012,351.99,0.118,-11.12,4,5
316152,13.6,0.1034,22.97,2.246,0.1478,301.3,0.3959,-23.17,4,50
316153,13.52,0.0536,11.08,2.416,0.0306,360.6,0.155,-10.06,4,5
316155,13.4,0.0485,10.01,2.422,0.0375,359.92,0.1466,-9.79,4,5
316156,13.8,0.057,11.78,2.415,0.0757,355.08,0.1806,-11.97,4,5
316157,14.02,0.0971,20.4,2.376,0.0378,381.19,0.1278,-17.73,4,5
316158,12.56,0.0894,20.16,2.214,0.0598,275.97,0.4779,-8.72,4,50
316159,14.1,0.0777,16.16,2.401,0.028,373.03,0.1221,-13.74,4,5
316160,14.09,0.1284,27.62,2.323,0.0619,375.18,0.096,-27.58,4,50
316161,13.87,0.0345,7.04,2.447,0.075,357.6,0.1112,-10.48,4,5
316162,13.65,0.0864,18.05,2.392,0.0577,372.95,0.1397,-16.26,4,5
316163,14.22,0.0692,14.22,2.429,0.0751,368.11,0.064,-14.63,4,50
316164,14.43,0.1405,30.68,2.287,0.0653,387.39,0.099,-32.26,4,50
316165,13.35,0.0947,19.84,2.385,0.0685,367.49,0.1293,-18.46,4,50
316166,14.33,0.0803,16.68,2.405,0.0458,375.17,0.1019,-14.95,4,5
316168,14.19,0.072,14.79,2.431,0.0805,371.91,0.0456,-15.74,4,5
316169,14.21,0.1469,32.33,2.27,0.047,293.26,0.0309,-33.68,4,50
316170,13.27,0.0807,17.07,2.36,0.0302,354.2,0.2474,-12.48,4,5
316173,13.29,0.1236,26.95,2.29,0.0527,319.64,0.2407,-23.29,4,50
316174,13.53,0.0831,17.3,2.4,0.0586,372.94,0.126,-15.81,4,5
316175,13.33,0.0672,14.02,2.393,0.0262,359.59,0.1939,-11.17,4,5
316176,13.77,0.0628,13.1,2.392,0.0387,354.52,0.213,-10.58,4,5
316177,13.07,0.0885,18.62,2.373,0.0402,368.14,0.1875,-15.24,4,5
316267,13.32,0.0851,17.75,2.395,0.0514,374.04,0.1297,-15.8,4,5
316431,13.34,0.0932,21.04,2.211,0.0591,276.82,0.4733,-9.69,4,50
316446,14.06,0.1054,22.27,2.365,0.0551,328.63,0.1302,-20.06,4,50
316461,14.18,0.0308,6.34,2.428,0.0304,355.51,0.1552,-8.04,4,5
316484,13.1,0.0987,20.76,2.374,0.0405,381.95,0.1273,-18.2,4,5
316508,13.27,0.0614,12.72,2.411,0.0492,360.94,0.1631,-11.49,4,5
316528,13.28,0.0131,2.72,2.412,0.0571,341.48,0.2326,-6.95,4,5
316536,14.56,0.033,6.69,2.459,0.081,361.0,0.0303,-11.18,4,5
316537,13.64,0.0483,9.97,2.419,0.0314,359.0,0.1563,-9.49,4,5
316538,13.28,0.0777,16.29,2.383,0.0491,360.96,0.2008,-13.42,4,5
316550,12.93,0.0722,15.69,2.299,0.0535,315.15,0.3853,-8.68,4,5
316551,14.03,0.0867,18.1,2.392,0.0465,375.41,0.1275,-15.92,4,5
316552,13.75,0.0807,16.78,2.401,0.0555,371.55,0.1309,-15.14,4,5
316553,13.04,0.0885,18.97,2.331,0.025,347.37,0.2894,-12.93,4,5
316617,13.18,0.1014,21.5,2.355,0.0143,377.84,0.1738,-17.54,4,5
316624,12.72,0.0883,18.79,2.345,0.0248,354.99,0.2575,-13.55,4,5
316626,13.66,0.0923,19.29,2.39,0.0546,321.8,0.1043,-17.39,4,50
316629,12.96,0.1015,21.51,2.356,0.0371,159.43,0.1705,-17.97,4,50
316692,13.34,0.1196,25.57,2.343,0.0997,381.87,0.1527,-27.17,5,50
316693,13.45,0.021,4.32,2.431,0.0907,343.65,0.204,-9.42,5,5
316833,13.91,0.1272,27.58,2.304,0.0426,246.1,0.1753,-24.99,4,50
316835,13.72,0.1178,25.31,2.324,0.0316,33.68,0.1736,-21.7,4,50
317078,13.31,0.0427,8.75,2.434,0.1009,349.05,0.1793,-12.05,5,5
317121,13.59,0.1055,22.32,2.362,0.0308,11.06,0.1148,-19.29,5,50
317142,12.9,0.0889,20.16,2.202,0.0448,278.04,0.4939,-7.72,5,5
317287,13.35,0.0467,9.97,2.337,0.0882,313.82,0.3669,-7.7,4,5
317316,13.81,0.1283,27.67,2.316,0.0571,351.36,0.1247,-27.11,4,50
317668,13.56,0.1024,21.87,2.34,0.058,336.09,0.23,-17.98,4,50
318101,13.28,0.0838,18.31,2.286,0.0795,313.13,0.3897,-11.76,4,5
318405,13.22,0.1047,22.43,2.332,0.0305,6.73,0.2263,-17.42,5,50
318407,13.89,0.0497,10.18,2.435,0.0542,364.05,0.0948,-10.98,5,5
318634,13.0,0.0825,18.23,2.261,0.0446,304.29,0.4243,-8.87,4,5
318641,13.53,0.0408,8.43,2.415,0.0757,346.72,0.212,-9.75,4,5
319282,13.58,0.0854,17.82,2.393,0.0647,370.79,0.1476,-16.34,5,5
319342,13.89,0.0718,14.7,2.442,0.1134,366.87,0.0603,-18.1,5,50
319378,13.89,0.0913,19.09,2.388,0.0346,380.67,0.1069,-16.59,5,5
320001,14.59,0.0362,7.32,2.468,0.1466,344.68,0.1482,-16.0,5,5
320047,13.36,0.0227,4.67,2.421,0.0736,343.88,0.2145,-8.36,5,5
320066,13.43,0.038,7.77,2.44,0.0862,353.55,0.1486,-11.02,5,5
320093,13.76,0.0463,9.43,2.452,0.0854,362.47,0.0591,-12.53,5,5
320286,14.37,0.1053,22.23,2.366,0.0424,229.7,0.1047,-19.84,4,50
320302,13.46,0.089,19.94,2.228,0.0612,290.51,0.4597,-9.56,4,5
320556,13.07,0.0601,13.12,2.286,0.0612,301.04,0.4238,-6.25,5,5
320800,13.81,0.0907,18.95,2.389,0.0248,381.82,0.0965,-16.29,5,5
320892,13.87,0.0983,20.53,2.39,0.0491,388.77,0.0154,-19.16,5,5
320950,13.58,0.1116,23.6,2.362,0.0573,342.58,0.0813,-22.35,5,50
321067,13.72,0.1089,23.72,2.293,0.0531,348.1,0.305,-18.0,4,5
321070,13.95,0.1191,25.46,2.336,0.0566,346.8,0.134,-23.94,4,50
321074,13.59,0.1161,25.0,2.319,0.049,296.64,0.2106,-21.49,4,50
321078,13.41,0.0983,21.88,2.244,0.0388,181.34,0.4166,-11.66,4,50
321082,13.99,0.1256,26.97,2.326,0.0308,22.65,0.079,-25.05,4,50
321086,13.82,0.043,8.74,2.459,0.1382,347.02,0.1512,-15.77,4,5
321091,14.1,0.1109,23.44,2.364,0.0536,326.23,0.0665,-22.11,4,50
321095,14.06,0.0727,15.07,2.409,0.0485,369.39,0.1261,-13.54,4,5
321103,14.7,0.1097,23.16,2.366,0.0331,57.72,0.0223,-20.92,4,50
321112,13.34,0.0946,20.26,2.333,0.0051,246.61,0.2646,-14.4,4,5
321113,13.95,0.1056,22.31,2.365,0.0542,323.21,0.1288,-20.07,4,50
321115,13.91,0.0848,17.67,2.397,0.0562,373.91,0.1261,-16.01,4,5
321120,14.0,0.1207,25.72,2.344,0.037,164.89,0.0229,-24.13,4,50
321138,13.69,0.1249,26.96,2.314,0.0309,24.21,0.1525,-24.02,4,50
321150,14.2,0.0736,15.36,2.394,0.0212,365.94,0.1679,-12.4,4,5
321300,13.4,0.143,31.53,2.266,0.0368,173.8,0.1414,-30.54,5,50
321354,13.11,0.1007,21.17,2.377,0.0267,388.84,0.0785,-18.65,5,5
321377,12.98,0.042,8.68,2.415,0.0898,344.03,0.2212,-10.54,4,5
321406,13.86,0.0878,19.39,2.261,0.0556,307.16,0.4157,-10.45,4,5
321435,13.23,0.0534,11.07,2.41,0.0852,348.22,0.2133,-11.59,4,5
321513,13.24,0.045,9.28,2.42,0.0329,10.7,0.1545,-8.93,4,50
321526,13.72,0.0571,11.88,2.4,0.042,354.04,0.205,-10.1,4,5
321570,12.97,0.0777,16.66,2.329,0.0549,333.48,0.3244,-11.17,4,5
321580,14.08,0.0767,15.85,2.417,0.0945,366.11,0.1285,-16.84,4,50
321584,13.53,0.1454,32.27,2.251,0.0344,139.28,0.167,-30.93,4,50
321590,13.68,0.0795,16.8,2.363,0.0339,354.58,0.2427,-12.45,4,5
321597,12.92,0.0382,8.32,2.296,0.0715,296.29,0.4312,-4.31,4,5
321599,14.44,0.0933,19.48,2.393,0.0165,387.85,0.0105,-17.05,4,5
321603,14.03,0.1473,32.53,2.261,0.0334,84.98,0.0791,-32.76,4,50
321604,13.23,0.0863,18.8,2.292,0.0552,322.09,0.3702,-11.5,4,5
321610,13.42,0.0797,16.52,2.41,0.0783,370.03,0.1205,-16.43,4,5
321611,12.88,0.0733,16.17,2.263,0.0407,299.44,0.4364,-6.92,4,5
321613,14.02,0.1122,23.73,2.362,0.0457,265.32,0.0445,-22.05,4,50
321616,13.4,0.1056,22.28,2.368,0.0423,230.94,0.0979,-19.85,4,50
321625,14.0,0.1289,27.73,2.326,0.0701,391.83,0.0835,-28.4,4,50
321627,14.39,0.1097,23.23,2.359,0.0672,372.74,0.1304,-21.99,4,50
321628,14.18,0.0875,18.18,2.404,0.0488,382.02,0.0465,-16.76,4,5
321631,14.21,0.1039,21.82,2.379,0.0395,392.84,0.0199,-20.06,4,5
321651,13.69,0.0826,17.21,2.398,0.0513,372.87,0.1303,-15.32,4,5
321652,13.32,0.0076,1.7,2.306,0.0753,341.2,0.2244,-7.81,4,5
321653,13.83,0.0167,3.4,2.449,0.1034,346.75,0.1663,-10.66,4,5
321656,13.37,0.1301,28.37,2.29,0.0124,391.47,0.189,-25.02,4,5
321657,13.05,0.0868,19.0,2.282,0.0514,276.14,0.3837,-10.88,4,50
321674,13.51,0.0436,9.01,2.421,0.1284,336.31,0.2387,-13.4,4,5
321676,13.4,0.1263,27.72,2.276,0.023,371.63,0.2561,-22.74,4,5
321706,12.78,0.0821,18.4,2.229,0.0404,178.25,0.4689,-7.09,5,50
321716,13.7,0.0503,10.3,2.438,0.0635,363.91,0.0894,-11.52,5,5
321986,14.02,0.0232,4.76,2.434,0.028,355.95,0.142,-7.72,4,5
321987,13.51,0.0693,14.57,2.377,0.0425,351.84,0.2376,-11.2,4,5
322058,13.47,0.095,20.14,2.355,0.0149,368.6,0.2072,-15.62,4,5
322068,13.4,0.1597,36.12,2.209,0.0326,82.24,0.0771,-38.07,4,50
322071,13.35,0.0024,0.88,0.703,0.0871,350.8,0.1396,-9.62,4,5
322080,14.34,0.0402,8.26,2.429,0.0354,74.21,0.1277,-8.87,4,50
322137,13.6,0.038,7.83,2.424,0.0493,265.78,0.1641,-8.78,4,50
322157,13.82,0.0693,14.44,2.397,0.0982,349.78,0.22,-14.61,4,5
322167,13.44,0.0984,20.86,2.355,0.0064,314.2,0.1879,-16.6,4,5
322171,13.59,0.0279,5.73,2.429,0.0072,320.87,0.15,-7.61,4,5
322194,13.75,0.0364,7.43,2.446,0.0872,355.31,0.1273,-11.2,4,5
322196,13.25,0.0524,10.83,2.416,0.0174,360.89,0.1533,-9.7,4,5
322316,13.28,0.0953,20.85,2.283,0.0342,327.75,0.3627,-12.7,4,5
322378,12.59,0.0857,18.32,2.335,0.0827,338.4,0.3033,-14.66,5,5
322379,13.59,0.0437,8.88,2.46,0.1136,356.37,0.0922,-14.18,5,5
322519,13.25,0.0311,6.41,2.426,0.018,355.81,0.1563,-7.83,4,5
322520,13.66,0.0637,13.33,2.384,0.0283,352.54,0.2284,-10.18,4,5
322524,13.2,0.0668,13.82,2.412,0.117,348.64,0.2061,-16.03,4,5
322525,13.55,0.0905,19.41,2.328,0.0338,347.32,0.2906,-13.5,4,5
322538,13.46,0.0799,16.59,2.406,0.0326,377.16,0.0849,-14.55,4,5
322540,13.48,0.0769,15.97,2.404,0.0439,371.29,0.127,-14.04,4,5
322546,13.6,0.077,15.92,2.415,0.0528,375.4,0.0722,-14.87,4,5
322550,14.17,0.0848,17.65,2.399,0.0548,375.47,0.1126,-16.07,4,5
322553,13.53,0.1295,27.93,2.315,0.0276,4.25,0.0844,-26.07,4,50
322555,14.15,0.0856,17.86,2.393,0.0529,373.52,0.135,-15.89,4,5
322560,13.87,0.0616,12.9,2.385,0.0912,341.15,0.2596,-12.2,4,5
322568,13.79,0.0877,19.06,2.298,0.0774,322.72,0.3622,-13.16,4,5
322569,13.76,0.0972,20.62,2.354,0.0771,361.18,0.2257,-18.4,4,5
322570,13.11,0.0944,20.54,2.294,0.0306,333.39,0.3446,-12.89,4,5
322571,14.15,0.1026,21.51,2.383,0.0647,369.75,0.0501,-20.86,4,50
322584,13.34,0.0733,15.46,2.367,0.1326,330.65,0.294,-16.67,4,50
322605,13.41,0.0931,20.14,2.309,0.0115,340.88,0.3201,-12.9,4,5
324237,13.86,0.035,7.19,2.434,0.0667,337.79,0.1514,-9.47,5,50
325374,13.37,0.0797,17.1,2.327,0.0548,333.92,0.3246,-11.49,4,5
325641,13.99,0.043,8.81,2.439,0.0681,359.45,0.1175,-10.77,4,5
325679,13.31,0.106,23.72,2.232,0.0282,4.25,0.4134,-13.17,4,50
325695,13.36,0.0796,16.57,2.399,0.035,372.89,0.1278,-14.19,4,5
325740,13.31,0.0137,2.77,2.378,0.1213,345.53,0.1546,-12.15,4,5
325877,13.41,0.1205,26.42,2.277,0.0616,343.52,0.2892,-21.79,4,50
325936,13.23,0.0263,5.3,2.473,0.1359,347.56,0.1228,-14.45,4,5
325945,13.39,0.0421,8.53,2.465,0.1138,357.37,0.069,-14.2,4,5
326112,13.56,0.0807,17.21,2.342,0.0973,334.47,0.3076,-14.48,5,50
326119,13.6,0.1253,26.86,2.331,0.0339,89.48,0.0555,-25.16,4,50
326123,13.81,0.0752,15.62,2.405,0.0077,347.58,0.1091,-13.14,4,5
326125,13.06,0.0409,8.74,2.335,0.064,314.86,0.3684,-5.89,4,5
326127,13.3,0.0517,10.72,2.406,0.0688,349.39,0.2134,-10.44,4,5
326135,13.14,0.1066,22.87,2.327,0.0119,368.97,0.2313,-17.75,4,5
326153,13.42,0.079,16.9,2.336,0.0304,340.4,0.3047,-11.02,4,5
326212,13.75,0.1515,33.71,2.245,0.0382,192.85,0.0832,-34.71,4,50
328381,14.14,0.0845,17.63,2.395,0.0498,373.87,0.1302,-15.61,4,5
328628,13.74,0.062,12.84,2.412,0.0287,364.85,0.1417,-11.19,4,5
328732,13.16,0.0131,2.76,2.374,0.0374,327.78,0.3104,-4.83,4,5
328764,13.6,0.0929,19.53,2.375,0.0076,352.14,0.1488,-15.95,4,5
328865,13.74,0.0791,16.43,2.405,0.0735,365.75,0.1385,-15.55,4,50
328877,13.18,0.1195,27.14,2.199,0.0395,308.13,0.4237,-16.68,4,5
328878,13.73,0.0721,15.02,2.398,0.0152,367.01,0.1569,-12.22,4,5
328883,13.05,0.045,9.26,2.423,0.0966,346.74,0.2025,-11.6,5,5
329008,14.33,0.0936,19.61,2.383,0.0544,321.25,0.1285,-17.46,4,50
329150,13.76,0.0388,7.94,2.436,0.0546,358.94,0.1244,-9.71,4,5
329580,13.32,0.0297,6.44,2.301,0.0614,287.15,0.4276,-3.23,5,50
331050,13.63,0.1046,22.07,2.366,0.0564,336.16,0.1289,-20.11,4,50
331107,13.25,0.0702,15.27,2.298,0.0314,314.97,0.3887,-7.61,4,5
333412,13.63,0.0565,11.56,2.441,0.1077,357.16,0.1301,-14.83,5,5
334221,13.09,0.0236,4.78,2.466,0.1328,345.5,0.1466,-13.71,5,5
334257,13.75,0.07,14.72,2.375,0.0508,350.14,0.2448,-11.49,5,5
334260,13.69,0.0775,16.05,2.412,0.074,369.85,0.1181,-15.75,5,5
334313,14.2,0.0308,6.32,2.431,0.0575,312.95,0.1581,-8.66,5,50
334315,13.75,0.0888,18.68,2.375,0.0463,368.73,0.1824,-15.62,5,5
334319,13.22,0.0279,5.73,2.431,0.0236,356.51,0.144,-7.86,5,5
335178,13.86,0.0296,6.0,2.461,0.0895,358.38,0.0633,-11.35,5,5
335184,13.46,0.0837,17.59,2.376,0.0305,365.76,0.1926,-13.96,5,5
335186,12.82,0.0267,6.18,2.154,0.0505,199.08,0.6065,3.11,5,50
335490,13.14,0.015,3.4,2.206,0.0706,254.19,0.5525,0.94,5,50
335509,13.39,0.0985,21.37,2.301,0.0429,340.51,0.3223,-14.68,5,5
335537,13.34,0.076,15.78,2.405,0.0313,372.74,0.1164,-13.59,5,5
335557,14.26,0.1212,25.88,2.341,0.0305,19.05,0.0555,-23.65,5,50
335558,13.99,0.0783,16.43,2.378,0.0188,362.45,0.2019,-12.62,5,5
335561,13.1,0.0892,18.79,2.37,0.0361,130.71,0.1872,-14.94,5,50
335567,12.93,0.0763,17.05,2.236,0.0381,151.22,0.4721,-5.72,5,50
335574,13.5,0.1016,21.43,2.368,0.029,4.25,0.1186,-18.15,5,50
335730,13.71,0.0862,17.98,2.394,0.0468,375.64,0.1233,-15.88,5,5
335739,13.93,0.0511,10.43,2.446,0.0729,365.71,0.0422,-12.36,5,5
335766,13.9,0.0651,14.05,2.313,0.059,316.34,0.376,-8.13,5,5
335767,13.99,0.093,19.4,2.394,0.0371,386.16,0.0373,-17.47,5,5
335789,14.23,0.0472,9.79,2.408,0.0853,344.33,0.2285,-10.65,5,5
336068,13.14,0.0706,15.91,2.217,0.0714,272.97,0.5019,-5.46,5,50
336074,13.11,0.1061,23.07,2.296,0.0137,349.68,0.3041,-16.11,5,5
336118,13.99,0.0494,10.3,2.394,0.0163,349.08,0.2288,-8.29,5,5
336555,14.27,0.0813,17.59,2.306,0.0203,328.03,0.3533,-10.03,5,5
336993,13.84,0.074,15.39,2.4,0.0667,352.48,0.1674,-13.96,5,50
337018,13.95,0.0769,16.27,2.36,0.0512,287.26,0.2601,-12.09,5,50
337019,13.55,0.1137,24.33,2.335,0.0353,384.02,0.1716,-21.14,5,5
337420,12.69,0.1083,24.6,2.199,0.0262,294.42,0.4569,-12.38,5,5
337638,13.26,0.0262,5.63,2.324,0.105,299.94,0.4054,-6.12,5,5
337761,13.83,0.0512,10.48,2.441,0.1002,356.38,0.1342,-13.52,5,5
337775,13.96,0.0336,6.87,2.437,0.0506,357.89,0.1275,-9.12,5,5
337788,13.27,0.0883,19.45,2.266,0.0705,308.38,0.4082,-11.39,5,50
337804,12.99,0.0105,2.27,2.316,0.0374,303.67,0.4083,-2.44,5,5
337832,13.08,0.0157,3.52,2.228,0.0362,87.69,0.5261,1.15,5,50
337860,12.91,0.082,18.13,2.257,0.0365,302.43,0.4309,-8.34,5,5
337863,13.96,0.0527,10.85,2.428,0.1206,346.31,0.1966,-14.31,5,50
337874,13.21,0.0671,14.74,2.273,0.0336,300.89,0.4317,-6.02,5,5
337876,13.68,0.0887,19.67,2.252,0.0359,304.81,0.4263,-9.63,5,5
337880,13.44,0.0712,15.55,2.288,0.0468,309.55,0.4041,-7.76,5,5
337997,13.11,0.0239,4.94,2.411,0.0785,339.19,0.2415,-8.2,4,5
338333,13.11,0.0446,9.67,2.304,0.0523,303.68,0.4125,-4.6,5,5
338343,13.16,0.0127,2.74,2.311,0.0347,301.25,0.4164,-2.19,5,5
338345,13.64,0.0511,11.05,2.307,0.0574,307.07,0.402,-5.69,5,5
338372,13.72,0.0757,15.77,2.396,0.0449,366.13,0.1641,-13.44,5,5
338858,13.07,0.0751,16.71,2.245,0.0745,288.77,0.4606,-7.63,5,50
338886,13.75,0.1353,29.33,2.308,0.0544,340.64,0.0698,-29.38,5,50
339369,13.41,0.0424,8.7,2.433,0.1087,346.42,0.1907,-12.44,5,5
339380,14.18,0.0476,9.75,2.437,0.0677,360.86,0.1143,-11.23,5,5
339382,13.78,0.0674,13.91,2.419,0.0788,363.28,0.1386,-14.15,5,5
339562,13.69,0.0699,14.49,2.408,0.0477,264.52,0.1358,-12.73,4,50
340236,13.72,0.0616,12.6,2.441,0.088,366.06,0.0698,-14.53,5,5
340262,12.93,0.0371,7.7,2.404,0.0966,336.2,0.2573,-9.88,5,5
340288,13.95,0.0319,6.51,2.451,0.0512,363.12,0.0361,-9.62,5,5
340289,13.93,0.0666,13.84,2.402,0.0656,357.8,0.188,-12.6,5,5
340306,13.82,0.0449,9.41,2.382,0.0479,338.87,0.2718,-7.81,5,5
340322,13.36,0.0707,15.37,2.297,0.0469,313.76,0.3903,-8.07,5,5
340323,13.66,0.0612,13.1,2.335,0.0349,327.03,0.3397,-7.73,5,5
340327,13.54,0.1148,26.28,2.181,0.011,290.64,0.4649,-13.37,5,5
340335,14.27,0.1437,31.55,2.275,0.0276,419.52,0.0774,-31.53,5,5
340342,13.6,0.0509,10.63,2.39,0.0289,347.22,0.2394,-8.48,5,5
340348,13.84,0.0164,3.42,2.392,0.0399,335.37,0.2734,-5.74,5,5
340350,13.96,0.0419,8.57,2.444,0.0494,364.74,0.0537,-10.28,5,5
340360,13.26,0.0396,8.41,2.353,0.0186,326.32,0.3304,-5.44,5,5
340396,13.65,0.0551,12.15,2.264,0.0354,291.03,0.4576,-3.84,5,5
340912,13.86,0.0177,3.82,2.312,0.0454,301.4,0.4151,-2.64,5,5
340925,13.75,0.0721,15.82,2.276,0.0329,305.32,0.4197,-7.05,5,5
340943,13.17,0.0152,3.22,2.36,0.0372,322.12,0.3362,-4.32,5,5
340948,13.69,0.0204,4.22,2.416,0.0305,347.38,0.2069,-6.81,5,5
340951,13.54,0.0379,7.72,2.451,0.0677,362.47,0.0539,-10.74,5,5
340953,13.96,0.0116,2.49,2.314,0.0453,210.45,0.413,-2.34,5,50
340966,13.83,0.0405,8.27,2.444,0.0527,363.22,0.0736,-10.18,5,5
340992,13.36,0.1404,30.71,2.284,0.0348,126.39,0.0946,-29.99,5,50
341004,13.66,0.0833,17.56,2.37,0.0293,361.96,0.2133,-13.52,5,5
341008,14.03,0.0532,10.96,2.424,0.0296,364.4,0.1189,-10.37,5,5
341015,14.08,0.0961,20.1,2.387,0.0352,386.26,0.0701,-17.89,5,5
341017,13.58,0.0979,20.48,2.386,0.1014,372.4,0.1444,-21.54,5,50
341021,13.97,0.0672,13.88,2.418,0.0316,371.23,0.0932,-12.43,5,5
341023,13.74,0.0551,11.47,2.399,0.017,354.58,0.2041,-9.31,5,5
341025,13.76,0.0536,11.31,2.365,0.0269,337.39,0.2916,-7.74,5,5
341026,14.03,0.0508,10.96,2.314,0.0699,308.61,0.3935,-6.43,5,5
341052,14.06,0.1456,32.07,2.268,0.0427,250.91,0.0871,-32.58,5,50
341845,13.73,0.0542,10.97,2.468,0.1524,351.63,0.1072,-18.9,5,50
341854,13.8,0.0664,13.4,2.475,0.1862,346.85,0.1104,-25.14,5,50
341856,14.09,0.0401,8.24,2.432,0.0473,358.7,0.1346,-9.45,5,5
341857,13.88,0.0384,7.88,2.432,0.0275,360.3,0.124,-8.86,5,5
341861,13.57,0.0169,3.61,2.342,0.0592,312.63,0.371,-4.23,5,5
341863,13.08,0.0331,6.95,2.377,0.0274,333.9,0.2914,-5.93,5,5
341865,13.79,0.0616,12.65,2.432,0.0693,353.65,0.0818,-13.14,5,50
341867,13.88,0.0232,5.01,2.309,0.0487,235.57,0.4167,-2.74,5,50
341869,13.45,0.0381,7.79,2.44,0.0911,352.39,0.1543,-11.28,5,5
341870,12.99,0.0736,15.92,2.309,0.0512,321.09,0.3666,-9.3,5,5
341872,14.14,0.0307,6.62,2.318,0.0798,302.74,0.4053,-4.92,5,5
341875,13.82,0.0604,12.39,2.435,0.0836,363.92,0.1028,-13.81,5,5
341877,14.13,0.039,7.97,2.446,0.0734,359.72,0.0974,-10.87,5,5
341880,13.27,0.04,9.19,2.17,0.1025,240.63,0.5794,-0.88,5,50
341881,13.84,0.0685,14.17,2.414,0.0047,214.84,0.0975,-12.18,5,5
341886,13.85,0.0932,19.44,2.393,0.0647,380.15,0.0967,-18.49,5,5
341888,14.16,0.1272,27.48,2.316,0.0411,229.54,0.1372,-25.37,5,50
341891,13.91,0.0511,10.54,2.419,0.0494,358.23,0.1607,-10.28,5,5
341892,13.82,0.091,19.28,2.356,0.0394,362.1,0.226,-15.08,5,5
341894,13.72,0.0757,15.83,2.388,0.0546,360.43,0.1969,-13.36,5,5
341897,14.32,0.03,6.13,2.444,0.0243,362.99,0.0639,-8.63,5,5
341900,13.68,0.1077,23.07,2.33,0.0331,69.09,0.2178,-18.43,5,50
341909,14.05,0.0229,4.7,2.432,0.0538,351.84,0.1672,-8.16,5,5
341917,14.14,0.0648,13.54,2.39,0.0237,356.66,0.2077,-10.58,5,5
341919,13.29,0.1083,24.13,2.241,0.0468,257.43,0.3943,-14.91,5,50
341922,14.03,0.132,29.02,2.27,0.05,309.11,0.2227,-26.25,5,50
341923,13.54,0.1186,27.42,2.159,0.0191,282.3,0.483,-13.77,5,5
341925,13.35,0.1099,23.42,2.345,0.0447,258.79,0.1661,-20.21,5,50
341926,14.41,0.0481,9.94,2.414,0.0666,351.51,0.1955,-10.23,5,5
341928,13.03,0.0446,9.78,2.276,0.1177,283.39,0.4578,-6.83,5,5
343159,12.94,0.1057,22.85,2.31,0.0284,356.51,0.2774,-16.92,5,5
343161,13.57,0.0407,8.85,2.296,0.1305,288.11,0.4372,-8.16,5,5
343174,12.57,0.0594,13.05,2.273,0.0347,297.07,0.4406,-4.81,4,5
343586,13.33,0.0974,20.9,2.326,0.0261,355.01,0.2712,-15.12,5,5
343627,13.05,0.0621,13.03,2.38,0.08,341.47,0.2646,-11.42,5,5
343628,13.23,0.0478,9.94,2.398,0.0669,344.32,0.239,-9.49,5,5
343634,13.06,0.0972,21.03,2.309,0.0662,335.9,0.3162,-15.38,5,50
343642,13.05,0.0463,9.94,2.322,0.0678,310.68,0.3849,-6.11,5,5
343644,13.24,0.089,18.83,2.36,0.0951,351.51,0.2477,-16.72,5,50
343663,13.7,0.0962,20.65,2.328,0.0542,312.14,0.2772,-15.55,5,50
343680,13.44,0.0606,12.65,2.392,0.1624,322.46,0.2933,-17.95,4,5
343681,13.37,0.0422,8.63,2.442,0.0491,363.91,0.0727,-10.2,4,5
343689,13.48,0.0639,13.35,2.391,0.0766,348.53,0.2325,-12.1,4,5
343794,13.24,0.034,6.98,2.432,0.0331,357.93,0.1371,-8.52,4,5
343896,13.73,0.0193,3.97,2.428,0.0849,343.55,0.2078,-8.94,5,5
343975,13.54,0.0945,19.63,2.403,0.0966,378.22,0.0814,-21.16,5,50
343976,13.66,0.0502,10.28,2.438,0.0895,357.67,0.1318,-12.65,5,5
343977,13.82,0.0643,13.29,2.416,0.0731,360.7,0.1566,-13.12,5,5
343993,13.46,0.0364,7.68,2.368,0.1451,310.06,0.3483,-11.7,5,5
343994,13.38,0.0479,9.79,2.441,0.056,365.03,0.07,-11.04,5,5
343995,14.09,0.0491,10.24,2.396,0.0355,348.19,0.2301,-8.61,5,5
343996,13.38,0.0182,3.75,2.42,0.0899,338.95,0.2358,-8.76,5,5
343999,13.82,0.1423,31.09,2.287,0.0578,362.93,0.0355,-32.73,5,50
344001,13.63,0.1044,22.13,2.355,0.0353,127.56,0.1571,-18.74,5,50
344002,13.19,0.0811,16.96,2.389,0.095,356.87,0.2052,-16.43,5,50
344003,13.63,0.1152,24.72,2.326,0.0338,98.57,0.1845,-21.05,5,50
344004,13.67,0.0823,17.17,2.394,0.0325,373.7,0.1325,-14.55,5,5
344005,14.11,0.0433,8.91,2.424,0.0187,359.66,0.1438,-8.92,5,5
344006,14.4,0.0471,9.59,2.456,0.1074,358.71,0.0869,-13.86,5,50
344014,13.61,0.0611,12.62,2.416,0.0072,331.46,0.1212,-10.97,4,5
344185,13.22,0.0788,16.86,2.335,0.0885,331.13,0.3219,-13.31,4,5
344340,13.92,0.0434,8.95,2.42,0.0532,287.0,0.1735,-9.28,5,50
344435,12.96,0.0924,19.95,2.314,0.0709,336.38,0.3221,-14.76,4,5
344556,14.2,0.1083,22.87,2.366,0.0449,259.12,0.0728,-20.95,5,50
344629,13.92,0.0877,18.33,2.39,0.0394,376.39,0.1273,-15.83,4,5
344800,13.49,0.1208,26.16,2.307,0.0129,381.71,0.2076,-21.91,5,5
345407,13.5,0.017,3.74,2.262,0.0403,153.53,0.484,-0.32,5,50
345434,14.21,0.0419,8.55,2.445,0.0638,362.4,0.0792,-10.76,5,5
345753,14.0,0.0317,6.52,2.426,0.106,340.59,0.2206,-10.82,5,5
345775,13.66,0.0964,20.19,2.383,0.095,372.32,0.1516,-20.78,5,50
346245,14.06,0.1055,24.21,2.176,0.086,273.3,0.4919,-13.12,5,5
346255,13.43,0.0858,19.02,2.252,0.0967,295.68,0.4349,-11.85,5,5
346264,13.88,0.0457,9.35,2.441,0.0706,361.17,0.1018,-11.3,5,5
346267,13.14,0.0496,10.28,2.409,0.0483,353.09,0.1962,-9.6,5,5
346268,13.95,0.0562,12.01,2.335,0.0789,318.75,0.3564,-8.47,5,5
346274,14.37,0.0355,7.35,2.414,0.1016,338.23,0.2416,-10.41,5,5
346278,13.54,0.1074,23.05,2.327,0.0417,367.26,0.2343,-18.67,5,5
346883,13.52,0.0988,21.36,2.31,0.0079,337.2,0.2997,-14.53,5,5
346885,12.95,0.0366,7.8,2.345,0.0917,313.41,0.363,-7.12,5,5
347098,13.36,0.0186,3.86,2.407,0.0985,332.33,0.2665,-8.7,5,5
347099,13.38,0.0103,2.24,2.299,0.0417,299.37,0.4219,-2.15,5,5
347134,13.73,0.1317,30.07,2.186,0.0602,317.64,0.3981,-22.01,5,5
347148,13.12,0.0878,18.33,2.392,0.0523,375.48,0.1272,-16.38,4,5
347296,13.49,0.0625,13.21,2.365,0.0513,340.1,0.2828,-9.69,5,5
347299,13.59,0.0504,10.55,2.387,0.0172,346.25,0.2457,-8.12,5,5
347313,14.09,0.0661,13.62,2.424,0.0445,371.41,0.0745,-12.8,5,5
347314,14.29,0.0536,11.07,2.418,0.0488,359.37,0.1574,-10.58,5,5
347315,13.84,0.1166,25.03,2.327,0.038,177.12,0.1768,-21.55,5,50
347318,14.0,0.1463,32.56,2.245,0.005,271.86,0.1707,-30.9,5,5
347330,13.94,0.068,14.04,2.421,0.0275,373.8,0.061,-12.65,5,5
347407,13.88,0.0399,8.19,2.433,0.047,359.31,0.1279,-9.48,5,5
347446,12.73,0.0775,16.7,2.316,0.0064,288.43,0.3425,-9.53,5,5
347452,14.3,0.0558,11.36,2.454,0.1051,362.81,0.0536,-15.14,5,5
347455,13.33,0.0068,1.53,2.236,0.0426,327.07,0.3117,-4.82,5,5
347578,13.52,0.0597,13.01,2.292,0.0082,298.26,0.4112,-5.3,4,5
347943,13.14,0.0397,8.21,2.414,0.0838,344.94,0.2194,-9.85,4,50
348312,13.32,0.1015,22.91,2.212,0.0377,165.05,0.4536,-11.2,5,50
348402,13.3,0.0663,14.35,2.308,0.0059,254.66,0.3768,-7.04,4,5
348704,13.51,0.0446,9.22,2.416,0.0444,354.11,0.1824,-9.16,5,5
348787,13.14,0.1032,23.58,2.184,0.055,262.92,0.4873,-11.08,4,50
349496,13.4,0.0754,17.01,2.213,0.0419,187.05,0.5007,-5.02,5,50
349592,13.63,0.0795,16.49,2.407,0.0304,377.76,0.0753,-14.48,4,5
349916,13.23,0.131,28.74,2.277,0.0296,383.13,0.2223,-25.12,4,5
349918,14.1,0.129,27.73,2.325,0.0481,299.29,0.0478,-27.16,4,50
349919,14.08,0.1121,23.82,2.35,0.0438,389.29,0.1282,-21.63,4,5
349920,13.44,0.0355,7.25,2.442,0.0801,354.81,0.1381,-10.57,4,5
349923,13.68,0.11,23.26,2.36,0.0381,183.26,0.0787,-21.11,4,50
350006,13.81,0.0242,5.25,2.298,0.063,287.78,0.4348,-2.8,5,50
350009,12.93,0.0784,16.79,2.331,0.0937,327.55,0.3324,-13.31,5,5
350051,13.56,0.0913,19.09,2.389,0.063,354.3,0.1287,-17.33,4,50
350052,13.21,0.1532,34.39,2.226,0.0404,229.72,0.1475,-34.79,4,50
350053,14.1,0.0857,17.88,2.393,0.0434,375.05,0.1283,-15.58,4,5
350055,13.15,0.07,14.95,2.339,0.0632,330.98,0.3246,-10.32,4,5
350059,13.98,0.1424,31.48,2.259,0.0208,403.15,0.1716,-29.67,4,5
350060,13.46,0.0786,16.6,2.364,0.0064,296.21,0.2392,-11.9,4,5
350061,13.54,0.1064,22.49,2.363,0.0321,32.62,0.0978,-19.79,4,50
350078,13.4,0.0506,10.84,2.331,0.0354,319.92,0.3601,-6.04,5,5
350109,12.97,0.065,14.26,2.277,0.025,302.27,0.4275,-5.69,5,5
350179,13.59,0.0957,20.19,2.368,0.0874,364.3,0.2011,-18.99,4,50
350191,14.09,0.1487,32.97,2.252,0.0083,399.28,0.1012,-32.76,4,5
350192,13.76,0.1479,32.67,2.262,0.0327,68.33,0.0558,-33.06,4,50
350193,13.2,0.0756,16.97,2.225,0.0289,282.35,0.4853,-5.45,4,5
350196,13.69,0.1412,31.04,2.272,0.0286,408.23,0.1405,-29.96,4,5
350198,13.4,0.0634,13.47,2.349,0.0631,331.6,0.3165,-9.56,4,5
350202,12.72,0.0847,18.67,2.265,0.0424,308.16,0.4144,-9.47,5,5
350212,13.84,0.0657,13.53,2.424,0.0329,372.96,0.0551,-12.48,5,5
350451,13.79,0.0637,13.24,2.402,0.0441,359.43,0.1817,-11.36,4,5
350574,13.13,0.0518,10.6,2.44,0.1021,355.5,0.1416,-13.62,4,5
350794,13.21,0.0303,6.12,2.46,0.182,330.53,0.2027,-18.56,4,50
350801,13.39,0.1167,25.26,2.307,0.0344,120.55,0.233,-20.53,4,50
350825,13.95,0.1046,22.09,2.364,0.0489,290.94,0.1282,-19.68,4,50
350836,14.09,0.0544,10.96,2.479,0.1931,337.67,0.154,-23.76,4,50
350978,13.38,0.0995,21.07,2.358,0.0366,152.81,0.1722,-17.6,4,50
351210,12.85,0.0564,12.21,2.307,0.0516,309.95,0.3955,-6.24,4,5
352155,13.58,0.0745,15.57,2.39,0.0494,276.77,0.1887,-12.84,4,50
352649,13.87,0.0693,14.38,2.405,0.0422,365.3,0.1535,-12.46,4,5
352655,13.29,0.0585,12.26,2.385,0.0169,350.31,0.2346,-9.22,4,5
352659,13.25,0.0226,4.75,2.376,0.0702,325.92,0.3129,-6.29,4,5
352662,13.75,0.0909,19.01,2.388,0.059,341.08,0.1282,-17.13,4,50
352666,14.05,0.0501,10.35,2.415,0.0428,356.88,0.1723,-9.79,4,5
352668,13.44,0.0831,17.3,2.398,0.0519,373.39,0.1271,-15.47,4,5
352671,13.96,0.0494,10.2,2.42,0.0229,360.68,0.147,-9.54,4,5
352692,13.82,0.0762,16.49,2.308,0.013,325.28,0.3595,-8.97,4,5
352793,14.09,0.0877,18.34,2.389,0.0369,376.51,0.1278,-15.75,4,5
353178,14.18,0.1395,30.43,2.291,0.0176,419.09,0.0491,-29.85,4,5
353179,13.93,0.0525,10.78,2.432,0.0441,365.69,0.0926,-10.93,4,5
353180,14.02,0.0889,18.58,2.39,0.052,304.07,0.127,-16.32,4,50
353181,13.98,0.0196,3.99,2.456,0.0881,354.09,0.1125,-10.37,4,5
353182,13.81,0.0526,10.95,2.398,0.072,345.58,0.2354,-10.34,4,5
353183,14.22,0.0597,12.27,2.428,0.0201,371.61,0.0454,-11.43,4,5
353184,14.19,0.039,7.94,2.452,0.0632,364.12,0.0114,-10.72,4,5
353185,13.06,0.0508,10.35,2.45,0.1153,355.02,0.1256,-14.78,4,5
353186,14.35,0.0379,7.75,2.443,0.0623,360.03,0.1028,-10.17,4,5
353187,14.4,0.0447,9.15,2.439,0.0151,367.59,0.031,-9.76,4,5
353188,13.91,0.1062,22.44,2.363,0.0553,330.51,0.129,-20.36,4,50
353189,13.43,0.0426,8.86,2.4,0.1155,331.77,0.2726,-11.47,4,5
353191,14.07,0.088,18.34,2.395,0.0184,382.0,0.0799,-15.75,4,5
353192,13.78,0.1157,24.93,2.317,0.0381,181.91,0.211,-20.91,4,50
353193,14.19,0.0795,16.52,2.404,0.0615,370.75,0.1294,-15.26,4,5
353194,13.56,0.0713,15.09,2.359,0.0704,340.17,0.2855,-11.77,4,5
353195,14.49,0.0822,17.12,2.399,0.0182,377.56,0.1001,-14.53,4,5
353196,14.36,0.0923,19.3,2.388,0.0134,383.89,0.0865,-16.49,4,5
353197,14.22,0.1389,30.32,2.288,0.0325,61.45,0.0931,-29.37,4,50
353198,14.04,0.0223,4.52,2.467,0.1027,355.23,0.0756,-11.78,4,5
353199,14.06,0.0549,11.27,2.432,0.078,360.56,0.1281,-12.5,4,5
353200,13.49,0.0555,11.53,2.403,0.0244,356.04,0.194,-9.62,4,5
353201,13.43,0.0769,16.22,2.366,0.0297,354.26,0.2411,-11.96,4,5
353202,13.73,0.0945,19.89,2.373,0.031,7.58,0.1489,-16.27,4,50
353203,13.74,0.0798,16.64,2.396,0.0278,372.24,0.1373,-13.93,4,5
353204,13.75,0.0534,10.97,2.43,0.0052,241.07,0.0666,-10.43,4,5
353205,14.14,0.1378,29.94,2.299,0.0345,106.84,0.0155,-29.45,4,50
353208,13.9,0.053,11.02,2.404,0.024,355.12,0.196,-9.31,4,5
353209,13.86,0.0767,15.94,2.403,0.0352,371.96,0.1249,-13.73,4,5
353210,13.07,0.0293,6.06,2.416,0.0391,348.98,0.2011,-7.56,4,5
353211,13.87,0.1016,21.39,2.372,0.0233,387.51,0.1004,-18.58,4,5
353212,14.02,0.0766,15.87,2.409,0.0252,376.35,0.0796,-13.83,4,5
353213,14.34,0.0353,7.2,2.451,0.0938,354.95,0.1212,-11.62,4,5
353215,13.17,0.055,11.84,2.321,0.116,305.44,0.3887,-9.97,4,5
353217,14.16,0.12,25.58,2.343,0.0403,209.7,0.0617,-23.9,4,50
353218,13.29,0.0677,14.17,2.385,0.0296,355.48,0.2184,-10.92,4,5
353227,13.67,0.0642,13.17,2.435,0.0984,362.39,0.1136,-15.35,4,5
353228,13.14,0.0596,12.44,2.394,0.014,355.19,0.2086,-9.75,4,5
353230,13.34,0.0524,10.81,2.42,0.0856,352.59,0.1836,-11.76,4,50
353336,14.3,0.0939,19.74,2.375,0.0408,376.02,0.1531,-16.86,4,5
353342,13.59,0.1139,24.52,2.322,0.0332,68.91,0.2102,-20.07,4,50
353343,13.63,0.1094,23.11,2.364,0.0719,381.35,0.1143,-22.47,4,50
353344,14.37,0.0618,12.62,2.446,0.0973,365.98,0.048,-15.38,4,5
353346,14.14,0.0846,17.64,2.395,0.0428,374.88,0.1258,-15.38,4,5
353347,13.83,0.038,7.71,2.459,0.1077,355.81,0.0993,-12.88,4,50
353348,14.54,0.0486,9.77,2.485,0.1511,354.0,0.0238,-18.9,4,5
353349,13.97,0.0344,7.02,2.447,0.0538,361.91,0.0729,-9.74,4,5
353350,13.87,0.0892,18.66,2.388,0.0478,275.99,0.1282,-16.25,4,50
353351,13.71,0.0687,14.2,2.414,0.0573,317.72,0.1255,-13.12,4,50
353352,14.23,0.0583,11.86,2.454,0.1291,356.69,0.1084,-17.07,4,50
353353,13.85,0.0716,14.98,2.386,0.0922,348.03,0.2371,-14.19,4,5
353354,13.99,0.046,9.42,2.441,0.0361,367.47,0.0203,-10.32,4,5
353355,14.36,0.027,5.48,2.456,0.0675,360.72,0.0484,-9.99,4,5
353356,14.32,0.0713,14.78,2.41,0.0486,368.28,0.1311,-13.27,4,5
353357,14.45,0.0355,7.24,2.453,0.0644,363.16,0.0227,-10.49,4,5
353358,14.04,0.0436,8.91,2.445,0.0845,358.39,0.1131,-11.81,4,5
353359,13.4,0.0314,6.45,2.429,0.0305,356.23,0.1497,-8.14,4,5
353360,13.97,0.1338,29.02,2.305,0.0496,311.43,0.1015,-28.45,4,50
353361,13.25,0.0179,3.73,2.403,0.0592,337.83,0.255,-6.79,4,5
353362,13.78,0.1051,22.27,2.356,0.0538,321.62,0.1567,-19.92,4,50
353363,12.9,0.0204,4.41,2.31,0.1369,288.32,0.4315,-7.48,4,5
353364,13.4,0.0002,1.29,0.043,0.1043,340.16,0.2106,-9.74,4,5
353721,13.76,0.1043,22.03,2.365,0.0621,355.65,0.1409,-20.23,4,50
353727,14.39,0.0861,17.68,2.431,0.1474,362.66,0.1096,-24.49,4,50
353737,13.22,0.0278,5.68,2.445,0.131,339.35,0.2025,-12.95,4,5
353738,13.09,0.0571,11.8,2.418,0.0504,361.05,0.151,-11.14,4,5
353739,13.84,0.0493,10.16,2.421,0.042,359.17,0.1526,-9.93,4,5
353740,14.0,0.1056,22.32,2.362,0.0527,318.84,0.1291,-20.32,4,50
353742,13.41,0.028,6.01,2.326,0.0723,306.41,0.3935,-4.71,4,5
353743,13.59,0.0769,15.98,2.404,0.0434,371.41,0.1265,-14.04,4,5
353744,13.9,0.0823,17.15,2.397,0.0487,372.8,0.1315,-15.14,4,5
353747,13.58,0.1394,30.51,2.283,0.0271,4.25,0.1078,-29.18,4,50
353748,13.91,0.0519,10.87,2.385,0.0474,343.38,0.2546,-8.79,4,5
353749,13.23,0.0737,16.27,2.262,0.0327,299.66,0.4369,-6.74,4,5
353753,13.9,0.0423,8.67,2.439,0.0142,366.27,0.0537,-9.46,4,5
353755,14.11,0.0398,8.15,2.437,0.0677,357.16,0.1345,-10.28,4,5
353761,13.37,0.0753,15.69,2.397,0.0519,365.1,0.1669,-13.62,4,5
353796,13.18,0.0755,16.07,2.346,0.0599,339.19,0.2984,-11.65,5,5
353801,13.97,0.0964,20.86,2.309,0.063,331.6,0.3175,-15.04,5,50
353930,14.1,0.0157,3.22,2.431,0.0145,353.86,0.1573,-7.04,4,5
353971,12.77,0.0368,8.1,2.269,0.0644,280.71,0.4675,-2.64,4,50
354008,13.88,0.0909,19.11,2.376,0.0679,367.19,0.1854,-17.12,4,5
354144,12.92,0.0113,2.42,2.326,0.0916,301.36,0.4034,-4.76,4,5
354178,13.84,0.0763,16.44,2.318,0.075,323.64,0.3526,-11.22,4,5
354180,14.0,0.1396,30.55,2.282,0.0157,412.61,0.1114,-29.36,4,5
354202,13.73,0.029,5.96,2.43,0.0295,355.88,0.1498,-7.98,4,5
354213,13.84,0.0617,12.68,2.433,0.0953,360.69,0.1273,-14.6,4,5
354342,13.1,0.0557,11.45,2.43,0.0801,359.91,0.1349,-12.68,4,5
354351,13.59,0.0322,6.63,2.429,0.0361,355.91,0.1518,-8.31,4,5
354354,13.16,0.0629,13.02,2.412,0.0481,362.89,0.1521,-11.78,4,5
354364,14.48,0.0254,5.15,2.458,0.0677,361.29,0.0108,-9.99,4,5
355269,13.69,0.0842,18.32,2.295,0.0848,317.1,0.3756,-12.59,4,5
355270,13.84,0.0554,11.57,2.389,0.1508,323.53,0.2968,-15.66,4,50
355286,14.02,0.0615,12.69,2.419,0.0675,361.21,0.1495,-12.5,4,5
355287,14.41,0.0727,15.02,2.416,0.0812,364.68,0.1289,-15.14,4,50
355291,13.87,0.0874,18.52,2.356,0.0509,290.66,0.2386,-14.48,4,50
355310,14.02,0.0886,18.52,2.389,0.0111,379.5,0.1075,-15.55,4,5
355375,13.45,0.0634,13.35,2.372,0.0593,342.58,0.2697,-10.42,4,5
355387,13.89,0.1018,21.38,2.378,0.0425,388.84,0.0733,-19.46,4,5
355755,14.19,0.0974,20.37,2.388,0.0491,289.77,0.0542,-18.63,4,50
355756,14.22,0.0852,17.76,2.395,0.0547,373.63,0.1314,-15.95,4,5
355757,13.49,0.0682,14.26,2.389,0.0457,356.2,0.2108,-11.62,4,5
355758,14.34,0.0654,13.51,2.418,0.0441,367.99,0.1153,-12.38,4,5
355760,13.99,0.0708,14.64,2.414,0.0657,355.05,0.1269,-13.83,4,50
355762,13.75,0.0729,15.14,2.406,0.1207,349.2,0.2098,-17.37,4,5
355765,13.99,0.0813,16.93,2.399,0.0422,373.55,0.1253,-14.79,4,5
355766,14.21,0.063,13.01,2.419,0.0208,369.51,0.1005,-11.56,4,5
355768,13.12,0.028,6.08,2.298,0.0711,294.59,0.4335,-3.37,4,50
355769,14.55,0.0374,7.69,2.426,0.0288,356.95,0.1536,-8.49,4,5
355774,14.27,0.0626,12.96,2.412,0.0446,363.25,0.1502,-11.63,4,5
355775,14.35,0.0898,18.82,2.383,0.0392,374.91,0.1469,-16.0,4,5
355776,14.41,0.0849,17.64,2.403,0.0594,339.98,0.0955,-16.15,4,50
355777,14.31,0.066,13.59,2.423,0.0418,371.71,0.0718,-12.71,4,5
355778,13.83,0.0341,7.26,2.343,0.0153,320.24,0.3529,-4.48,4,5
355779,14.05,0.1106,23.53,2.349,0.0371,386.76,0.1434,-20.78,4,5
355780,14.15,0.0594,12.15,2.44,0.1022,359.95,0.1179,-14.89,4,5
355781,13.77,0.0442,9.11,2.423,0.0334,358.65,0.1501,-9.22,4,5
355782,14.13,0.0706,14.64,2.408,0.0304,369.38,0.1281,-12.6,4,5
355788,13.71,0.0806,16.91,2.379,0.0205,364.64,0.1939,-13.16,4,5
355791,14.19,0.0592,12.4,2.383,0.0666,343.69,0.2562,-10.46,4,5
355808,13.61,0.1105,23.66,2.333,0.0303,7.73,0.1922,-19.46,4,50
355809,14.12,0.0831,17.32,2.396,0.0477,373.11,0.1325,-15.23,4,5
355810,13.63,0.0622,12.96,2.397,0.0244,357.9,0.1949,-10.44,4,5
355813,14.32,0.1031,21.79,2.362,0.0335,67.3,0.1333,-18.64,4,50
355814,14.3,0.0935,19.59,2.383,0.0443,378.99,0.1267,-17.21,4,5
355816,14.05,0.1083,22.89,2.363,0.0582,347.13,0.114,-21.23,4,50
355818,14.39,0.0639,13.14,2.43,0.0464,372.54,0.0245,-12.77,4,5
355820,14.1,0.0723,15.0,2.409,0.0495,368.63,0.1312,-13.47,4,5
355822,14.01,0.0938,19.94,2.349,0.0347,362.14,0.2328,-15.39,4,5
355830,14.02,0.0951,20.31,2.338,0.0277,358.31,0.2537,-15.04,4,5
355835,13.9,0.0451,9.3,2.422,0.037,358.15,0.1549,-9.34,4,5
355836,13.77,0.0726,15.09,2.403,0.0629,363.57,0.1641,-13.75,4,5
355842,14.0,0.0751,15.56,2.411,0.0313,374.96,0.0866,-13.69,4,5
355849,13.89,0.096,20.15,2.378,0.0462,379.76,0.1301,-17.8,4,5
355857,13.98,0.0593,12.03,2.461,0.1321,358.13,0.0804,-17.99,4,5
356205,13.62,0.0543,11.56,2.348,0.0531,327.44,0.3292,-7.73,4,5
356206,13.85,0.0603,12.72,2.369,0.0453,341.14,0.2772,-9.29,4,5
356207,13.99,0.0381,7.78,2.448,0.1011,353.55,0.1353,-12.06,4,50
356208,13.23,0.0467,9.9,2.357,0.0586,326.94,0.3247,-7.25,4,5
356209,13.69,0.0097,1.99,2.432,0.0441,351.25,0.1676,-7.37,4,5
356210,13.96,0.1009,21.5,2.344,0.0053,269.2,0.2105,-16.76,4,5
356211,14.2,0.105,22.19,2.363,0.0475,278.75,0.1256,-19.82,4,50
356212,14.13,0.0791,16.42,2.407,0.0127,378.8,0.065,-14.14,4,5
356213,14.37,0.0399,8.17,2.442,0.0679,359.34,0.111,-10.54,4,5
356214,13.47,0.0247,5.25,2.352,0.056,318.47,0.3502,-4.95,4,5
356215,14.13,0.0535,11.01,2.427,0.0472,363.8,0.1168,-10.95,4,5
356216,14.28,0.0175,3.57,2.452,0.054,359.43,0.0711,-8.82,4,5
356217,13.58,0.0858,18.48,2.319,0.0539,335.54,0.3247,-12.55,4,5
356218,14.67,0.0467,9.52,2.447,0.0923,358.88,0.1051,-12.72,4,5
356219,14.46,0.0504,10.32,2.441,0.0573,366.33,0.0557,-11.44,4,5
356220,14.05,0.0302,6.2,2.436,0.0211,359.55,0.117,-8.23,4,5
356221,14.28,0.0697,14.38,2.42,0.0239,375.29,0.0454,-12.88,4,5
356222,14.15,0.0812,16.89,2.4,0.0463,373.33,0.124,-14.92,4,5
356223,13.87,0.0183,3.72,2.453,0.1223,343.08,0.1772,-12.06,4,5
356224,14.39,0.0415,8.48,2.444,0.0702,360.66,0.0959,-10.93,4,5
356225,14.27,0.0418,8.54,2.441,0.0693,359.32,0.1144,-10.75,4,5
356226,13.86,0.0398,8.16,2.434,0.0472,359.68,0.1236,-9.52,4,5
356227,14.37,0.0273,5.57,2.448,0.0693,357.02,0.1099,-9.7,4,5
356228,14.24,0.0187,3.89,2.405,0.0603,338.93,0.2487,-6.98,4,5
356229,14.6,0.0386,7.96,2.42,0.0567,351.52,0.1867,-9.03,4,5
356231,13.93,0.08,16.69,2.392,0.0245,370.69,0.1511,-13.72,4,5
356232,13.98,0.0781,16.2,2.408,0.0054,267.52,0.067,-13.9,4,5
356233,13.41,0.0843,17.74,2.373,0.0103,365.4,0.1967,-13.65,4,5
356234,14.47,0.0665,13.66,2.43,0.0807,367.37,0.0878,-14.39,4,50
356235,14.57,0.0616,12.66,2.428,0.0214,372.91,0.022,-11.76,4,5
356236,13.75,0.0297,6.09,2.437,0.0621,354.4,0.1479,-9.12,4,5
356237,13.91,0.113,24.12,2.34,0.036,146.32,0.1539,-20.98,4,50
356238,13.67,0.0942,20.15,2.336,0.1129,339.46,0.2913,-19.27,4,5
356239,14.4,0.0419,8.58,2.44,0.0358,364.98,0.0647,-9.79,4,5
356240,13.94,0.079,16.41,2.403,0.0565,370.95,0.1293,-14.91,4,5
356241,13.71,0.0362,7.44,2.429,0.0414,356.45,0.1519,-8.75,4,5
356242,14.42,0.0518,10.63,2.433,0.0501,365.07,0.0929,-11.06,4,5
356243,13.94,0.0338,7.0,2.412,0.1191,332.36,0.2605,-11.25,4,5
356244,14.14,0.0255,5.22,2.444,0.057,311.72,0.1074,-8.85,4,50
356245,13.48,0.0283,5.82,2.429,0.0168,356.08,0.1501,-7.72,4,5
356247,14.51,0.0667,13.81,2.412,0.0131,369.34,0.1193,-11.8,4,5
356248,14.32,0.1062,22.45,2.363,0.0544,326.26,0.1251,-20.46,4,50
356249,14.43,0.0877,18.28,2.395,0.0362,379.84,0.0953,-16.03,4,5
356250,14.29,0.0185,3.75,2.46,0.0687,360.09,0.0292,-9.69,4,5
356251,14.41,0.1017,21.37,2.376,0.0112,390.38,0.066,-18.64,4,5
356252,13.87,0.0705,15.01,2.345,0.0757,332.33,0.3154,-11.29,4,5
356253,14.75,0.0923,19.32,2.386,0.0276,381.57,0.1062,-16.59,4,5
356254,14.15,0.1045,22.06,2.366,0.0327,44.83,0.1052,-19.17,4,50
356255,14.35,0.031,6.34,2.445,0.0105,363.23,0.0389,-8.62,4,5
356257,13.65,0.0992,20.84,2.376,0.0553,380.9,0.1278,-18.99,4,5
356258,14.43,0.074,15.28,2.419,0.0607,372.91,0.0807,-14.7,4,5
356259,14.02,0.092,19.26,2.385,0.05,377.43,0.1296,-17.11,4,5
356261,12.56,0.1216,27.39,2.218,0.0121,324.84,0.3874,-17.7,4,5
356262,14.4,0.0636,13.12,2.421,0.0218,371.04,0.0829,-11.79,4,5
356263,13.62,0.1097,23.18,2.365,0.0548,332.05,0.0856,-21.64,4,50
356264,13.28,0.0383,7.99,2.396,0.0404,342.81,0.2472,-7.47,4,5
356265,14.09,0.0309,6.36,2.429,0.0313,355.92,0.1516,-8.11,4,5
356266,13.43,0.0631,13.12,2.4,0.039,358.56,0.1882,-11.01,4,5
356268,13.81,0.0376,7.66,2.45,0.0848,357.91,0.1026,-11.38,4,5
356270,13.92,0.0788,16.39,2.401,0.0424,372.33,0.1261,-14.32,4,5
356271,14.17,0.0302,6.19,2.436,0.0523,285.25,0.1324,-8.7,4,50
356272,14.42,0.0612,12.59,2.43,0.0523,369.37,0.0707,-12.46,4,5
356273,13.96,0.1234,26.61,2.317,0.0356,132.39,0.1539,-23.86,4,50
356275,13.29,0.0234,4.92,2.378,0.0312,331.48,0.2974,-5.34,4,5
356276,13.75,0.0802,17.21,2.327,0.0551,334.11,0.3243,-11.6,4,5
356277,13.46,0.0987,21.12,2.333,0.0523,356.98,0.2586,-16.62,4,5
356279,12.92,0.0814,17.37,2.341,0.0286,345.57,0.2869,-11.77,4,5
356280,13.91,0.0658,13.54,2.425,0.0856,362.84,0.1307,-14.46,4,5
356284,14.19,0.1029,21.72,2.366,0.0468,271.21,0.1304,-19.21,4,50
356417,14.17,0.0955,19.91,2.396,0.0731,382.38,0.0719,-19.74,4,5
356418,14.15,0.0208,4.22,2.462,0.0836,357.98,0.0597,-10.51,4,5
356419,13.4,0.02,4.11,2.427,0.0423,350.79,0.1783,-7.49,4,5
356421,13.18,0.0365,7.6,2.401,0.0796,338.41,0.2542,-8.85,4,5
356422,14.19,0.0191,3.89,2.449,0.0619,331.01,0.0978,-8.84,4,50
356423,14.17,0.0705,14.55,2.419,0.0454,373.01,0.0766,-13.51,4,5
356424,14.14,0.108,22.85,2.362,0.0447,260.03,0.1063,-20.53,4,50
356425,14.16,0.0366,7.42,2.461,0.0924,360.12,0.0427,-12.16,4,5
356426,14.51,0.0789,16.4,2.401,0.0407,372.21,0.1281,-14.25,4,5
356427,13.99,0.059,12.22,2.409,0.0109,362.13,0.1587,-10.33,4,5
356428,13.57,0.0224,4.54,2.446,0.1596,333.5,0.2059,-15.44,4,5
356429,13.78,0.0427,8.72,2.446,0.118,348.77,0.1632,-13.66,4,5
356430,13.94,0.0561,11.54,2.427,0.0213,368.19,0.0867,-10.79,4,5
356431,14.05,0.0359,7.39,2.423,0.0256,355.24,0.1663,-8.16,4,5
356432,13.99,0.0503,10.37,2.42,0.0367,359.86,0.1514,-9.89,4,5
356433,14.04,0.0471,9.62,2.446,0.0936,358.24,0.1124,-12.79,4,5
356435,14.67,0.0615,12.4,2.477,0.1574,355.84,0.0387,-21.29,4,50
356436,14.06,0.0719,14.88,2.414,0.0227,374.49,0.0791,-13.03,4,5
356437,14.41,0.0341,7.03,2.422,0.0345,353.54,0.1746,-8.12,4,5
356438,14.12,0.0965,20.2,2.385,0.0383,170.99,0.0726,-17.8,4,50
356439,14.05,0.0226,4.64,2.436,0.016,357.51,0.1287,-7.64,4,5
356440,13.97,0.1456,32.28,2.252,0.0386,202.14,0.1555,-31.59,4,50
356441,14.09,0.0583,12.05,2.419,0.042,363.57,0.1368,-11.14,4,5
356442,13.5,0.0384,7.97,2.407,0.0894,339.54,0.2444,-9.77,4,5
356443,14.04,0.0851,17.81,2.385,0.0648,366.09,0.1788,-15.84,4,5
356444,13.62,0.0477,9.78,2.434,0.0501,363.17,0.1029,-10.55,4,5
356445,13.31,0.0446,9.44,2.358,0.0539,327.09,0.3239,-6.88,4,5
356446,13.18,0.0532,10.99,2.415,0.0208,360.61,0.1567,-9.79,4,5
356447,13.97,0.0438,8.98,2.438,0.0418,363.92,0.0859,-10.01,4,5
356448,13.94,0.0746,15.52,2.401,0.0504,366.81,0.1529,-13.61,4,5
356449,13.99,0.0746,15.47,2.407,0.0491,370.11,0.1258,-13.87,4,5
356450,13.38,0.0364,7.5,2.422,0.0827,346.19,0.2058,-9.87,4,5
356451,13.74,0.0967,20.25,2.386,0.0545,383.1,0.0961,-18.7,4,5
356864,14.04,0.1029,21.57,2.384,0.0808,384.26,0.0844,-21.72,4,50
356893,13.34,0.0356,7.88,2.255,0.0519,242.43,0.4854,-1.57,4,50
356895,13.08,0.0561,12.12,2.31,0.0636,309.7,0.3934,-6.73,4,5
356896,13.51,0.0573,11.88,2.406,0.0738,351.46,0.2063,-11.49,4,5
356897,12.9,0.1481,36.06,2.052,0.0327,103.09,0.5147,-20.92,4,50
356898,14.26,0.073,15.1,2.413,0.0717,365.12,0.1263,-14.5,4,50
356899,13.75,0.0774,16.17,2.391,0.0741,359.57,0.1949,-14.74,4,5
356900,14.15,0.0222,4.54,2.439,0.0952,345.94,0.1845,-10.07,4,5
356901,13.65,0.0981,21.05,2.328,0.0198,357.55,0.2632,-15.33,4,5
356902,14.22,0.0791,16.44,2.401,0.0464,371.79,0.129,-14.47,4,5
356903,13.56,0.1355,30.02,2.249,0.0398,224.4,0.2403,-26.34,4,50
356904,13.63,0.0932,19.49,2.389,0.031,384.01,0.0828,-17.07,4,5
356905,14.2,0.0787,16.35,2.405,0.0611,370.71,0.1272,-15.13,4,5
356906,13.91,0.0759,15.7,2.415,0.0434,376.45,0.0576,-14.38,4,5
356907,13.36,0.0666,13.96,2.381,0.0461,351.31,0.235,-10.98,4,5
356909,12.99,0.0382,8.64,2.207,0.0595,247.68,0.5294,-0.08,4,50
356910,13.39,0.0819,17.28,2.364,0.1001,346.56,0.2584,-16.21,4,50
356911,14.09,0.0946,19.85,2.38,0.0159,382.18,0.1164,-16.75,4,5
356912,13.69,0.095,19.95,2.378,0.0298,380.35,0.1296,-17.01,4,5
356913,14.0,0.0907,18.97,2.388,0.061,348.29,0.1293,-17.22,4,50
356914,13.93,0.0556,11.48,2.418,0.0194,363.6,0.1372,-10.26,4,5
356915,14.23,0.0898,18.8,2.387,0.018,379.66,0.1163,-15.81,4,5
356916,14.09,0.1006,21.17,2.374,0.0647,379.95,0.134,-19.81,4,5
356918,14.26,0.0492,9.93,2.478,0.1502,352.96,0.0723,-18.47,4,50
356934,12.96,0.041,9.09,2.253,0.0403,159.29,0.4833,-1.67,5,50
356962,13.42,0.0912,19.06,2.391,0.024,383.46,0.0804,-16.5,4,5
356987,13.3,0.0698,14.98,2.329,0.0523,327.68,0.3402,-9.44,4,5
357183,13.94,0.1067,22.72,2.346,0.0203,380.25,0.1751,-18.87,4,5
357656,13.85,0.0341,6.94,2.451,0.107,350.88,0.1441,-12.23,4,5
358501,14.38,0.1069,23.01,2.321,0.0541,316.36,0.2525,-18.58,4,50
358513,14.21,0.124,26.67,2.321,0.0391,197.64,0.1293,-24.52,4,50
358518,14.5,0.1032,21.67,2.378,0.0484,389.9,0.0629,-20.12,4,5
358519,14.28,0.101,21.21,2.378,0.0539,323.58,0.093,-19.43,4,50
358966,14.32,0.0642,13.24,2.421,0.0246,370.96,0.0855,-11.9,4,5
358968,14.29,0.0897,18.66,2.4,0.0637,379.38,0.0864,-17.77,4,5
358971,14.09,0.0361,7.36,2.447,0.1207,345.92,0.1736,-13.12,4,5
358975,14.25,0.0492,10.06,2.442,0.0739,362.67,0.0894,-11.95,4,5
358976,13.69,0.0983,20.97,2.341,0.0099,364.46,0.2306,-15.87,4,5
358977,14.34,0.0624,12.84,2.427,0.0874,360.85,0.1369,-14.0,4,5
358981,14.03,0.0459,9.33,2.459,0.101,361.42,0.0421,-13.55,4,50
358988,14.41,0.0508,10.42,2.433,0.0244,367.72,0.066,-10.38,4,5
358989,13.87,0.0801,17.41,2.298,0.0505,320.43,0.3729,-10.14,4,5
358992,14.27,0.0712,14.8,2.403,0.012,368.88,0.1396,-12.25,4,5
358993,14.38,0.0935,19.63,2.379,0.0349,378.13,0.1385,-16.73,4,5
358994,14.21,0.1348,29.26,2.302,0.032,46.82,0.085,-27.97,4,50
359000,14.01,0.1055,22.3,2.362,0.0314,17.03,0.1129,-19.33,4,50
359001,13.64,0.0645,13.39,2.403,0.015,363.15,0.1653,-11.0,4,5
359004,14.28,0.1203,25.98,2.313,0.0403,218.0,0.1953,-22.49,4,50
359011,14.28,0.1096,23.21,2.358,0.047,276.71,0.1085,-21.22,4,50
359025,14.53,0.1537,34.43,2.229,0.0369,177.42,0.1195,-35.28,4,50
359339,13.15,0.0244,5.3,2.3,0.1031,290.77,0.4378,-4.95,4,5
359340,14.1,0.0878,18.33,2.392,0.0252,379.3,0.1075,-15.63,4,5
359343,14.35,0.0654,13.57,2.407,0.0273,364.77,0.1526,-11.5,4,5
359345,14.29,0.0906,18.97,2.385,0.0418,377.02,0.133,-16.46,4,5
359346,14.01,0.1345,29.25,2.297,0.0391,208.33,0.1178,-28.09,4,50
359347,14.14,0.0563,11.51,2.442,0.0781,365.77,0.0646,-13.19,4,5
359349,14.44,0.0447,9.14,2.443,0.0798,359.22,0.1119,-11.64,4,5
359350,14.2,0.0582,12.01,2.421,0.0271,366.57,0.1132,-10.96,4,5
359351,14.0,0.0424,8.7,2.436,0.0672,357.98,0.1324,-10.52,4,5
359352,13.87,0.071,14.75,2.405,0.1234,347.44,0.2165,-16.95,4,50
359354,13.98,0.0159,3.23,2.457,0.1022,350.04,0.1365,-10.92,4,5
359355,14.26,0.0339,6.97,2.428,0.0383,355.79,0.1543,-8.46,4,5
359357,13.94,0.0616,12.71,2.42,0.0554,364.65,0.1284,-12.18,4,5
359358,14.53,0.0433,8.68,2.494,0.1812,342.32,0.1103,-21.34,4,5
359360,14.47,0.0903,18.87,2.389,0.0602,344.58,0.1297,-16.99,4,50
359361,14.36,0.0742,15.39,2.408,0.055,369.12,0.1294,-14.03,4,5
359363,14.61,0.0445,9.07,2.451,0.0994,357.47,0.1055,-13.01,4,5
359364,13.49,0.0227,4.64,2.441,0.0992,345.93,0.1815,-10.41,4,5
359365,14.36,0.1245,26.66,2.334,0.0323,51.35,0.0361,-24.88,4,50
359366,14.03,0.0842,17.52,2.402,0.0579,375.45,0.1075,-16.18,4,5
359368,13.91,0.0787,16.37,2.401,0.0446,371.8,0.129,-14.35,4,5
359585,14.11,0.0594,11.96,2.484,0.1834,345.27,0.1041,-24.09,4,50
359594,14.11,0.0747,15.51,2.407,0.0509,369.68,0.1292,-13.93,4,5
359598,14.17,0.0449,9.76,2.297,0.131,289.84,0.4327,-8.55,4,50
359603,14.17,0.0096,2.02,2.331,0.0919,349.91,0.1457,-9.94,4,5
359604,14.41,0.0139,2.29,1.388,0.1551,343.81,0.1154,-15.95,4,5
359606,14.11,0.0451,9.31,2.421,0.0605,325.4,0.173,-9.78,4,50
359607,14.0,0.067,13.79,2.427,0.0585,371.34,0.0647,-13.61,4,5
359610,14.01,0.0901,18.67,2.409,0.1556,353.25,0.1758,-25.33,4,50
359614,13.53,0.0846,17.73,2.383,0.0263,371.16,0.1621,-14.47,4,5
359616,13.26,0.0551,11.8,2.33,0.0796,315.9,0.3663,-8.13,5,5
359937,13.56,0.0681,14.14,2.405,0.0247,366.58,0.1464,-11.9,4,5
359939,13.35,0.1061,22.81,2.324,0.0385,185.66,0.2435,-17.81,4,50
359940,13.6,0.0876,18.32,2.387,0.0147,377.34,0.1279,-15.21,4,5
359943,13.99,0.088,18.39,2.391,0.0479,375.78,0.1286,-16.21,4,5
359945,14.38,0.0835,17.83,2.34,0.0665,341.75,0.2945,-13.44,4,5
359957,14.02,0.0946,19.77,2.391,0.0893,374.02,0.133,-19.9,4,50
359960,13.7,0.1009,21.24,2.373,0.0113,387.83,0.0953,-18.27,4,5
359961,13.72,0.1155,24.81,2.325,0.0043,198.45,0.1871,-20.72,4,5
359963,13.97,0.0579,11.76,2.459,0.1222,360.27,0.0652,-16.89,4,5
359965,13.81,0.081,16.94,2.388,0.0388,368.45,0.1658,-14.13,4,5
359966,14.07,0.1509,33.62,2.244,0.0458,282.68,0.1164,-34.59,4,50
359969,13.87,0.1288,28.17,2.279,0.0549,333.44,0.2217,-25.65,4,50
359974,13.55,0.0466,9.9,2.35,0.0826,320.91,0.343,-7.8,4,50
359975,14.0,0.1035,21.91,2.358,0.0369,160.81,0.1498,-18.78,4,50
360031,13.54,0.0776,16.13,2.402,0.0412,371.74,0.127,-14.05,4,5
360041,13.79,0.0555,11.48,2.412,0.0752,352.86,0.1935,-11.56,4,5
360047,13.38,0.0488,10.15,2.4,0.064,345.96,0.2322,-9.58,4,5
360057,13.39,0.0425,8.79,2.412,0.049,262.55,0.1965,-8.71,4,50
360058,13.94,0.0116,2.37,2.452,0.0681,356.1,0.1022,-9.06,4,5
360064,13.71,0.0721,14.93,2.413,0.1314,348.74,0.2019,-18.28,4,50
360070,13.85,0.1416,30.93,2.286,0.0447,269.09,0.036,-31.62,4,50
360071,14.17,0.0532,11.01,2.412,0.0119,360.03,0.163,-9.61,4,5
360072,13.63,0.0792,16.46,2.402,0.0544,371.11,0.1305,-14.84,4,5
360073,13.22,0.0617,12.95,2.379,0.0928,337.8,0.2749,-11.97,4,5
360075,13.51,0.0416,8.54,2.433,0.1112,345.16,0.1962,-12.47,4,5
360076,14.29,0.1051,22.2,2.365,0.0522,313.03,0.1273,-19.86,4,50
360077,14.12,0.0548,11.36,2.406,0.0611,352.37,0.2036,-10.59,4,5
360079,13.98,0.0838,17.45,2.399,0.0588,373.25,0.1264,-15.97,4,5
360088,14.07,0.0426,8.77,2.423,0.0609,353.48,0.1761,-9.71,4,5
360093,14.01,0.0326,6.71,2.427,0.0244,356.13,0.1542,-8.05,4,5
360100,13.66,0.017,3.45,2.459,0.0976,352.38,0.1177,-10.83,4,5
360103,13.15,0.0514,10.75,2.389,0.0322,346.91,0.241,-8.58,4,5
360107,13.4,0.067,14.17,2.361,0.0288,343.51,0.2778,-9.72,4,5
360143,14.13,0.0506,10.39,2.432,0.0522,363.53,0.1065,-10.91,4,5
360160,13.65,0.0654,13.57,2.406,0.0216,365.06,0.1517,-11.39,4,5
360162,13.4,0.0398,8.53,2.333,0.098,308.13,0.3818,-7.28,4,5
360171,13.48,0.0435,9.07,2.397,0.1458,322.91,0.2955,-13.63,4,50
360180,13.47,0.0988,20.89,2.363,0.0622,352.26,0.178,-18.53,4,50
360185,13.83,0.0198,4.06,2.438,0.0443,355.16,0.1391,-8.02,4,5
360390,12.98,0.0992,22.74,2.178,0.0499,272.27,0.505,-9.45,4,5
361999,14.1,0.0874,18.24,2.392,0.053,374.92,0.1298,-16.3,4,5
362314,14.66,0.1113,23.51,2.366,0.0554,335.36,0.0482,-22.32,4,50
362321,13.21,0.0848,18.88,2.241,0.0412,193.42,0.4477,-8.26,4,50
362915,13.86,0.1497,33.49,2.234,0.0273,4.25,0.17,-32.09,4,50
362965,13.92,0.1383,30.33,2.277,0.0305,402.78,0.1572,-28.75,4,5
362976,13.46,0.1263,27.46,2.298,0.0429,249.49,0.201,-24.26,4,50
362981,12.65,0.0614,13.41,2.284,0.0557,301.54,0.424,-6.18,4,5
362982,14.0,0.0674,13.8,2.439,0.1559,345.91,0.1779,-20.81,4,5
365037,14.04,0.0953,20.01,2.379,0.049,287.47,0.1293,-17.57,4,50
365301,14.33,0.125,27.1,2.303,0.0571,349.96,0.1924,-25.09,4,50
365475,13.39,0.0454,9.44,2.401,0.0276,349.76,0.2176,-8.27,4,5
365652,13.5,0.0512,10.56,2.422,0.0955,350.46,0.19,-12.23,4,50
365663,13.28,0.0245,5.07,2.413,0.1391,324.84,0.2798,-11.96,4,5
365695,14.18,0.0926,19.52,2.37,0.0799,364.17,0.2008,-17.79,4,50
365724,13.69,0.0245,4.98,2.455,0.1292,342.73,0.1764,-13.01,4,5
365918,14.21,0.014,2.85,2.44,0.1103,348.91,0.1364,-11.47,4,5
366253,13.64,0.0859,17.98,2.384,0.0426,370.82,0.1619,-15.18,4,5
366254,14.08,0.085,17.74,2.394,0.045,375.02,0.1254,-15.56,4,5
366262,13.39,0.0965,20.62,2.338,0.0148,361.04,0.2463,-15.24,4,5
366264,13.03,0.1347,29.69,2.265,0.0307,28.6,0.2192,-26.07,4,50
366269,14.0,0.0367,7.48,2.453,0.0707,362.31,0.0446,-10.84,4,5
366287,13.78,0.049,9.55,2.404,0.2205,325.36,0.1902,-26.38,4,50
366317,14.47,0.0793,16.46,2.405,0.0632,370.62,0.1282,-15.32,4,5
368086,13.39,0.0825,18.4,2.239,0.0374,146.72,0.4546,-7.46,5,50
368097,13.73,0.0901,18.94,2.377,0.0248,374.15,0.1592,-15.52,4,5
368102,14.08,0.0299,6.45,2.315,0.0998,298.36,0.4137,-5.77,4,5
369881,13.31,0.0702,15.65,2.24,0.0778,283.99,0.4724,-6.86,5,50
369886,12.93,0.0391,8.52,2.288,0.0956,290.3,0.4437,-5.28,5,5
369917,14.36,0.0496,10.19,2.43,0.0379,363.95,0.1084,-10.29,4,5
369977,13.02,0.0901,20.58,2.187,0.0356,271.54,0.5104,-7.12,5,5
370087,13.96,0.0446,5.87,1.922,0.2051,333.28,0.1434,-23.85,5,50
370105,13.06,0.063,13.48,2.333,0.0443,326.24,0.3423,-8.16,5,5
371203,14.0,0.1317,28.56,2.304,0.0355,149.42,0.1228,-26.72,5,50
371254,14.27,0.138,29.96,2.309,0.0674,392.74,0.028,-31.16,5,50
371682,13.71,0.1099,23.53,2.332,0.0369,375.28,0.205,-19.65,5,5
371743,13.95,0.0237,4.82,2.453,0.0885,354.63,0.1149,-10.36,5,50
371911,13.24,0.0923,19.5,2.364,0.0804,360.54,0.2187,-17.45,5,50
371918,13.73,0.1291,28.34,2.275,0.0207,377.8,0.2397,-23.9,5,5
373381,12.96,0.0807,17.27,2.333,0.0403,339.48,0.3081,-11.5,5,5
373543,13.71,0.0829,18.23,2.272,0.0109,312.02,0.4045,-8.79,5,5
373813,13.12,0.1017,21.98,2.312,0.022,352.53,0.2876,-15.63,5,5
373820,13.47,0.0659,13.68,2.406,0.0808,355.68,0.1905,-13.35,5,5
373985,13.33,0.1012,21.51,2.349,0.0218,373.73,0.1947,-17.3,5,5
374183,13.51,0.109,23.76,2.292,0.0513,347.81,0.3066,-17.89,5,5
374213,13.87,0.0301,6.07,2.473,0.1187,354.2,0.0735,-13.56,5,5
374564,13.95,0.108,22.83,2.363,0.0413,224.09,0.0908,-20.56,5,50
374580,13.94,0.0737,15.6,2.359,0.0535,344.91,0.2739,-11.6,5,5
374605,13.91,0.038,8.04,2.358,0.0123,327.99,0.3228,-5.41,5,5
374613,13.32,0.0179,4.09,2.19,0.1131,245.33,0.5674,-0.82,5,50
375211,13.71,0.088,20.24,2.172,0.0437,261.6,0.5325,-6.16,5,5
375231,13.82,0.063,13.29,2.365,0.0822,334.93,0.2946,-11.04,5,5
375237,13.86,0.0509,10.44,2.433,0.0443,365.03,0.0946,-10.74,5,5
375241,12.96,0.007,1.35,1.2,0.0489,230.47,0.4634,-0.98,5,50
375244,14.04,0.0622,13.31,2.334,0.0992,317.49,0.3564,-10.54,5,5
375252,13.35,0.0818,17.3,2.363,0.0551,312.59,0.2438,-13.31,5,50
375253,14.34,0.1394,30.62,2.274,0.0146,405.62,0.1511,-28.75,5,5
375257,13.53,0.0566,11.76,2.404,0.0885,347.04,0.2229,-12.04,5,5
375259,13.58,0.0332,7.38,2.246,0.0416,168.7,0.4979,-0.71,5,50
375265,13.43,0.0492,10.71,2.293,0.0401,301.5,0.4231,-4.36,5,5
375266,13.75,0.0576,11.93,2.411,0.0873,350.82,0.202,-12.44,5,5
375669,13.55,0.109,24.61,2.212,0.0434,228.53,0.4368,-13.52,5,50
376067,12.87,0.0363,7.73,2.344,0.1071,309.99,0.3696,-7.94,5,5
376370,13.71,0.1033,21.82,2.365,0.0439,244.44,0.1301,-19.08,5,50
376371,14.2,0.012,2.08,1.538,0.1372,350.23,0.0594,-14.48,5,5
376373,13.62,0.0479,9.78,2.446,0.0937,359.26,0.1063,-12.73,5,50
376488,13.36,0.0573,12.93,2.211,0.0389,144.49,0.5232,-1.88,5,50
376523,13.95,0.1324,28.66,2.308,0.0317,46.65,0.0815,-27.37,5,50
376526,14.14,0.07,14.45,2.42,0.033,374.57,0.0563,-13.1,5,5
376527,14.05,0.0513,10.51,2.44,0.0913,358.45,0.1248,-12.97,5,5
376528,13.09,0.107,22.87,2.337,0.0197,375.2,0.2025,-18.49,5,5
376531,13.46,0.0837,18.11,2.309,0.0636,327.16,0.3494,-11.96,5,5
376532,14.28,0.0504,10.32,2.441,0.0628,365.2,0.0701,-11.63,5,5
376533,13.82,0.044,9.0,2.438,0.0873,355.17,0.144,-11.7,5,5
376534,14.22,0.0562,11.46,2.447,0.123,355.0,0.1308,-15.95,5,50
376535,13.03,0.0147,3.16,2.322,0.0542,268.11,0.4023,-3.0,5,50
376536,14.14,0.0396,8.11,2.436,0.0358,362.01,0.1029,-9.33,5,5
376538,13.48,0.0874,19.2,2.272,0.0517,273.41,0.3991,-10.5,5,50
376539,13.81,0.0589,12.04,2.442,0.0868,365.37,0.0691,-14.08,5,5
376542,13.38,0.0748,16.32,2.287,0.0403,311.75,0.3998,-8.18,5,5
376543,13.86,0.0895,18.69,2.392,0.0384,379.77,0.1038,-16.36,4,5
376867,13.27,0.0122,2.62,2.313,0.0465,219.41,0.4141,-2.35,5,50
376869,13.75,0.0463,9.48,2.441,0.0556,364.3,0.0763,-10.83,5,5
376873,13.79,0.0864,19.37,2.226,0.0601,287.49,0.4674,-8.74,5,5
377094,13.28,0.112,25.59,2.187,0.0727,287.12,0.4643,-14.58,5,50
377110,13.74,0.0829,17.58,2.354,0.0237,353.69,0.2546,-12.58,5,5
377222,13.16,0.0679,14.66,2.313,0.0545,318.73,0.3704,-8.49,5,5
377224,12.93,0.0513,11.39,2.248,0.0284,282.72,0.4821,-2.58,5,5
377250,13.27,0.1122,24.14,2.322,0.0355,138.41,0.2191,-19.52,5,50
377471,13.53,0.1015,21.57,2.351,0.0293,374.55,0.1894,-17.65,5,5
377475,13.72,0.0531,11.32,2.344,0.0169,327.78,0.3332,-6.61,5,5
377493,14.07,0.1551,34.76,2.228,0.0504,320.35,0.1007,-37.06,5,50
377844,14.09,0.0504,10.41,2.416,0.0671,353.14,0.1878,-10.61,5,5
377851,14.32,0.0326,6.56,2.482,0.1323,354.01,0.0361,-15.19,5,5
377867,14.34,0.0383,7.9,2.424,0.0049,213.43,0.1523,-8.28,5,5
377903,13.76,0.0466,10.13,2.295,0.1147,292.62,0.4313,-7.52,5,50
378251,14.03,0.0791,17.64,2.24,0.0474,235.99,0.4593,-7.14,5,50
378273,14.06,0.1296,28.13,2.3,0.0157,397.22,0.159,-25.38,5,5
378275,13.98,0.1124,23.78,2.36,0.0491,296.12,0.0587,-22.42,5,50
378304,14.06,0.0604,13.32,2.265,0.0265,294.1,0.4507,-4.47,5,5
378332,14.35,0.0124,2.53,2.456,0.0873,355.79,0.0809,-10.3,5,5
378355,13.05,0.0604,12.65,2.386,0.1761,316.13,0.3086,-19.21,5,5
378592,13.71,0.0993,22.4,2.213,0.0352,131.54,0.4573,-10.57,5,50
378617,13.41,0.0429,9.37,2.284,0.0374,126.86,0.4403,-2.99,5,50
378620,13.69,0.018,3.88,2.312,0.0433,301.83,0.4151,-2.62,5,5
378640,13.89,0.0191,3.91,2.443,0.0497,356.66,0.1191,-8.37,5,5
378641,13.96,0.0595,12.17,2.443,0.1155,357.65,0.125,-15.85,5,50
378648,14.13,0.0248,5.07,2.44,0.0202,359.62,0.1064,-7.99,5,5
378652,14.24,0.0762,16.35,2.329,0.0446,333.57,0.3254,-10.5,5,5
378654,13.79,0.073,15.33,2.377,0.0965,343.67,0.2582,-14.34,5,5
378665,13.95,0.0558,12.0,2.322,0.0764,313.32,0.377,-7.75,5,5
378668,14.29,0.0913,19.06,2.393,0.0641,377.6,0.1135,-17.88,5,5
378672,14.13,0.0417,8.41,2.477,0.1451,351.56,0.0872,-16.88,5,50
378680,13.46,0.035,7.23,2.417,0.0265,352.46,0.1863,-7.85,5,5
378681,14.09,0.036,7.56,2.378,0.0403,334.41,0.2886,-6.49,5,5
378686,14.04,0.0408,8.47,2.405,0.0405,347.88,0.2201,-8.14,5,5
378691,13.72,0.0679,14.22,2.385,0.0955,343.85,0.2512,-13.59,5,5
378694,13.43,0.0253,5.2,2.429,0.0332,353.77,0.1624,-7.7,5,5
379143,13.25,0.0547,11.72,2.331,0.0954,313.47,0.3691,-8.98,5,5
379187,13.4,0.0683,14.78,2.309,0.063,315.87,0.3779,-8.7,4,5
379511,13.66,0.0525,10.89,2.408,0.0652,351.15,0.2055,-10.49,5,5
379531,14.46,0.0606,12.45,2.431,0.0372,371.79,0.0279,-12.0,4,5
379835,13.14,0.0593,12.46,2.378,0.0691,341.36,0.2669,-10.4,5,5
379836,12.76,0.0448,9.77,2.29,0.0325,8.28,0.4289,-3.35,5,50
379837,12.96,0.0934,20.33,2.295,0.0587,329.84,0.3492,-13.62,5,5
379839,14.14,0.0684,14.23,2.4,0.0667,357.67,0.1921,-12.88,5,5
379840,14.13,0.1429,31.36,2.276,0.0319,48.41,0.0822,-30.95,5,50
379844,13.56,0.1353,29.53,2.287,0.0543,337.96,0.1597,-28.76,4,50
379949,13.39,0.0559,11.98,2.329,0.0435,320.6,0.3592,-6.82,5,5
379964,13.36,0.116,25.08,2.31,0.0104,374.18,0.2274,-20.2,5,5
379965,13.57,0.0635,13.19,2.405,0.0358,361.47,0.17,-11.23,5,5
379972,13.08,0.0803,16.97,2.364,0.1014,342.86,0.2696,-15.58,5,50
379973,13.34,0.0956,19.99,2.387,0.0351,385.82,0.0718,-17.75,5,5
379974,13.85,0.0769,17.14,2.239,0.0338,76.43,0.4645,-6.06,5,50
379975,14.31,0.0768,15.87,2.417,0.057,375.77,0.058,-15.12,5,5
379976,13.41,0.0637,13.16,2.416,0.0888,356.34,0.1752,-13.79,5,5
379977,12.8,0.0574,12.29,2.334,0.0712,320.2,0.3542,-8.28,5,5
379978,14.03,0.0815,16.92,2.405,0.0354,377.92,0.0823,-14.93,5,5
379979,13.49,0.0711,14.96,2.374,0.0383,352.22,0.2399,-11.31,5,5
379980,13.48,0.065,13.84,2.347,0.0524,333.12,0.3149,-9.36,5,5
379983,14.34,0.0208,4.28,2.425,0.0915,341.21,0.2195,-9.21,5,5
379984,14.17,0.1366,29.63,2.302,0.0538,340.9,0.0507,-30.34,5,50
379985,14.09,0.031,6.34,2.445,0.0968,350.37,0.1557,-11.12,5,5
379986,14.3,0.0188,3.8,2.461,0.1342,345.1,0.1436,-13.63,5,5
379997,13.78,0.1057,22.58,2.336,0.0615,366.73,0.2253,-19.42,4,5
379998,13.93,0.0912,19.3,2.359,0.0364,140.09,0.2124,-14.99,4,50
380307,13.56,0.0609,13.11,2.318,0.041,318.56,0.3698,-7.1,4,5
380893,13.89,0.1093,23.15,2.357,0.0517,313.39,0.1201,-21.26,5,50
381144,13.63,0.1181,27.12,2.174,0.0336,290.62,0.4639,-14.67,5,5
381148,13.83,0.0346,7.21,2.395,0.0426,340.91,0.2537,-7.13,5,5
381384,14.22,0.0326,6.7,2.434,0.0663,353.24,0.1592,-9.38,5,5
381409,13.07,0.0669,14.17,2.357,0.104,329.21,0.3115,-12.72,5,5
381415,14.31,0.1082,22.86,2.365,0.0303,6.5,0.0626,-20.29,5,50
381417,13.71,0.0933,19.74,2.361,0.0511,296.55,0.2027,-16.38,5,50
381419,13.32,0.0795,16.91,2.349,0.0379,347.14,0.276,-11.93,5,5
381420,13.46,0.0327,6.7,2.434,0.054,355.82,0.1444,-9.02,5,5
381422,13.27,0.062,12.93,2.393,0.0701,349.45,0.2278,-11.54,5,5
381703,14.1,0.0858,17.97,2.385,0.1055,356.38,0.2084,-18.27,5,50
381739,13.44,0.0948,20.79,2.277,0.0494,322.46,0.3755,-12.74,5,5
381987,13.87,0.1233,28.44,2.165,0.0486,252.15,0.4594,-16.54,5,50
382150,14.47,0.0406,8.33,2.431,0.0931,349.02,0.1835,-11.24,5,5
382151,13.02,0.0307,6.77,2.267,0.0808,281.71,0.4728,-2.96,5,5
382224,13.51,0.0771,16.99,2.266,0.0661,300.74,0.4284,-8.7,5,5
382238,13.41,0.0885,18.76,2.355,0.0318,359.58,0.2353,-14.19,5,5
382248,14.07,0.0327,6.68,2.444,0.0396,362.33,0.0745,-9.12,5,5
382251,13.91,0.0482,9.96,2.417,0.1041,343.88,0.2191,-12.24,5,5
382253,13.8,0.1099,24.45,2.246,0.0599,312.14,0.3863,-15.91,5,50
382255,13.67,0.0346,7.21,2.395,0.0425,340.93,0.2536,-7.13,5,5
382259,14.08,0.1053,22.28,2.36,0.0405,204.86,0.1316,-19.45,5,50
382264,14.58,0.1415,30.93,2.285,0.046,278.69,0.0661,-31.41,5,50
382265,13.86,0.0298,6.3,2.362,0.0817,320.13,0.337,-6.71,5,5
382291,13.76,0.1009,22.68,2.222,0.0328,299.88,0.4424,-11.42,5,5
382303,12.97,0.053,11.1,2.384,0.0554,342.41,0.2597,-9.15,4,5
385129,14.03,0.0896,18.84,2.376,0.0339,372.07,0.1687,-15.53,4,5
385330,13.14,0.0771,16.19,2.379,0.0578,356.79,0.2192,-13.38,4,5
385340,13.7,0.0466,10.06,2.311,0.083,303.89,0.4043,-6.37,4,5
385493,13.91,0.0356,7.45,2.384,0.0855,330.03,0.2937,-8.31,4,5
386029,14.09,0.0245,5.2,2.357,0.0725,318.07,0.3471,-5.71,5,5
386620,13.9,0.0441,9.06,2.434,0.0376,362.99,0.1028,-9.79,4,5
386627,13.53,0.0432,8.98,2.405,0.0229,350.63,0.2103,-8.1,4,5
386633,13.71,0.0846,17.81,2.373,0.0419,213.88,0.2026,-14.0,4,50
386640,14.05,0.0352,7.31,2.406,0.0492,344.98,0.2291,-7.83,4,5
386645,14.1,0.0658,13.74,2.392,0.044,356.16,0.207,-11.27,4,5
386649,13.93,0.1201,25.63,2.341,0.0476,290.88,0.0868,-24.21,4,50
386674,13.86,0.066,13.82,2.386,0.0422,353.47,0.2235,-10.96,4,5
386832,13.65,0.0813,17.34,2.342,0.1092,331.2,0.3129,-15.59,5,5
386853,14.25,0.0667,13.82,2.41,0.0322,366.79,0.1376,-11.97,4,5
386854,14.04,0.0342,7.04,2.428,0.0424,355.44,0.1563,-8.58,4,5
386856,13.79,0.0443,9.12,2.425,0.0174,360.74,0.1355,-9.07,4,5
386966,14.29,0.1523,33.91,2.242,0.0379,187.75,0.0788,-35.1,4,50
386967,14.21,0.0951,19.94,2.382,0.0626,358.33,0.1296,-18.22,4,50
387028,13.42,0.0836,18.22,2.29,0.047,319.5,0.3787,-10.45,4,5
387381,13.76,0.0475,9.73,2.439,0.0777,359.57,0.1181,-11.75,4,5
387382,13.7,0.0885,18.46,2.395,0.0086,370.87,0.0705,-15.8,4,5
387383,14.35,0.0486,9.89,2.453,0.0858,364.25,0.0162,-12.94,4,5
387384,13.39,0.0592,12.3,2.403,0.0471,356.3,0.1925,-10.72,4,5
387385,13.68,0.064,13.23,2.417,0.0944,355.42,0.1776,-14.24,4,5
387386,14.13,0.1072,22.62,2.367,0.0344,98.4,0.0718,-20.04,4,50
387388,13.28,0.0488,10.27,2.374,0.06,335.37,0.2883,-8.31,4,5
387389,13.14,0.0426,8.72,2.439,0.0874,354.73,0.1451,-11.56,4,5
387390,13.9,0.0941,19.73,2.382,0.059,341.86,0.1306,-17.86,4,50
387391,13.86,0.0697,14.54,2.392,0.06,356.5,0.2056,-12.52,4,5
387392,14.22,0.1453,31.91,2.275,0.0552,349.44,0.0498,-33.65,4,50
387393,13.6,0.0913,19.14,2.383,0.1066,360.98,0.1934,-19.7,4,50
387605,13.72,0.0917,19.31,2.373,0.0764,364.5,0.1973,-17.63,4,5
387608,13.1,0.0733,16.14,2.267,0.0697,297.3,0.4344,-7.83,4,50
388850,13.87,0.0233,4.74,2.453,0.1255,343.16,0.1764,-12.6,5,5
388874,13.86,0.0882,19.18,2.297,0.019,329.19,0.3548,-11.2,4,5
388876,13.36,0.0194,4.33,2.229,0.0474,205.03,0.5246,0.67,4,50
388879,14.39,0.0043,1.21,1.907,0.061,343.91,0.2133,-7.28,4,5
388887,14.26,0.0845,17.7,2.383,0.0323,370.16,0.1665,-14.53,4,5
388889,14.24,0.0363,7.4,2.45,0.0703,360.8,0.0768,-10.62,4,5
388891,14.38,0.0813,16.93,2.398,0.0479,372.32,0.1323,-14.92,4,5
388898,14.01,0.1073,24.43,2.194,0.0453,229.22,0.4663,-12.19,4,50
388903,13.94,0.0778,16.68,2.329,0.0545,333.26,0.3254,-11.14,4,5
388924,13.38,0.026,5.53,2.344,0.0862,311.29,0.3702,-5.91,4,5
388935,13.91,0.042,8.63,2.433,0.0581,358.45,0.134,-10.04,4,5
388940,13.95,0.1099,23.33,2.352,0.0462,385.65,0.1429,-20.98,4,5
388972,14.16,0.03,5.95,2.494,0.1781,344.23,0.0555,-20.07,4,5
389301,14.14,0.104,22.04,2.357,0.0354,380.69,0.1587,-18.83,4,5
389302,13.97,0.0787,16.31,2.406,0.1626,340.74,0.2235,-22.35,4,50
389304,13.33,0.0219,4.84,2.261,0.042,172.17,0.4832,-0.57,4,50
389305,14.02,0.0273,5.61,2.431,0.033,355.2,0.1524,-7.93,4,5
389307,13.94,0.0922,19.34,2.38,0.0151,379.43,0.1295,-16.11,4,5
389309,14.1,0.0644,13.3,2.416,0.0208,369.09,0.111,-11.66,4,5
389310,13.73,0.0773,16.55,2.331,0.0518,334.52,0.3209,-11.05,4,5
389313,13.78,0.0591,11.95,2.47,0.1556,353.32,0.0907,-20.39,4,50
389314,14.02,0.0341,7.1,2.394,0.078,335.04,0.2712,-8.25,4,5
389316,14.31,0.0725,15.01,2.412,0.0673,350.99,0.1328,-14.15,4,50
389317,13.81,0.0877,18.31,2.392,0.0499,375.64,0.1273,-16.25,4,5
389318,13.76,0.0992,20.86,2.376,0.0589,380.19,0.1307,-19.15,4,5
389320,13.54,0.0954,20.51,2.321,0.0115,350.63,0.2872,-14.12,4,5
389321,14.38,0.0578,11.98,2.408,0.0243,360.24,0.1693,-10.23,4,5
389322,13.94,0.0438,9.05,2.419,0.1227,337.29,0.2382,-12.91,4,5
389323,14.29,0.0916,19.17,2.385,0.0562,328.99,0.1335,-17.09,4,50
389326,14.12,0.0342,7.0,2.442,0.0459,360.96,0.0954,-9.29,4,5
389327,14.36,0.0915,19.15,2.386,0.0517,376.88,0.1311,-17.07,4,5
389328,14.43,0.0414,8.47,2.444,0.0869,356.49,0.1259,-11.63,4,5
389331,13.92,0.0371,7.58,2.441,0.028,363.94,0.0698,-9.17,4,5
389332,14.1,0.1099,23.32,2.353,0.0398,387.87,0.131,-20.83,4,5
389334,14.43,0.0264,5.43,2.431,0.0297,355.28,0.1518,-7.81,4,5
389335,13.99,0.0478,9.86,2.423,0.0486,358.34,0.1535,-10.0,4,5
389336,14.21,0.0392,8.09,2.422,0.0424,354.67,0.173,-8.79,4,5
389337,14.43,0.0338,6.88,2.448,0.0471,363.37,0.047,-9.56,4,5
389341,14.45,0.0277,5.66,2.447,0.0765,355.03,0.1265,-9.95,4,5
389342,14.52,0.0595,12.27,2.419,0.0315,366.14,0.1205,-11.15,4,5
389347,14.15,0.0695,14.37,2.415,0.0081,354.15,0.0839,-12.45,4,5
389353,14.1,0.0595,12.32,2.413,0.0353,362.51,0.1522,-10.92,4,5
389355,14.29,0.0458,9.45,2.423,0.0418,358.22,0.1537,-9.57,4,5
389356,13.57,0.0534,11.07,2.408,0.1204,338.25,0.2446,-13.68,4,5
389360,13.96,0.1143,24.73,2.308,0.0268,369.09,0.2439,-19.75,4,5
389362,14.59,0.0972,20.38,2.383,0.0553,327.22,0.097,-18.69,4,50
389418,13.65,0.038,7.88,2.407,0.0823,340.59,0.2422,-9.35,4,5
389556,14.34,0.088,18.41,2.386,0.0674,360.75,0.1586,-16.73,4,50
389558,13.94,0.0592,12.28,2.409,0.0173,361.91,0.1613,-10.4,4,5
389559,14.26,0.0878,18.26,2.401,0.0843,372.68,0.1243,-18.15,4,50
389560,14.45,0.0699,14.47,2.412,0.0467,368.39,0.1263,-13.02,4,5
389561,13.93,0.0769,15.93,2.41,0.0459,374.36,0.0933,-14.42,4,5
389562,13.52,0.0782,16.25,2.402,0.0834,363.98,0.1633,-15.77,4,50
389563,13.98,0.1093,23.1,2.363,0.0471,279.92,0.0847,-21.28,4,50
389564,13.85,0.0658,13.59,2.419,0.1249,348.13,0.1996,-16.77,4,5
389565,14.59,0.094,19.71,2.383,0.0439,239.64,0.1188,-17.06,4,50
389566,13.37,0.0898,19.11,2.346,0.1186,338.51,0.2879,-18.7,4,50
389567,14.32,0.0449,9.2,2.435,0.0423,363.18,0.0996,-10.02,4,5
389568,14.16,0.0385,7.93,2.425,0.0416,193.82,0.1549,-8.65,4,50
389569,14.19,0.0924,19.37,2.384,0.0957,364.67,0.1813,-19.16,4,50
389570,14.04,0.0356,7.31,2.435,0.0689,354.27,0.153,-9.8,4,5
389571,13.89,0.0726,15.06,2.407,0.0488,368.35,0.1348,-13.44,4,5
389572,14.4,0.0894,18.66,2.394,0.0214,382.89,0.0768,-16.11,4,5
389573,14.13,0.0356,7.28,2.442,0.0204,364.3,0.0609,-8.96,4,5
389574,13.47,0.0719,14.94,2.405,0.0503,366.25,0.1495,-13.23,4,5
389575,14.46,0.0437,8.97,2.435,0.051,361.24,0.1137,-10.1,4,5
389810,13.63,0.0566,11.98,2.358,0.0717,330.22,0.3135,-9.18,4,5
389822,14.36,0.1181,25.22,2.339,0.0319,38.15,0.1077,-22.63,4,50
389823,13.79,0.0833,17.35,2.398,0.0601,342.56,0.1273,-15.76,4,50
389824,13.88,0.0771,16.02,2.403,0.0455,371.14,0.1282,-14.12,4,5
389825,14.18,0.0531,10.9,2.43,0.0312,366.82,0.0879,-10.64,4,5
389826,13.66,0.0773,17.23,2.243,0.0713,288.5,0.4613,-7.63,4,50
389827,13.96,0.0102,2.15,2.349,0.0999,342.3,0.2011,-9.72,4,5
389889,13.17,0.0815,17.7,2.3,0.0266,324.51,0.3645,-9.9,5,5
390280,13.86,0.1099,23.71,2.314,0.0332,364.79,0.2515,-18.63,4,5
390288,14.4,0.0171,3.45,2.472,0.1154,352.62,0.0827,-12.5,4,5
390296,13.79,0.0518,10.72,2.416,0.0399,358.56,0.1642,-10.0,4,5
390300,14.38,0.0707,14.47,2.441,0.1052,368.6,0.0413,-17.21,4,50
390301,13.54,0.0426,8.69,2.448,0.1297,346.2,0.1716,-14.44,4,50
390303,13.62,0.0426,8.78,2.423,0.0461,356.09,0.1632,-9.29,4,5
390308,13.61,0.054,11.16,2.415,0.0926,349.01,0.2038,-12.31,4,5
390309,13.39,0.0813,17.19,2.362,0.0484,354.0,0.2449,-13.27,4,5
390311,13.43,0.0526,10.89,2.411,0.0305,357.76,0.175,-9.69,4,5
390316,13.9,0.0394,8.16,2.411,0.0688,345.59,0.2211,-9.11,4,5
390317,13.74,0.1213,26.11,2.32,0.0055,287.29,0.1598,-22.74,4,5
390322,13.73,0.0831,17.31,2.397,0.0509,373.27,0.1292,-15.42,4,5
390323,14.16,0.073,15.09,2.414,0.027,375.21,0.0721,-13.33,4,5
390325,14.17,0.0242,4.69,2.425,0.1666,346.24,0.0489,-18.3,4,5
390326,14.47,0.12,25.79,2.323,0.028,4.25,0.1598,-22.39,4,50
390328,13.75,0.0516,10.66,2.418,0.0116,361.98,0.143,-9.67,4,5
390329,14.44,0.0512,10.49,2.437,0.0311,369.26,0.0124,-10.74,4,5
390330,13.98,0.0392,8.03,2.438,0.0356,362.46,0.0958,-9.35,4,5
390331,14.09,0.057,11.83,2.405,0.0408,356.57,0.1887,-10.29,4,5
390333,14.32,0.0434,8.78,2.466,0.1181,356.94,0.0696,-14.69,4,5
390334,14.2,0.092,19.13,2.401,0.0656,364.91,0.0383,-18.43,4,50
390336,14.02,0.0173,3.53,2.448,0.0447,359.22,0.0861,-8.39,4,5
390337,13.27,0.0557,11.76,2.367,0.0681,334.12,0.2973,-9.26,4,5
390338,13.9,0.0917,19.14,2.393,0.0781,374.82,0.1262,-18.77,4,5
390339,14.11,0.0469,9.66,2.427,0.012,363.07,0.1196,-9.42,4,5
390340,13.73,0.0929,20.01,2.318,0.0296,345.05,0.3029,-13.59,4,5
390344,14.22,0.0695,14.39,2.412,0.0559,307.93,0.1289,-13.13,4,50
390345,14.47,0.1298,27.99,2.316,0.0548,341.78,0.1003,-27.55,4,50
390346,14.44,0.0861,17.68,2.432,0.1495,360.9,0.1157,-24.78,4,50
390347,14.03,0.0842,17.56,2.395,0.0476,373.72,0.1317,-15.44,4,5
390349,14.0,0.0889,18.59,2.388,0.0499,291.61,0.1308,-16.19,4,50
390350,14.3,0.0649,13.47,2.407,0.062,359.26,0.1766,-12.35,4,5
390351,14.36,0.0596,12.25,2.428,0.0408,369.0,0.0798,-11.76,4,5
390352,14.31,0.0876,18.29,2.394,0.0571,375.16,0.126,-16.61,4,5
390353,13.56,0.0903,20.46,2.203,0.0707,278.09,0.4878,-9.32,4,50
390354,13.58,0.0294,6.03,2.433,0.0755,349.47,0.1724,-9.26,4,50
390357,14.37,0.0959,20.07,2.386,0.0265,386.91,0.0661,-17.63,4,5
390358,14.13,0.1058,22.35,2.364,0.0581,345.0,0.1281,-20.48,4,50
390360,14.3,0.0642,13.26,2.416,0.053,364.72,0.1371,-12.33,4,5
390361,13.91,0.1291,28.11,2.294,0.0432,253.12,0.1903,-25.49,4,50
390362,14.16,0.0814,16.94,2.399,0.0533,308.87,0.126,-15.02,4,50
390363,14.06,0.0696,14.34,2.424,0.0506,373.4,0.0552,-13.68,4,5
390528,14.44,0.0416,8.44,2.462,0.1177,354.53,0.1026,-14.23,4,5
391536,14.15,0.0959,20.19,2.372,0.0336,377.93,0.1497,-17.07,4,5
391790,14.0,0.0959,20.06,2.387,0.0791,377.3,0.1229,-19.66,4,50
391792,14.1,0.0898,18.79,2.388,0.0479,376.48,0.1302,-16.56,4,5
391802,13.94,0.1017,21.74,2.336,0.0177,366.67,0.231,-16.71,4,5
391804,14.39,0.099,20.83,2.373,0.0263,383.51,0.1224,-17.86,4,5
391806,14.46,0.07,14.42,2.424,0.0591,371.98,0.0716,-14.01,4,5
391822,14.42,0.0493,10.26,2.399,0.0549,347.26,0.2294,-9.29,4,5
391844,13.89,0.0828,17.25,2.398,0.0698,369.39,0.1458,-16.17,4,5
391845,13.69,0.1196,26.29,2.272,0.0582,351.25,0.3047,-21.13,4,5
391870,13.47,0.0687,14.54,2.36,0.0632,340.07,0.286,-11.02,4,5
391877,14.0,0.0558,11.37,2.449,0.1178,356.58,0.1185,-15.73,4,5
391880,14.48,0.0566,11.88,2.381,0.0762,339.45,0.27,-10.38,4,5
392188,14.25,0.0575,11.95,2.404,0.0083,345.78,0.1821,-9.83,4,5
392189,13.44,0.0282,6.33,2.226,0.0485,212.76,0.5255,0.28,4,50
392192,14.19,0.0807,16.78,2.402,0.0087,366.63,0.0905,-14.22,4,5
392193,13.92,0.0361,7.44,2.424,0.0595,351.54,0.1819,-9.02,4,5
392195,14.16,0.0498,10.28,2.419,0.1098,344.01,0.2157,-12.9,4,5
392196,13.97,0.0495,10.3,2.401,0.0248,352.07,0.2116,-8.74,4,5
392197,13.6,0.0321,6.7,2.395,0.0396,340.54,0.2546,-6.86,4,5
392198,13.89,0.1159,25.09,2.308,0.02,372.52,0.2345,-20.19,4,5
392199,13.9,0.1364,29.74,2.29,0.0359,151.14,0.1244,-28.4,4,50
392200,14.39,0.0436,8.97,2.427,0.0319,360.25,0.1344,-9.29,4,5
392201,14.22,0.0553,11.48,2.406,0.117,339.42,0.2432,-13.66,4,5
392202,14.44,0.1061,22.4,2.367,0.0405,210.12,0.099,-19.8,4,50
392204,13.97,0.0731,15.13,2.411,0.0433,371.37,0.111,-13.54,4,5
392205,13.81,0.0457,9.33,2.449,0.0847,360.97,0.0849,-12.27,4,5
392206,14.38,0.096,20.15,2.379,0.0501,379.31,0.1309,-17.95,4,5
392207,13.74,0.0914,19.11,2.388,0.032,381.11,0.1042,-16.55,4,5
392208,14.36,0.0271,5.56,2.432,0.0359,355.42,0.149,-8.02,4,5
392209,14.32,0.0954,20.53,2.322,0.04,348.75,0.29,-14.71,4,5
392210,14.32,0.0558,11.58,2.404,0.0579,352.76,0.2042,-10.55,4,5
392216,13.78,0.1206,25.99,2.317,0.0065,329.87,0.1762,-22.3,4,5
392217,13.85,0.0324,6.71,2.413,0.0475,347.44,0.2115,-7.86,4,5
392219,14.25,0.0737,15.31,2.403,0.0492,282.34,0.144,-13.3,4,50
392220,13.79,0.0871,18.31,2.377,0.0423,368.38,0.182,-15.16,4,5
392221,14.09,0.1126,24.33,2.312,0.0294,368.41,0.2428,-19.39,4,5
392222,13.94,0.1006,22.09,2.275,0.0552,302.06,0.3653,-14.22,4,50
392223,14.54,0.0372,7.62,2.437,0.0355,75.87,0.0932,-8.92,4,50
392224,13.7,0.0899,18.78,2.39,0.019,381.55,0.0969,-16.0,4,5
392226,13.52,0.0542,11.61,2.331,0.0423,320.95,0.357,-6.69,4,5
392227,14.46,0.0826,17.21,2.397,0.0412,374.23,0.1246,-14.97,4,5
392238,14.18,0.0554,11.38,2.434,0.1189,350.02,0.1747,-15.07,4,5
392239,14.26,0.0976,20.49,2.378,0.0623,353.36,0.1279,-18.9,4,50
392242,14.36,0.1265,27.48,2.298,0.0243,387.34,0.1952,-24.03,4,5
392246,14.21,0.1137,24.15,2.352,0.0075,360.55,0.084,-21.47,4,5
392280,14.14,0.1027,23.23,2.207,0.0182,293.79,0.459,-10.96,4,5
392309,14.05,0.0873,18.24,2.391,0.0469,375.47,0.1294,-16.04,4,5
392446,13.85,0.0881,19.04,2.31,0.052,333.29,0.3351,-12.62,4,5
392449,13.83,0.1052,22.29,2.356,0.0181,383.93,0.1475,-18.82,4,5
392451,13.92,0.1432,31.35,2.28,0.0315,421.69,0.042,-31.7,4,5
392452,13.55,0.0607,12.75,2.378,0.0294,347.49,0.2506,-9.42,4,5
392453,14.11,0.048,9.85,2.432,0.0385,364.03,0.1016,-10.2,4,5
392454,14.29,0.0875,18.27,2.392,0.0406,377.16,0.1196,-15.94,4,5
392455,14.12,0.0953,20.2,2.355,0.0361,138.02,0.2042,-16.05,4,50
392456,14.11,0.0271,5.57,2.431,0.035,355.14,0.1519,-7.97,4,5
392457,14.06,0.0491,10.12,2.421,0.0144,361.4,0.1414,-9.44,4,5
392458,14.27,0.0619,12.82,2.412,0.0427,362.86,0.1525,-11.45,4,5
392459,14.21,0.0259,5.33,2.428,0.0142,354.93,0.1577,-7.47,4,5
392460,14.4,0.0801,16.65,2.403,0.0548,372.02,0.1252,-15.07,4,5
392461,13.98,0.0944,19.79,2.381,0.0429,379.4,0.1283,-17.34,4,5
392462,14.17,0.0785,16.32,2.401,0.0437,371.7,0.1293,-14.27,4,5
392690,14.22,0.1296,28.35,2.284,0.0395,212.6,0.2151,-24.89,4,50
392700,14.18,0.0656,13.58,2.413,0.0624,362.87,0.1509,-12.81,4,5
392701,14.27,0.066,13.65,2.413,0.0107,368.89,0.1166,-11.7,4,5
392703,14.09,0.0963,20.23,2.377,0.0453,379.77,0.1317,-17.81,4,5
392712,13.14,0.0905,19.79,2.284,0.0301,323.97,0.3718,-11.38,4,5
392718,13.43,0.1323,31.59,2.091,0.0287,32.17,0.5254,-15.76,4,50
392760,14.6,0.0687,14.16,2.422,0.0359,374.29,0.0478,-13.03,5,5
393020,14.28,0.0529,10.84,2.437,0.0746,362.34,0.1061,-12.27,4,5
393050,13.4,0.0139,2.85,2.427,0.0348,350.57,0.1785,-7.07,4,5
393059,13.61,0.0453,9.39,2.41,0.0466,351.58,0.2004,-9.05,4,5
393097,13.7,0.0913,19.22,2.372,0.0278,372.74,0.1714,-15.67,4,5
393098,14.55,0.0655,13.21,2.477,0.1657,355.19,0.0438,-23.24,4,50
393099,13.45,0.0112,2.32,2.423,0.0405,347.89,0.1955,-6.92,4,5
393100,13.78,0.0389,8.01,2.423,0.0458,237.15,0.1652,-8.71,4,50
393107,13.4,0.0873,18.71,2.331,0.035,345.3,0.2943,-12.85,4,5
393108,14.05,0.0852,17.74,2.399,0.0264,380.1,0.0833,-15.37,4,5
393109,14.21,0.0292,5.95,2.447,0.1109,346.55,0.1713,-11.81,4,5
393135,14.45,0.0956,19.97,2.39,0.0261,388.34,0.0316,-17.69,4,5
393144,14.08,0.0711,14.75,2.408,0.0355,369.55,0.1262,-12.84,4,5
393149,14.25,0.0451,9.2,2.448,0.0768,362.31,0.0741,-11.79,4,5
393155,14.62,0.0407,8.29,2.454,0.0772,362.8,0.0368,-11.57,4,5
393156,14.6,0.0749,15.63,2.393,0.0382,364.9,0.1736,-12.95,4,5
393157,13.36,0.0712,15.54,2.289,0.0479,310.12,0.402,-7.86,4,5
393165,14.3,0.0461,9.48,2.427,0.059,357.56,0.1502,-10.28,4,5
393170,14.07,0.0763,15.92,2.395,0.0123,369.33,0.1525,-12.9,4,5
393177,14.59,0.0406,8.2,2.475,0.1559,345.23,0.1328,-17.66,4,5
393182,13.81,0.0604,12.72,2.373,0.0826,336.98,0.2827,-10.98,4,5
393186,13.66,0.1015,21.57,2.349,0.0556,369.24,0.207,-18.39,4,5
393199,13.77,0.1016,21.62,2.348,0.0085,365.31,0.1945,-17.22,4,5
393200,14.27,0.036,7.41,2.426,0.0869,346.93,0.1974,-10.23,4,5
393202,14.14,0.0569,11.69,2.43,0.0041,156.85,0.0445,-10.93,4,5
393205,14.52,0.0344,7.0,2.452,0.0885,356.63,0.1062,-11.33,4,5
393206,14.48,0.1041,22.08,2.353,0.0201,380.48,0.1653,-18.37,4,5
393208,14.45,0.0419,8.55,2.448,0.063,363.84,0.0518,-10.86,4,5
393209,14.36,0.0575,11.88,2.416,0.0472,361.11,0.1532,-11.04,4,5
393211,14.17,0.0796,16.46,2.415,0.0659,375.6,0.0689,-16.04,4,5
393215,13.53,0.1114,25.44,2.187,0.0496,251.64,0.4646,-13.45,4,50
393216,14.31,0.1282,27.56,2.327,0.0732,393.5,0.102,-28.01,4,50
393225,13.76,0.0678,14.72,2.3,0.0409,313.94,0.3894,-7.49,4,5
393474,13.56,0.0579,13.06,2.212,0.0638,262.75,0.5215,-2.92,4,50
394798,14.19,0.0346,7.24,2.388,0.0277,339.45,0.2647,-6.56,4,5
394808,14.51,0.1008,21.3,2.361,0.0364,146.04,0.1535,-18.16,4,50
394821,14.02,0.0835,17.52,2.379,0.0376,366.22,0.1872,-14.21,4,5
394869,14.22,0.0811,17.54,2.309,0.0755,322.94,0.358,-11.93,4,5
395105,14.3,0.0348,7.19,2.419,0.0281,353.06,0.1812,-7.94,4,5
395110,14.38,0.0274,5.59,2.449,0.0795,355.3,0.1197,-10.17,4,5
395115,14.6,0.1452,31.93,2.271,0.0503,317.9,0.0817,-32.98,4,50
395140,13.55,0.0945,20.46,2.307,0.0465,338.61,0.3241,-13.95,4,5
395166,13.31,0.1005,21.75,2.308,0.0118,349.68,0.2975,-14.99,4,5
395281,14.0,0.0371,7.62,2.429,0.0638,353.5,0.1652,-9.51,4,5
395285,13.43,0.0365,7.65,2.382,0.0734,331.74,0.2913,-7.77,4,5
395672,12.88,0.0713,16.51,2.154,0.0048,126.55,0.5747,-1.41,4,5
395692,14.08,0.0562,11.65,2.408,0.0868,348.67,0.2136,-12.03,4,5
395695,14.0,0.0616,12.74,2.415,0.0103,365.55,0.127,-11.0,4,5
395696,13.81,0.0954,20.07,2.373,0.0802,368.79,0.1794,-18.62,4,50
396108,13.93,0.0979,20.7,2.361,0.0299,4.25,0.1686,-16.92,4,50
396133,14.24,0.0601,12.48,2.404,0.0259,359.65,0.1783,-10.43,4,5
396134,14.42,0.0737,15.39,2.393,0.0135,366.0,0.1692,-12.29,4,5
396140,14.44,0.083,17.27,2.401,0.0609,373.08,0.1231,-15.97,4,5
396158,14.39,0.1098,23.2,2.364,0.0502,303.8,0.0794,-21.5,4,50
396159,14.34,0.0808,16.8,2.403,0.0605,371.75,0.1262,-15.48,4,5
396294,14.14,0.0341,6.94,2.456,0.1,355.01,0.1092,-12.08,4,5
396350,14.07,0.1325,28.69,2.307,0.041,227.46,0.0952,-27.66,4,50
396395,14.36,0.0608,12.5,2.43,0.0375,371.48,0.0411,-12.0,4,5
396405,13.82,0.0558,11.5,2.423,0.0419,363.82,0.1269,-10.93,4,5
396409,13.76,0.0659,14.04,2.345,0.083,327.79,0.3264,-10.74,4,5
396412,13.95,0.0478,9.86,2.421,0.0355,359.04,0.1535,-9.58,4,5
396413,14.55,0.1171,24.88,2.351,0.0334,401.39,0.0395,-23.23,4,5
396650,13.59,0.1378,29.95,2.3,0.0486,303.01,0.0585,-30.02,4,50
396816,14.23,0.0169,3.01,2.02,0.1545,343.04,0.1284,-15.82,4,5
397790,14.39,0.0653,13.45,2.424,0.0392,371.89,0.0665,-12.55,5,5
398091,13.83,0.0676,14.7,2.295,0.0511,310.25,0.3994,-7.52,4,5
398095,13.29,0.0849,18.26,2.321,0.0564,335.05,0.3248,-12.48,4,5
398104,14.02,0.078,16.73,2.329,0.0543,333.66,0.3242,-11.2,4,5
398109,14.51,0.1056,22.15,2.382,0.0786,387.5,0.0564,-22.42,4,50
398118,14.08,0.1103,23.88,2.308,0.0537,315.37,0.2674,-19.04,4,50
398122,14.08,0.0633,13.0,2.431,0.0962,361.59,0.1254,-14.78,4,50
398286,13.83,0.0749,16.2,2.309,0.0587,320.95,0.3659,-9.81,4,5
398297,14.11,0.0797,16.71,2.381,0.0308,364.15,0.1926,-13.27,4,5
398616,13.79,0.1045,22.06,2.366,0.0547,326.68,0.1282,-19.88,4,50
398740,13.97,0.0601,12.47,2.406,0.1025,346.6,0.2218,-13.34,4,50
398753,14.07,0.0661,13.62,2.423,0.0792,363.76,0.1298,-14.08,4,5
398791,14.09,0.0274,5.63,2.434,0.0698,351.02,0.1687,-9.09,4,5
398800,13.79,0.0792,16.48,2.401,0.0427,372.35,0.127,-14.38,4,5
399091,13.95,0.0344,7.01,2.446,0.0581,360.84,0.0859,-9.83,4,5
399120,14.07,0.1002,21.68,2.309,0.071,342.19,0.3075,-16.62,4,50
399140,13.85,0.1025,21.65,2.366,0.0362,139.45,0.1262,-18.69,4,50
399153,13.55,0.0499,10.3,2.42,0.0387,359.3,0.1544,-9.87,4,5
401446,13.57,0.0506,10.92,2.313,0.026,312.23,0.3892,-5.11,4,5
403144,14.17,0.0955,20.01,2.384,0.0393,383.06,0.1011,-17.66,5,5
403913,14.17,0.065,13.4,2.422,0.0291,371.86,0.0737,-12.18,4,5
404683,14.06,0.072,14.93,2.408,0.0549,367.06,0.1403,-13.55,4,5
406732,13.88,0.0552,12.31,2.24,0.0388,142.49,0.489,-2.76,5,50
408609,13.81,0.0793,16.7,2.37,0.0554,354.48,0.2358,-13.31,5,5
409718,14.25,0.0511,10.29,2.479,0.1991,334.05,0.1675,-23.84,5,50
409720,13.35,0.0763,16.35,2.33,0.0563,332.24,0.3274,-10.92,5,5
412386,13.73,0.1515,33.93,2.23,0.0464,290.53,0.162,-34.26,5,50
412394,14.06,0.0615,13.61,2.256,0.0764,286.96,0.4633,-5.78,5,50
412395,13.69,0.1217,26.36,2.305,0.0092,377.99,0.2054,-22.17,5,5
412432,14.01,0.1058,22.36,2.364,0.0559,334.03,0.1273,-20.39,4,50
412477,13.47,0.1011,22.17,2.277,0.0299,331.24,0.3567,-13.97,4,5
413195,14.26,0.0821,17.48,2.345,0.0919,337.69,0.2977,-14.72,5,5
413712,14.28,0.1303,28.09,2.319,0.0439,258.29,0.0621,-27.22,5,50
414249,13.82,0.0691,14.65,2.355,0.0445,340.46,0.2904,-10.2,5,5
414256,13.9,0.0235,4.82,2.43,0.0452,352.64,0.1652,-7.91,5,5
414275,13.95,0.1136,25.34,2.239,0.0422,228.25,0.3808,-16.45,5,50
414468,13.33,0.0907,19.47,2.327,0.0517,344.65,0.2967,-14.06,5,5
414502,13.47,0.0544,12.07,2.249,0.0366,117.89,0.4793,-2.78,5,50
415023,14.05,0.1006,21.26,2.364,0.0532,318.12,0.1585,-18.67,5,50
415026,13.87,0.0446,9.17,2.431,0.0115,363.82,0.1037,-9.34,5,5
415265,13.85,0.092,20.13,2.282,0.0499,322.47,0.3737,-12.26,5,5
415444,13.51,0.0595,12.19,2.439,0.0839,364.96,0.0845,-13.86,5,5
415449,13.89,0.0228,4.7,2.427,0.0793,345.6,0.2004,-8.7,5,50
415454,13.96,0.0599,12.25,2.444,0.1071,360.57,0.1049,-15.52,5,5
416225,13.68,0.0443,9.25,2.393,0.0501,342.88,0.2497,-8.25,5,5
416502,13.55,0.0355,7.96,2.223,0.0376,116.45,0.525,0.15,5,50
416513,13.63,0.0225,4.66,2.408,0.1241,327.06,0.279,-10.53,5,5
416693,13.39,0.0962,20.76,2.313,0.0459,343.91,0.3074,-14.69,5,5
416705,14.01,0.0522,10.74,2.425,0.114,346.31,0.2006,-13.8,5,5
416708,13.16,0.1102,24.72,2.226,0.0404,311.69,0.4133,-14.67,5,5
416713,13.69,0.0875,18.83,2.32,0.0609,336.41,0.321,-13.27,5,5
416772,14.27,0.0812,16.75,2.422,0.1084,368.89,0.101,-19.09,5,50
416776,14.22,0.1574,35.35,2.224,0.0305,27.68,0.0246,-37.16,5,50
417274,14.02,0.1176,25.37,2.315,0.0362,157.57,0.2066,-21.32,5,50
417305,13.72,0.0524,11.96,2.189,0.0475,204.14,0.5536,-0.55,5,50
417324,13.97,0.076,16.38,2.317,0.0285,328.74,0.3457,-9.52,5,5
417327,13.8,0.0854,18.36,2.321,0.0722,333.22,0.3266,-13.34,5,5
417354,13.92,0.0706,14.57,2.42,0.0628,346.02,0.0901,-13.96,5,50
417756,13.66,0.1162,26.59,2.182,0.0275,293.66,0.4583,-14.24,5,5
417767,14.32,0.075,15.87,2.359,0.073,342.38,0.2767,-12.56,5,50
417829,14.3,0.0261,5.33,2.443,0.1069,345.49,0.1806,-11.18,5,5
417830,14.16,0.0269,5.62,2.388,0.1228,320.84,0.312,-9.91,5,5
417844,14.37,0.0572,11.71,2.44,0.1084,356.95,0.133,-14.94,5,5
418230,14.24,0.0512,10.8,2.366,0.0386,335.35,0.2965,-7.64,5,5
418258,13.33,0.0923,21.06,2.188,0.0358,273.25,0.5063,-7.6,5,5
418328,14.23,0.0462,9.43,2.445,0.09,358.25,0.1145,-12.42,5,5
418334,14.17,0.0942,19.71,2.387,0.0118,386.04,0.0721,-16.97,5,5
418341,13.91,0.0146,3.0,2.425,0.0678,345.07,0.2049,-7.9,5,5
418343,13.93,0.012,2.59,2.313,0.0431,301.67,0.4146,-2.45,5,5
418372,14.06,0.0478,9.91,2.41,0.1152,337.84,0.2451,-12.56,5,5
418373,14.36,0.0678,13.97,2.424,0.061,369.69,0.0905,-13.64,5,5
418374,14.06,0.1078,23.59,2.283,0.0776,336.23,0.334,-18.08,5,50
418393,13.75,0.038,9.01,2.106,0.0354,72.16,0.6509,4.49,5,50
418394,13.88,0.0258,5.31,2.429,0.0195,355.32,0.1532,-7.58,5,5
418399,13.64,0.0291,5.98,2.426,0.0927,343.1,0.2123,-9.86,5,5
418400,13.62,0.0353,7.61,2.319,0.0152,309.93,0.3928,-3.59,5,5
418979,13.85,0.044,9.14,2.401,0.0765,341.98,0.2433,-9.54,5,5
418986,13.61,0.0651,13.97,2.325,0.1086,313.58,0.3676,-11.33,5,5
418987,13.53,0.0888,19.22,2.308,0.0659,330.87,0.3399,-13.3,5,5
418988,14.06,0.0725,15.39,2.352,0.0748,337.02,0.2984,-11.92,5,5
418997,13.09,0.0161,3.63,2.211,0.106,254.35,0.546,-1.1,5,50
419061,13.81,0.0439,9.76,2.247,0.0369,115.12,0.4889,-1.66,5,50
419515,13.1,0.046,9.54,2.408,0.0585,349.12,0.2123,-9.39,5,5
419517,13.37,0.0509,10.93,2.324,0.0313,317.07,0.3713,-5.7,5,5
419524,13.9,0.0701,15.14,2.313,0.1079,311.16,0.3788,-11.74,5,5
420253,12.8,0.0746,16.68,2.234,0.0137,286.94,0.4742,-5.42,5,5
420265,13.02,0.0541,12.12,2.23,0.0294,275.18,0.5031,-2.18,5,5
420266,13.46,0.0124,2.64,2.344,0.0923,308.18,0.3774,-5.53,5,5
420276,14.43,0.0191,3.92,2.433,0.0114,355.49,0.1455,-7.27,5,5
420281,13.44,0.0967,20.49,2.357,0.1292,346.41,0.253,-22.76,5,50
420283,13.84,0.085,17.9,2.372,0.0442,363.64,0.2038,-14.49,5,5
420285,13.91,0.015,3.06,2.448,0.055,357.15,0.1039,-8.55,5,5
420289,13.96,0.1263,27.22,2.319,0.0433,249.91,0.1256,-25.4,5,50
420313,13.23,0.012,2.59,2.317,0.0408,167.93,0.4076,-2.35,5,50
420715,13.4,0.0441,9.31,2.367,0.0858,326.44,0.3167,-8.39,5,50
420716,13.36,0.0785,17.6,2.226,0.0961,278.91,0.4796,-9.03,5,5
420726,14.3,0.0311,6.4,2.427,0.0651,335.45,0.1808,-8.75,5,50
420727,14.16,0.0408,8.45,2.412,0.0353,351.75,0.1968,-8.36,5,5
420728,13.57,0.0672,14.37,2.335,0.0764,325.35,0.3395,-10.23,5,5
420731,13.72,0.0459,9.5,2.413,0.0392,354.18,0.186,-9.07,5,5
420735,14.14,0.0767,15.85,2.415,0.0428,377.27,0.0474,-14.53,5,5
420736,14.1,0.0778,16.09,2.414,0.0531,375.61,0.0741,-15.01,5,5
420737,14.14,0.0259,5.27,2.45,0.0522,360.94,0.0661,-9.17,5,5
420739,14.09,0.0563,11.58,2.429,0.0283,368.8,0.0747,-11.04,5,5
420740,14.18,0.0961,20.52,2.338,0.0586,355.41,0.2586,-16.34,5,5
420741,14.2,0.0643,13.21,2.432,0.0825,365.72,0.0981,-14.34,5,5
420742,14.41,0.123,26.33,2.334,0.0587,355.71,0.1057,-25.38,5,50
420743,14.1,0.082,17.13,2.39,0.0558,314.74,0.1637,-14.76,5,50
420744,14.22,0.0572,12.78,2.236,0.0448,202.61,0.4926,-3.18,5,50
420748,14.06,0.0697,15.59,2.231,0.0299,282.51,0.4844,-4.67,5,5
420749,13.37,0.0364,7.44,2.441,0.0922,351.74,0.1563,-11.19,5,5
420752,13.3,0.094,20.13,2.332,0.0401,352.8,0.2722,-14.82,4,5
420753,13.44,0.0612,13.11,2.329,0.0564,321.86,0.3546,-8.06,4,5
421032,13.81,0.0362,7.35,2.462,0.1681,335.69,0.192,-17.63,5,50
421134,14.17,0.0714,14.95,2.384,0.0674,352.55,0.2272,-12.78,5,5
421146,13.96,0.0639,13.86,2.303,0.0172,314.56,0.3882,-6.52,5,5
421168,13.42,0.1242,27.89,2.225,0.0224,333.6,0.3657,-19.29,5,5
421282,13.23,0.0681,14.67,2.319,0.075,318.51,0.3653,-9.6,5,5
421312,14.34,0.0755,15.54,2.425,0.0857,372.0,0.0684,-16.39,5,50
421316,13.72,0.051,10.83,2.352,0.0408,328.91,0.3237,-7.09,5,5
421338,14.17,0.0737,15.45,2.383,0.0632,354.6,0.2222,-13.03,5,5
421365,14.08,0.0278,5.63,2.463,0.1264,347.6,0.1405,-13.45,5,5
421382,13.09,0.0577,12.49,2.305,0.0634,308.47,0.3983,-6.77,5,5
421393,13.71,0.0351,7.16,2.45,0.0788,358.4,0.0979,-10.86,5,5
421400,13.27,0.0678,14.76,2.294,0.0277,311.93,0.3978,-6.94,5,5
421434,14.18,0.0459,9.45,2.423,0.0388,358.56,0.152,-9.5,4,5
422575,14.08,0.0572,11.73,2.438,0.1431,344.8,0.1884,-17.36,5,50
422786,13.77,0.0397,8.16,2.428,0.107,344.06,0.2053,-11.82,5,5
423099,13.35,0.0714,16.19,2.202,0.0343,268.72,0.5195,-3.82,5,5
423407,13.41,0.0613,13.41,2.283,0.0432,302.37,0.4236,-5.77,4,5
423745,13.92,0.0631,13.85,2.276,0.0293,300.52,0.4318,-5.41,5,5
424102,14.11,0.0816,17.46,2.333,0.0983,330.12,0.3232,-14.49,5,5
424606,14.03,0.0433,9.06,2.388,0.0603,339.01,0.2656,-8.26,5,5
424618,13.29,0.0317,7.23,2.192,0.1135,247.77,0.5596,-1.84,5,50
424619,14.03,0.0866,18.52,2.334,0.0809,338.85,0.3033,-14.71,5,5
424621,14.32,0.0821,17.33,2.364,0.0443,238.83,0.2339,-13.22,5,50
424632,13.72,0.075,16.73,2.239,0.0394,162.41,0.4675,-5.93,5,50
425039,14.08,0.0761,16.19,2.348,0.0496,341.99,0.2905,-11.46,5,5
425348,13.98,0.076,16.34,2.323,0.0467,330.02,0.3378,-10.24,4,5
425536,13.73,0.0751,16.15,2.323,0.0413,329.78,0.3392,-9.88,4,5
426049,13.84,0.0555,11.49,2.413,0.0474,358.31,0.1707,-10.59,4,5
426289,14.46,0.0825,17.2,2.397,0.0252,376.04,0.115,-14.59,5,5
426292,13.81,0.1,22.29,2.241,0.0396,190.23,0.4157,-12.09,5,50
426311,14.16,0.0683,14.29,2.385,0.0357,355.68,0.2168,-11.19,5,5
426326,14.15,0.041,9.11,2.251,0.0306,280.77,0.4866,-1.57,5,5
426723,14.05,0.0374,7.5,2.493,0.1646,346.99,0.0802,-18.9,5,5
426992,14.13,0.0704,14.59,2.411,0.0498,368.24,0.1278,-13.22,4,5
426993,14.21,0.0661,14.11,2.34,0.0502,330.86,0.3255,-9.19,4,5
427230,13.56,0.0675,14.17,2.379,0.0226,353.15,0.2324,-10.52,5,5
427346,12.8,0.0569,12.87,2.207,0.0406,159.75,0.5283,-1.67,5,50
427369,13.46,0.0566,12.33,2.29,0.0176,304.6,0.4178,-4.84,5,5
427374,13.77,0.0959,20.41,2.347,0.1173,345.03,0.2685,-20.23,5,50
428347,14.38,0.0753,15.49,2.427,0.1019,367.44,0.1002,-17.44,4,50
428720,14.14,0.1171,25.44,2.3,0.0501,298.71,0.2543,-20.91,4,50
428732,13.66,0.0024,0.89,0.822,0.0969,339.79,0.2211,-8.89,4,50
428940,13.59,0.0189,4.14,2.288,0.1166,283.27,0.4569,-5.03,4,5
429083,13.99,0.0846,17.63,2.397,0.0582,373.59,0.127,-16.09,4,5
429095,14.4,0.104,22.14,2.347,0.0288,375.67,0.1904,-18.19,4,5
429113,13.45,0.0965,20.98,2.298,0.0419,336.48,0.3343,-13.95,4,5
429132,14.18,0.0896,19.48,2.297,0.0761,324.34,0.3587,-13.55,4,5
429153,14.63,0.0589,12.09,2.431,0.0348,370.99,0.0396,-11.68,4,5
429410,14.31,0.1013,21.93,2.306,0.0553,344.7,0.3073,-16.18,4,5
429423,14.22,0.115,24.59,2.336,0.0476,286.87,0.1653,-21.76,4,50
429442,13.5,0.0741,15.47,2.392,0.0133,366.08,0.1697,-12.35,4,5
429758,13.85,0.1097,23.62,2.321,0.0145,370.14,0.2326,-18.54,4,5
429759,12.96,0.0663,14.36,2.307,0.0054,232.32,0.3774,-7.03,4,5
429862,12.81,0.0143,3.1,2.306,0.0432,190.91,0.4242,-2.04,5,50
429864,13.87,0.0846,18.17,2.325,0.0108,340.78,0.3108,-11.52,4,5
429969,13.81,0.0178,3.66,2.427,0.0366,351.03,0.1768,-7.27,4,5
429970,14.01,0.092,20.27,2.267,0.0338,316.11,0.3957,-11.1,4,5
429973,14.25,0.0839,17.81,2.352,0.0545,349.96,0.2649,-13.56,4,5
429974,14.21,0.1049,22.16,2.363,0.0467,276.24,0.1296,-19.71,4,50
429975,13.41,0.0197,4.11,2.393,0.0287,337.54,0.2656,-5.75,4,5
430312,14.13,0.0744,15.38,2.416,0.0317,376.64,0.0532,-13.78,4,5
430373,14.12,0.1576,35.45,2.222,0.0306,27.47,0.0432,-37.2,4,50
430375,14.34,0.0845,17.71,2.382,0.0605,365.15,0.1861,-15.4,4,5
430376,14.21,0.0367,7.55,2.426,0.0378,355.96,0.1577,-8.61,4,5
430379,13.69,0.0783,17.08,2.289,0.0683,312.6,0.3925,-10.1,4,5
430623,14.03,0.037,7.7,2.396,0.0441,342.09,0.2487,-7.44,4,5
430738,13.68,0.1005,22.4,2.239,0.0626,302.8,0.4177,-13.32,4,50
430839,14.14,0.1022,21.83,2.339,0.0556,364.71,0.2305,-18.18,4,5
430851,13.54,0.0284,6.01,2.357,0.0662,319.81,0.3431,-5.72,4,5
431806,13.94,0.0834,18.13,2.298,0.0524,322.9,0.3664,-10.96,4,5
431807,13.96,0.0132,2.73,2.416,0.0931,336.19,0.2458,-8.55,4,5
431822,14.61,0.0852,18.35,2.32,0.0552,335.12,0.3253,-12.48,4,5
431826,14.09,0.0568,12.21,2.325,0.0724,315.62,0.3706,-7.85,4,5
431868,13.77,0.0511,10.76,2.374,0.0835,332.41,0.2947,-9.63,4,5
431875,14.23,0.0239,4.95,2.416,0.0439,346.63,0.2106,-7.26,4,5
431910,13.78,0.0016,0.96,0.797,0.138,294.01,0.411,-7.52,4,50
431935,14.27,0.0766,16.81,2.276,0.0702,304.8,0.4153,-9.23,4,5
432260,14.15,0.0529,10.95,2.411,0.0956,346.06,0.2185,-12.13,4,5
432261,14.31,0.0575,11.78,2.437,0.0692,366.56,0.0735,-12.78,4,5
432264,14.03,0.1069,22.62,2.36,0.0499,298.35,0.1305,-20.3,4,50
432267,13.68,0.0617,13.0,2.37,0.0722,338.34,0.2825,-10.56,4,5
432271,14.11,0.0068,1.48,2.372,0.039,358.24,0.0947,-7.9,4,5
432274,14.39,0.0996,21.29,2.337,0.0156,364.47,0.2369,-16.11,4,5
432285,14.44,0.0598,12.29,2.428,0.0323,370.45,0.0633,-11.63,4,5
432288,13.62,0.148,33.02,2.238,0.0444,272.59,0.1762,-32.59,4,50
432294,14.21,0.0256,5.23,2.442,0.067,354.39,0.1386,-9.21,4,5
432300,14.01,0.0398,8.23,2.417,0.0717,348.06,0.2043,-9.57,4,5
432301,13.74,0.0275,5.71,2.406,0.0301,344.83,0.2286,-6.8,4,5
432305,14.29,0.1187,25.5,2.325,0.0285,4.25,0.1622,-22.02,4,50
432306,14.47,0.0604,12.64,2.385,0.0054,251.05,0.2313,-9.4,4,5
432324,14.16,0.0752,15.93,2.356,0.0353,346.96,0.2715,-11.24,4,5
432325,13.82,0.0898,21.01,2.135,0.0318,48.82,0.5731,-4.35,4,50
432340,13.16,0.0987,21.64,2.278,0.0441,327.99,0.3624,-13.74,4,5
432356,13.23,0.022,4.76,2.316,0.0823,299.79,0.4133,-4.35,4,5
432362,14.35,0.0421,8.72,2.41,0.0423,350.51,0.2044,-8.55,4,5
432377,12.87,0.0848,18.92,2.238,0.0593,283.71,0.4529,-8.84,4,50
432392,13.68,0.1329,30.78,2.157,0.0044,81.26,0.4379,-19.15,4,5
432428,13.53,0.0968,21.29,2.269,0.0158,322.93,0.3802,-12.11,4,5
432611,13.24,0.0666,14.39,2.31,0.081,312.69,0.3828,-9.25,4,5
432615,14.56,0.0978,20.74,2.355,0.0117,373.14,0.1909,-16.48,4,5
432617,13.85,0.037,7.57,2.443,0.0499,361.99,0.0848,-9.72,4,5
432625,14.16,0.0671,13.91,2.407,0.0412,364.44,0.1544,-12.09,4,5
432629,14.25,0.0885,18.48,2.391,0.0495,376.02,0.1275,-16.39,4,5
432636,13.97,0.0651,13.56,2.398,0.028,360.5,0.1829,-11.08,4,5
432637,13.33,0.0244,5.46,2.226,0.0478,208.99,0.5266,0.51,4,50
432639,14.23,0.0382,7.87,2.425,0.03,356.92,0.1545,-8.57,4,5
432650,13.58,0.0472,9.73,2.421,0.0756,351.86,0.186,-10.75,4,5
432652,14.18,0.0473,9.75,2.422,0.0922,348.39,0.1981,-11.61,4,5
433269,14.2,0.0503,10.38,2.419,0.0348,359.85,0.1522,-9.83,4,5
433270,13.48,0.1004,21.53,2.328,0.0261,359.82,0.2566,-16.08,4,5
433271,14.43,0.0761,15.77,2.41,0.069,368.75,0.1278,-15.08,4,5
433272,14.29,0.0167,3.39,2.457,0.1181,346.56,0.151,-12.01,4,5
433273,12.99,0.0012,1.75,0.039,0.0967,260.41,0.5325,-0.8,4,50
433274,13.62,0.0464,9.65,2.403,0.0896,341.13,0.2433,-10.57,4,5
433275,13.63,0.0709,14.69,2.411,0.0596,331.79,0.1311,-13.51,4,50
433276,13.65,0.1025,22.31,2.294,0.0538,339.9,0.3254,-15.97,4,5
433277,14.31,0.1047,22.12,2.364,0.0483,287.6,0.1313,-19.55,4,50
433278,14.58,0.0434,8.76,2.475,0.1315,355.64,0.0533,-16.07,4,5
433279,13.88,0.107,22.7,2.353,0.0435,382.28,0.1558,-19.95,4,5
433280,13.46,0.0403,8.33,2.415,0.0867,344.03,0.2213,-10.19,4,5
433281,14.45,0.0527,10.82,2.434,0.0746,360.74,0.1236,-12.09,4,5
433282,14.49,0.0568,11.76,2.412,0.0401,359.6,0.1668,-10.54,4,5
433283,14.26,0.0881,18.4,2.391,0.0222,379.79,0.1053,-15.65,4,5
433284,14.43,0.0748,15.46,2.415,0.0272,377.04,0.0523,-13.72,4,5
433285,14.37,0.0458,9.43,2.423,0.0385,358.69,0.1508,-9.49,4,5
433286,14.23,0.0235,4.77,2.463,0.1152,349.92,0.1279,-12.36,4,5
433287,14.39,0.1067,22.57,2.362,0.0535,320.93,0.13,-20.38,4,50
433288,14.22,0.0578,11.89,2.427,0.0507,366.02,0.1036,-11.71,4,5
433289,14.27,0.0635,13.13,2.414,0.024,367.29,0.1252,-11.46,4,5
433290,13.27,0.1069,24.57,2.173,0.0608,275.71,0.4933,-11.99,4,5
433291,14.24,0.0499,10.26,2.43,0.0518,361.95,0.1225,-10.67,4,5
433292,14.05,0.0492,10.06,2.445,0.088,360.18,0.1031,-12.72,4,5
433293,14.05,0.0654,13.47,2.426,0.0803,364.7,0.1178,-14.18,4,5
433294,14.53,0.0591,12.11,2.439,0.1008,359.71,0.1215,-14.72,4,5
433295,14.27,0.0733,15.22,2.405,0.0432,368.93,0.1358,-13.34,4,5
433296,14.26,0.056,11.58,2.416,0.0397,361.08,0.1535,-10.6,4,5
433297,14.32,0.0785,16.33,2.402,0.0452,371.76,0.1283,-14.35,4,5
433298,13.74,0.0302,6.21,2.427,0.0758,347.77,0.1929,-9.24,4,5
433670,13.5,0.0336,6.98,2.404,0.0809,338.49,0.2532,-8.76,4,5
433671,14.25,0.0803,16.69,2.401,0.0584,333.53,0.1287,-15.06,4,50
433672,14.22,0.1127,23.91,2.354,0.0229,395.95,0.0844,-21.46,4,5
433674,14.47,0.0972,20.43,2.375,0.04,380.55,0.1321,-17.78,4,5
433675,14.14,0.0314,6.47,2.419,0.0723,345.68,0.2102,-8.85,4,5
433676,14.33,0.0352,7.16,2.456,0.0943,356.78,0.0975,-11.86,4,5
433677,13.87,0.0236,4.85,2.431,0.0204,355.26,0.151,-7.5,4,5
433679,14.49,0.0653,13.41,2.434,0.0854,366.66,0.0856,-14.8,4,5
433681,13.99,0.141,30.94,2.277,0.0506,318.86,0.1285,-30.91,4,50
433989,14.01,0.0724,15.29,2.365,0.03,349.56,0.257,-10.97,4,5
435229,14.26,0.1439,31.74,2.265,0.047,294.89,0.1357,-31.68,4,50
435560,14.35,0.0656,13.61,2.408,0.0378,364.62,0.1505,-11.83,4,5
435567,13.86,0.0201,4.13,2.434,0.1275,334.8,0.2311,-11.69,4,5
435568,14.08,0.0715,14.98,2.384,0.0264,358.7,0.2081,-11.59,4,5
435573,14.65,0.0837,17.46,2.394,0.0396,374.04,0.1315,-15.04,4,5
435582,13.98,0.0575,12.37,2.322,0.0037,86.88,0.3646,-6.25,4,5
435583,14.19,0.054,11.12,2.424,0.0965,351.86,0.1813,-12.95,4,5
435613,13.99,0.0694,14.42,2.405,0.1247,345.4,0.2236,-16.63,4,50
435620,14.15,0.1062,23.01,2.305,0.0444,247.5,0.2891,-17.0,4,50
435632,14.21,0.0861,17.96,2.394,0.0563,373.88,0.1314,-16.21,4,5
435645,14.43,0.072,14.67,2.449,0.1432,358.0,0.1061,-21.13,4,5
435647,14.38,0.0573,11.84,2.416,0.0398,361.83,0.1502,-10.8,4,5
435652,14.3,0.1102,23.58,2.335,0.0336,378.0,0.1936,-19.81,4,5
435658,14.36,0.0809,16.78,2.409,0.0295,380.03,0.046,-14.86,4,5
435659,14.61,0.0416,8.61,2.414,0.0375,352.92,0.189,-8.59,4,5
435660,14.19,0.1147,25.3,2.265,0.0337,342.31,0.3337,-17.94,4,5
435733,14.09,0.0845,18.18,2.321,0.0599,334.45,0.3257,-12.56,4,5
435778,14.03,0.0845,17.75,2.378,0.0435,366.08,0.1884,-14.59,4,5
436057,14.35,0.0978,20.67,2.364,0.0327,41.14,0.164,-16.99,4,50
436061,14.53,0.0845,17.61,2.395,0.0557,326.6,0.131,-15.62,4,50
436064,14.46,0.0526,10.88,2.414,0.0268,359.46,0.1631,-9.76,4,5
436065,14.02,0.0095,2.13,2.228,0.0996,284.57,0.4582,-3.61,4,5
436066,14.47,0.0383,7.91,2.418,0.0653,348.79,0.2009,-9.18,4,5
436069,13.86,0.0633,13.97,2.262,0.0402,293.43,0.4516,-5.09,4,5
436072,14.07,0.0964,20.23,2.379,0.0574,339.67,0.1312,-18.19,4,50
436075,14.08,0.0399,8.36,2.381,0.0671,333.33,0.2884,-7.8,4,5
436082,14.4,0.0426,8.76,2.43,0.0593,356.9,0.149,-9.98,4,5
436084,14.39,0.0138,2.84,2.372,0.1291,329.39,0.2595,-11.02,4,5
436085,14.41,0.0313,6.42,2.437,0.0332,359.28,0.1179,-8.53,4,5
436097,13.45,0.0101,2.24,2.097,0.0896,267.47,0.5135,-1.3,4,5
436101,14.64,0.1228,26.45,2.321,0.0534,326.98,0.161,-24.22,4,50
436107,14.39,0.0728,15.11,2.406,0.0441,368.82,0.1341,-13.29,4,5
436108,14.42,0.0446,9.2,2.421,0.0346,357.79,0.1577,-9.19,4,5
436113,13.87,0.1061,23.14,2.29,0.0329,344.75,0.318,-16.18,4,5
436124,14.46,0.0891,18.63,2.388,0.0416,376.72,0.1292,-16.18,4,5
436131,14.66,0.0836,17.67,2.363,0.0099,359.03,0.2268,-13.03,4,5
436139,13.78,0.0715,15.42,2.316,0.0635,321.23,0.3616,-9.63,4,5
436140,13.43,0.0705,15.16,2.321,0.0779,320.76,0.3579,-10.31,4,5
436142,14.11,0.1131,24.3,2.324,0.0304,8.28,0.2042,-19.9,4,50
436143,14.16,0.1517,33.87,2.237,0.0273,4.25,0.1202,-33.72,4,50
436146,14.48,0.144,31.65,2.272,0.0255,418.6,0.0889,-31.46,4,5
436151,14.45,0.1321,28.48,2.317,0.0525,325.43,0.0481,-28.51,4,50
436157,13.59,0.0775,16.62,2.329,0.0453,334.47,0.323,-10.79,4,5
436203,14.33,0.0992,20.76,2.385,0.0474,276.1,0.0502,-18.94,4,50
436204,13.34,0.1142,25.03,2.278,0.0679,343.81,0.3145,-19.86,4,50
436241,14.14,0.0665,14.33,2.318,0.0386,321.74,0.3623,-7.96,4,5
436247,13.76,0.0715,15.27,2.337,0.0428,333.72,0.3208,-9.81,4,5
436255,13.87,0.0459,9.87,2.325,0.1,306.74,0.3879,-7.8,4,5
436381,14.28,0.0153,3.52,2.175,0.0422,243.16,0.5866,2.86,4,5
436382,13.87,0.0528,11.62,2.268,0.0256,292.53,0.4538,-3.53,4,5
436388,13.78,0.0557,11.65,2.388,0.074,342.7,0.2538,-10.48,4,5
436391,14.4,0.0266,5.45,2.442,0.051,277.91,0.1084,-8.66,4,50
436393,13.93,0.0275,5.75,2.385,0.0317,335.61,0.279,-5.93,4,5
436394,14.26,0.0702,14.59,2.404,0.0172,368.45,0.1392,-12.16,4,5
436396,13.82,0.0022,1.06,0.932,0.1479,287.53,0.4293,-7.88,4,50
436397,14.17,0.0503,10.69,2.351,0.0515,326.76,0.3297,-7.23,4,5
436398,14.18,0.0177,3.76,2.351,0.0283,319.44,0.3494,-3.91,4,5
436401,14.18,0.0284,5.82,2.438,0.0616,354.58,0.1447,-9.05,4,5
436403,14.16,0.0499,10.3,2.42,0.0439,358.72,0.1571,-10.01,4,5
436409,14.19,0.0855,17.84,2.392,0.0427,374.48,0.1329,-15.47,4,5
436752,13.5,0.0553,11.75,2.351,0.0546,328.8,0.324,-8.02,4,5
436754,13.55,0.0461,9.84,2.339,0.0625,318.64,0.3567,-6.59,4,5
436755,14.2,0.0649,13.35,2.426,0.1164,353.42,0.1711,-16.26,4,5
436756,14.23,0.0601,12.7,2.364,0.0481,338.45,0.2885,-9.13,4,5
436758,13.71,0.0604,12.86,2.345,0.0538,329.02,0.3272,-8.52,4,5
436760,14.01,0.1052,22.22,2.365,0.0545,327.06,0.1248,-20.22,4,50
437280,13.71,0.0175,3.68,2.379,0.1092,319.06,0.3252,-8.09,4,5
437283,14.27,0.1036,21.86,2.367,0.0386,183.02,0.1134,-19.16,4,50
437285,13.23,0.0427,8.9,2.394,0.0394,344.13,0.2442,-7.85,4,5
437286,13.91,0.0524,10.84,2.414,0.0113,360.09,0.1605,-9.54,4,5
437287,13.93,0.0219,4.51,2.429,0.0165,354.35,0.1581,-7.29,4,5
437288,14.39,0.0164,2.59,1.253,0.1778,333.7,0.1743,-17.88,4,5
437290,14.24,0.069,14.34,2.403,0.0082,350.55,0.1494,-11.77,4,5
437291,14.09,0.0629,13.88,2.266,0.1732,275.65,0.4541,-14.47,4,50
437292,14.1,0.0514,10.75,2.387,0.0762,339.49,0.2643,-9.88,4,5
437294,14.56,0.0806,16.72,2.407,0.0732,370.55,0.124,-16.17,4,5
437295,14.26,0.1092,23.07,2.365,0.0689,377.75,0.1054,-22.42,4,50
437296,14.11,0.016,3.28,2.431,0.0221,353.57,0.1585,-7.14,4,5
437298,14.41,0.0397,8.11,2.441,0.0095,362.26,0.039,-9.24,4,5
437300,14.31,0.0453,9.32,2.427,0.1025,347.08,0.196,-12.18,4,5
437301,13.43,0.0161,3.71,2.174,0.0409,242.48,0.5885,2.93,4,5
437302,14.73,0.0214,4.31,2.481,0.122,354.24,0.0296,-13.53,4,5
437304,14.26,0.0272,5.6,2.429,0.0295,354.92,0.1561,-7.8,4,5
437305,14.46,0.0777,16.14,2.403,0.0692,366.65,0.1507,-15.11,4,5
437307,14.47,0.072,14.93,2.406,0.0172,370.9,0.1231,-12.59,4,5
437308,14.41,0.0525,10.67,2.457,0.1302,354.15,0.1165,-16.28,4,50
437309,14.16,0.0337,6.91,2.433,0.0326,358.56,0.1301,-8.56,4,5
437310,14.58,0.0748,15.53,2.405,0.0381,370.73,0.1275,-13.48,4,5
437311,14.26,0.0896,18.73,2.388,0.0442,376.91,0.1279,-16.38,4,5
437312,14.13,0.0649,13.51,2.398,0.0702,353.72,0.2078,-12.29,4,5
437314,14.16,0.0888,18.83,2.355,0.0374,359.59,0.2345,-14.42,4,5
437720,14.26,0.0775,16.08,2.406,0.061,369.98,0.129,-14.88,4,5
437728,14.4,0.05,10.29,2.429,0.0331,364.45,0.1065,-10.22,4,5
437729,14.28,0.109,23.12,2.355,0.0151,390.38,0.1174,-20.06,4,5
437730,14.41,0.0798,16.62,2.397,0.0152,373.86,0.1265,-13.8,4,5
437734,13.96,0.0412,8.56,2.402,0.045,346.46,0.2278,-8.18,4,5
437740,14.36,0.0422,8.62,2.447,0.0853,358.36,0.1084,-11.77,4,5
437752,14.41,0.0373,7.56,2.465,0.1257,351.33,0.1172,-14.4,4,5
437754,13.84,0.0597,12.51,2.38,0.0926,337.51,0.2742,-11.7,4,5
437757,14.52,0.0337,6.85,2.456,0.0976,355.59,0.1047,-11.91,4,5
437759,14.04,0.0925,19.7,2.345,0.0116,360.26,0.2427,-14.45,4,5
437760,14.42,0.0796,16.56,2.401,0.0557,370.67,0.1345,-14.92,4,5
437761,14.39,0.08,16.67,2.396,0.0783,363.37,0.1738,-15.79,4,5
438507,14.27,0.1385,30.15,2.293,0.0425,244.72,0.0704,-30.05,4,50
438682,13.65,0.0985,21.44,2.294,0.0484,335.79,0.3367,-14.55,5,5
438741,14.32,0.1183,25.39,2.329,0.0302,8.86,0.1564,-21.91,4,50
438747,14.43,0.1354,29.51,2.292,0.0356,149.54,0.1303,-27.92,4,50
439002,14.09,0.0609,12.97,2.344,0.0359,330.86,0.3243,-8.08,4,5
439003,14.22,0.0549,11.34,2.418,0.1515,333.37,0.2456,-16.76,4,50
439197,13.17,0.0951,21.34,2.224,0.02,296.16,0.4523,-9.66,4,5
439395,14.38,0.1274,27.69,2.297,0.0345,123.97,0.1903,-24.39,4,50
439402,13.69,0.0207,4.32,2.397,0.0233,339.72,0.2553,-5.89,4,5
439731,14.23,0.0581,11.92,2.435,0.1,358.77,0.1327,-14.2,4,50
439732,13.53,0.0572,12.17,2.346,0.0511,328.27,0.3285,-8.0,4,5
442173,14.28,0.0609,12.6,2.414,0.0447,362.68,0.1503,-11.42,4,5
442763,14.04,0.0553,11.77,2.347,0.1288,313.03,0.3542,-12.04,4,5
448059,14.13,0.1193,26.14,2.279,0.0219,359.89,0.2857,-20.05,5,5
450501,13.59,0.1079,24.53,2.196,0.0338,291.79,0.4621,-12.31,5,5
452967,14.32,0.0562,11.27,2.495,0.193,342.36,0.0992,-25.24,5,50
453201,13.81,0.0836,18.22,2.292,0.042,321.0,0.3749,-10.39,5,5
453223,13.58,0.0297,6.43,2.307,0.0407,166.77,0.4165,-2.83,5,50
453230,14.1,0.0318,6.41,2.475,0.1784,334.08,0.1805,-18.78,5,5
453779,13.71,0.0962,20.83,2.307,0.0486,340.49,0.3188,-14.52,5,5
453789,13.54,0.0208,4.47,2.327,0.0967,301.7,0.4015,-5.43,5,5
454073,14.13,0.053,10.74,2.463,0.1262,357.63,0.0764,-16.58,5,5
454255,14.24,0.1494,33.09,2.255,0.0251,425.7,0.0659,-33.77,5,5
454257,13.48,0.1218,26.6,2.287,0.0529,316.4,0.2598,-22.24,5,50
454735,13.89,0.0955,20.06,2.377,0.0453,378.59,0.1378,-17.58,5,5
454744,14.03,0.1068,22.46,2.375,0.0716,387.71,0.086,-22.27,5,5
454752,13.39,0.1027,22.9,2.241,0.038,169.87,0.4105,-12.65,5,50
454753,13.94,0.0771,16.06,2.399,0.0372,370.18,0.141,-13.69,5,5
454756,14.19,0.093,19.33,2.402,0.0661,368.06,0.0103,-18.74,5,50
454781,13.33,0.0483,10.03,2.403,0.0678,346.22,0.2283,-9.77,5,5
455417,13.54,0.0292,6.26,2.329,0.1025,302.99,0.396,-6.4,4,5
455524,13.78,0.0701,15.0,2.334,0.1027,321.48,0.3447,-12.28,5,5
456079,14.14,0.0724,15.35,2.356,0.0567,341.74,0.2851,-11.29,5,5
456094,13.87,0.0823,18.04,2.277,0.0208,313.48,0.4005,-8.93,5,5
456110,14.36,0.077,15.95,2.41,0.0234,377.1,0.072,-13.9,5,5
456117,13.62,0.0652,14.33,2.274,0.0468,299.64,0.4326,-6.11,5,5
456120,14.64,0.0523,10.68,2.447,0.0748,366.46,0.0162,-12.68,5,5
457150,13.75,0.0599,13.38,2.236,0.0388,148.41,0.489,-3.4,5,50
457221,14.22,0.0382,7.77,2.455,0.183,327.82,0.2239,-19.14,5,5
457762,14.22,0.0878,18.38,2.385,0.103,359.86,0.1967,-18.73,5,50
457770,13.97,0.063,13.28,2.37,0.1028,332.65,0.2939,-12.47,5,5
458140,13.25,0.0176,3.89,2.256,0.0405,154.14,0.4911,-0.13,5,50
458730,13.85,0.0702,14.66,2.39,0.0393,358.94,0.2004,-11.85,5,5
458735,14.28,0.0459,9.51,2.411,0.0151,355.04,0.186,-8.59,5,5
458747,13.79,0.0955,20.27,2.352,0.0325,366.51,0.2156,-15.97,5,5
458749,13.83,0.0945,20.48,2.303,0.0343,337.82,0.3293,-13.4,5,5
459422,13.43,0.0933,21.34,2.184,0.0469,271.36,0.5087,-8.09,5,5
459427,13.95,0.0382,7.9,2.413,0.0816,343.5,0.2255,-9.62,5,5
459428,13.79,0.0342,7.01,2.434,0.0654,354.07,0.1551,-9.5,5,5
459432,14.31,0.003,0.9,1.446,0.0666,349.36,0.1699,-8.15,5,5
459436,14.43,0.0378,7.7,2.451,0.0684,362.39,0.0537,-10.77,5,5
459438,14.37,0.1095,23.34,2.343,0.0397,201.71,0.1751,-19.69,5,50
459439,13.89,0.0479,9.98,2.399,0.0674,344.47,0.2382,-9.55,5,5
459466,14.18,0.0835,17.42,2.392,0.021,374.95,0.1303,-14.52,4,5
459849,14.44,0.0659,13.52,2.437,0.1012,363.51,0.1027,-15.93,5,5
460786,14.13,0.0839,17.74,2.362,0.0515,294.2,0.2376,-13.7,5,50
460790,13.85,0.1102,23.72,2.32,0.0623,349.31,0.2424,-20.15,5,50
461351,13.73,0.0429,9.58,2.239,0.0342,51.44,0.5009,-1.11,4,50
461833,13.94,0.106,23.95,2.211,0.0444,227.77,0.4473,-12.38,5,50
461843,13.88,0.0697,14.62,2.38,0.1182,336.89,0.2715,-15.31,5,5
462085,13.38,0.0844,19.22,2.192,0.005,170.46,0.5141,-5.55,5,5
464268,13.73,0.0282,6.33,2.225,0.0462,199.24,0.5267,0.38,4,50
465284,14.42,0.0524,10.58,2.474,0.1573,350.92,0.0973,-19.45,4,50
465490,14.39,0.0748,15.97,2.337,0.0962,327.39,0.3292,-13.0,4,5
465650,14.06,0.0884,18.53,2.382,0.037,373.18,0.1557,-15.55,4,5
465652,13.86,0.026,5.52,2.351,0.0674,316.9,0.3539,-5.38,4,5
465658,13.41,0.0541,12.34,2.189,0.0692,253.45,0.5517,-1.52,4,50
465688,14.5,0.1136,24.99,2.27,0.0673,336.65,0.334,-18.98,4,50
465900,13.79,0.0239,4.93,2.416,0.0436,346.68,0.2103,-7.25,4,5
465909,13.94,0.0475,10.27,2.31,0.0548,307.48,0.3998,-5.3,4,5
466095,13.41,0.036,7.7,2.333,0.0529,313.6,0.374,-4.94,4,5
466209,13.9,0.0257,5.38,2.387,0.0675,331.81,0.2871,-6.87,5,5
466238,14.21,0.0431,8.88,2.423,0.0355,357.72,0.1551,-9.11,4,5
466239,14.49,0.0986,20.73,2.374,0.0461,381.1,0.1302,-18.38,4,5
466240,14.11,0.0494,10.42,2.369,0.0574,333.9,0.2966,-8.1,4,5
466244,14.31,0.0515,10.62,2.419,0.0393,359.73,0.1541,-10.06,4,5
466245,14.36,0.0757,15.69,2.41,0.0673,368.93,0.1263,-14.94,4,5
466247,13.68,0.0721,15.56,2.313,0.0513,321.75,0.3634,-9.15,4,5
466916,14.33,0.0975,20.8,2.341,0.0082,353.21,0.232,-15.66,4,5
466917,13.7,0.0971,20.88,2.323,0.0086,347.43,0.278,-14.67,4,5
467635,14.47,0.0864,18.03,2.395,0.0568,374.63,0.1262,-16.36,4,5
467644,14.04,0.1093,25.1,2.174,0.0331,280.32,0.4878,-11.69,4,5
467743,14.21,0.0931,19.42,2.396,0.1109,367.77,0.1495,-21.44,4,50
467746,13.82,0.0899,19.56,2.295,0.0556,326.41,0.3586,-12.51,4,5
467748,14.23,0.0684,14.21,2.405,0.0389,365.32,0.1523,-12.24,4,5
467750,14.22,0.0597,12.32,2.419,0.0646,342.37,0.1483,-11.95,4,50
467752,14.22,0.0407,8.43,2.411,0.0177,352.64,0.1943,-8.04,4,5
467777,14.3,0.0363,7.73,2.345,0.1185,307.86,0.3722,-8.7,4,5
467779,13.42,0.1026,22.26,2.302,0.0506,292.4,0.308,-16.03,4,50
467783,14.1,0.0438,8.85,2.473,0.1429,350.82,0.1043,-16.97,4,50
467801,13.81,0.0298,6.2,2.399,0.068,337.47,0.2599,-7.67,4,5
467852,13.85,0.1217,26.32,2.31,0.0048,250.71,0.1913,-22.38,4,5
467854,14.44,0.0609,12.61,2.411,0.0298,363.14,0.1526,-10.94,4,5
467855,14.19,0.0119,2.45,2.431,0.0147,353.55,0.1575,-6.94,4,5
467856,14.13,0.0564,11.91,2.362,0.0934,327.77,0.3145,-10.42,4,5
467858,14.03,0.0232,4.84,2.391,0.1135,323.47,0.3041,-9.17,4,5
467859,12.9,0.0468,10.62,2.202,0.0408,154.89,0.5429,-0.21,4,50
467926,13.72,0.1049,22.74,2.303,0.0337,350.8,0.296,-16.46,4,5
467927,14.39,0.0445,9.16,2.424,0.0715,352.92,0.1767,-10.39,4,5
468001,13.15,0.1106,26.5,2.083,0.0317,61.66,0.5913,-7.86,4,50
468009,14.39,0.0757,15.68,2.412,0.032,375.86,0.0772,-13.87,4,5
468011,13.64,0.0679,14.98,2.262,0.0592,294.24,0.4469,-6.49,4,5
468012,14.65,0.1229,26.24,2.338,0.0426,244.19,0.0419,-25.01,4,50
468013,14.24,0.0509,10.59,2.397,0.0526,347.83,0.229,-9.37,4,5
468014,14.06,0.0796,16.56,2.4,0.0239,374.75,0.1148,-14.03,4,5
468015,14.23,0.0994,20.93,2.373,0.044,381.86,0.1291,-18.49,4,5
468016,14.05,0.0116,2.38,2.439,0.041,354.86,0.1368,-7.68,4,5
468118,14.01,0.0651,13.6,2.391,0.0329,356.46,0.2074,-10.83,4,5
468302,13.86,0.0669,13.86,2.408,0.0186,367.45,0.1366,-11.72,4,5
468304,14.19,0.1097,23.44,2.338,0.0338,91.44,0.186,-19.44,4,50
468639,14.5,0.0166,3.61,2.287,0.0864,287.12,0.4546,-2.99,4,50
468694,14.17,0.1025,24.81,2.064,0.0415,146.16,0.6291,-4.58,4,50
468700,14.59,0.1147,24.28,2.358,0.0593,357.41,0.0586,-23.55,4,50
468778,14.15,0.0485,10.13,2.39,0.0399,345.07,0.2454,-8.4,4,5
468780,14.0,0.0786,16.45,2.385,0.0327,364.98,0.184,-13.24,4,5
468781,12.98,0.0409,9.06,2.255,0.0484,224.74,0.4817,-1.95,4,50
468782,14.14,0.0702,15.37,2.28,0.0496,305.03,0.4172,-7.33,4,5
468786,14.14,0.0868,18.17,2.385,0.0401,372.69,0.1532,-15.41,4,5
468852,13.41,0.0062,1.45,2.239,0.044,336.78,0.2625,-5.84,4,5
468853,14.25,0.0712,15.49,2.296,0.0411,314.05,0.3907,-7.95,4,5
468854,14.68,0.0443,9.05,2.446,0.062,364.24,0.058,-11.01,4,5
468855,13.73,0.0558,12.72,2.189,0.0491,213.68,0.5499,-1.12,4,50
468856,13.71,0.0383,7.89,2.424,0.052,353.62,0.1728,-9.01,4,5
469163,14.65,0.0669,13.84,2.412,0.0434,221.98,0.1283,-12.19,4,50
471008,14.45,0.0549,11.38,2.411,0.0163,360.3,0.1641,-9.84,4,5
471059,13.98,0.1006,22.05,2.278,0.0256,331.3,0.3567,-13.73,4,5
471078,13.53,0.0888,20.25,2.19,0.0573,257.98,0.5078,-7.56,4,50
471214,13.83,0.0159,3.32,2.399,0.0874,331.09,0.278,-7.66,4,5
471215,14.21,0.0437,8.98,2.429,0.0781,353.2,0.1684,-10.79,4,5
471503,13.99,0.081,17.85,2.266,0.0224,307.32,0.4181,-8.27,4,5
471884,14.21,0.0337,7.23,2.329,0.1014,304.48,0.3921,-6.75,4,5
471904,14.24,0.0961,20.72,2.316,0.0826,339.1,0.3122,-16.27,4,50
471907,14.06,0.0327,6.75,2.421,0.0371,352.13,0.1828,-7.98,4,5
472211,14.4,0.0298,6.13,2.431,0.051,354.12,0.1574,-8.57,4,5
473080,13.83,0.0859,18.06,2.374,0.0374,154.74,0.1884,-14.36,4,50
473619,14.41,0.1413,30.97,2.279,0.0143,415.74,0.0987,-30.06,5,5
473684,14.02,0.0455,9.38,2.423,0.0195,360.23,0.1428,-9.14,5,5
473718,13.78,0.0758,16.94,2.234,0.0359,119.16,0.473,-5.77,5,50
474042,13.67,0.1251,27.36,2.284,0.0319,54.37,0.2424,-22.65,4,50
476534,14.4,0.0631,12.92,2.436,0.0692,370.24,0.0299,-13.71,5,5
478575,13.97,0.049,10.34,2.367,0.0978,325.51,0.3168,-9.81,5,5
481031,13.97,0.0355,7.43,2.387,0.0472,337.18,0.2728,-6.99,5,5
481340,13.63,0.0717,16.22,2.208,0.0292,272.22,0.5111,-4.07,5,5
481504,13.11,0.0987,21.26,2.318,0.0458,350.02,0.2881,-15.68,5,5
481536,13.9,0.0995,23.61,2.105,0.0283,6.15,0.5906,-5.35,5,50
481744,14.2,0.0707,14.63,2.412,0.098,357.51,0.1743,-15.5,5,50
481747,14.02,0.0341,6.96,2.444,0.118,344.86,0.1824,-12.58,5,5
481987,13.5,0.1099,24.99,2.196,0.0385,293.71,0.4569,-13.06,5,5
482087,13.61,0.0168,3.74,2.241,0.0386,129.21,0.5098,0.54,5,50
482088,13.35,0.0446,9.75,2.283,0.0385,143.09,0.4405,-3.19,5,50
482249,13.83,0.0948,21.43,2.209,0.0335,86.99,0.4735,-8.93,5,50
482266,14.39,0.0441,9.23,2.385,0.0981,330.79,0.2894,-9.95,5,5
482465,13.97,0.0866,18.1,2.39,0.0605,371.64,0.1484,-16.34,5,5
482514,14.37,0.0109,2.35,2.319,0.0507,248.75,0.406,-2.67,5,50
483008,13.86,0.1032,23.43,2.199,0.0196,289.51,0.469,-10.73,5,5
483014,13.62,0.0483,9.87,2.441,0.0625,364.11,0.0789,-11.32,5,5
483018,14.45,0.0694,14.46,2.397,0.0956,350.42,0.2184,-14.46,5,5
483020,13.32,0.0773,16.47,2.344,0.08,336.13,0.3049,-12.91,5,5
483021,14.16,0.0485,10.16,2.386,0.0923,334.04,0.2804,-10.21,5,5
483024,13.52,0.0038,1.1,0.984,0.1106,335.74,0.2348,-9.82,5,5
483025,13.43,0.0337,6.89,2.443,0.094,351.11,0.156,-11.1,5,5
483026,14.24,0.0494,10.69,2.31,0.0613,307.14,0.4003,-5.73,5,5
483027,13.62,0.0634,13.42,2.358,0.0344,339.11,0.2923,-9.06,5,5
483400,13.24,0.0728,16.37,2.221,0.0314,278.87,0.4939,-4.84,5,5
483649,13.71,0.1208,26.09,2.313,0.0425,243.43,0.197,-22.62,5,50
483652,13.64,0.0423,9.5,2.221,0.0873,264.6,0.522,-2.46,5,50
483664,13.46,0.0507,11.01,2.3,0.0741,301.73,0.4154,-6.01,5,5
483968,13.59,0.0118,2.56,2.309,0.0383,300.23,0.4204,-2.17,5,5
484039,14.08,0.0344,7.12,2.416,0.0726,345.05,0.2174,-8.98,5,5
484043,13.67,0.0273,6.08,2.247,0.0412,161.94,0.4984,-0.34,5,50
484218,14.2,0.091,19.48,2.332,0.0095,350.08,0.2776,-13.43,5,5
484225,13.69,0.0674,15.24,2.207,0.0407,167.36,0.5169,-3.37,5,50
484231,14.09,0.0869,18.37,2.364,0.0763,354.84,0.2355,-15.73,5,50
484249,14.49,0.0375,7.7,2.43,0.1581,328.23,0.251,-15.52,5,5
484254,14.36,0.0786,16.38,2.396,0.0567,315.86,0.1571,-14.33,5,50
484265,14.26,0.0487,10.03,2.424,0.1054,346.46,0.2023,-12.66,5,5
484540,13.42,0.1178,27.0,2.178,0.039,292.62,0.4587,-14.97,5,5
484545,14.63,0.0472,9.63,2.446,0.1081,353.7,0.1402,-13.6,5,5
484549,14.26,0.1503,33.54,2.241,0.061,375.2,0.1535,-34.9,5,50
484553,14.15,0.0205,4.26,2.41,0.0693,339.49,0.2425,-7.56,5,5
484557,14.28,0.0805,17.13,2.348,0.0362,347.32,0.277,-12.04,5,5
484559,14.24,0.0098,2.01,2.423,0.0628,345.57,0.2021,-7.6,5,5
484566,14.44,0.056,11.5,2.433,0.1784,329.08,0.2385,-20.54,5,5
484568,13.63,0.0351,7.31,2.394,0.064,337.55,0.2649,-7.75,5,5
485098,13.42,0.0499,11.18,2.23,0.0387,141.33,0.5066,-1.65,5,50
485220,13.29,0.0735,17.61,2.084,0.0471,167.18,0.6437,0.69,5,50
485396,14.11,0.0585,12.28,2.379,0.099,334.53,0.2835,-11.8,5,5
485412,13.43,0.0686,14.93,2.294,0.0102,312.97,0.3956,-6.87,5,5
485413,13.92,0.016,3.39,2.362,0.1191,310.08,0.3585,-7.94,5,5
485414,14.41,0.0409,8.36,2.444,0.0371,366.17,0.0171,-9.88,5,5
485415,14.27,0.0327,6.69,2.443,0.1722,326.36,0.2429,-16.86,5,5
485416,14.37,0.0859,17.88,2.4,0.0427,379.11,0.0883,-15.96,5,5
485417,13.77,0.0709,15.39,2.3,0.0885,309.65,0.3921,-10.1,5,5
485418,14.57,0.0437,9.01,2.419,0.0548,353.64,0.1798,-9.49,5,5
485421,13.72,0.0397,8.44,2.353,0.1193,311.73,0.358,-9.45,5,5
485422,13.55,0.0144,2.99,2.404,0.0936,331.46,0.2724,-8.11,5,5
485423,13.74,0.08,17.01,2.349,0.0725,342.11,0.2867,-13.35,5,5
485431,13.05,0.0553,11.91,2.317,0.0924,308.13,0.3895,-8.29,5,5
485439,13.95,0.0938,21.17,2.212,0.042,202.36,0.4703,-9.19,5,50
485449,14.22,0.0592,12.87,2.299,0.0399,308.7,0.4032,-6.0,5,5
485451,14.41,0.0538,11.19,2.403,0.0724,348.57,0.2196,-10.78,5,5
485452,14.34,0.0264,5.72,2.303,0.0636,290.7,0.4272,-3.16,5,50
485456,14.28,0.0785,16.86,2.326,0.0659,330.69,0.3321,-11.63,5,5
485479,13.99,0.101,21.75,2.319,0.0498,352.9,0.2791,-16.57,5,5
485507,14.03,0.1125,24.39,2.302,0.0235,362.74,0.2655,-18.72,5,5
486008,14.45,0.103,22.22,2.313,0.0698,348.67,0.2903,-17.87,5,5
486014,14.21,0.0386,7.98,2.416,0.0221,353.48,0.1847,-8.07,5,5
486017,13.49,0.0805,17.53,2.293,0.0346,319.84,0.3781,-9.55,5,5
486018,14.12,0.0117,2.52,2.314,0.0461,216.6,0.4136,-2.35,5,50
486019,14.51,0.0151,3.16,2.387,0.0297,334.03,0.282,-5.29,5,5
486021,13.89,0.0723,16.28,2.215,0.0403,169.51,0.5011,-4.62,5,50
486022,13.82,0.009,1.86,1.791,0.0706,271.16,0.5056,-0.5,5,50
486025,13.86,0.022,4.54,2.421,0.0263,350.1,0.1901,-7.03,5,5
486026,14.21,0.1204,25.68,2.342,0.0455,270.39,0.0732,-24.23,5,50
486028,13.63,0.0368,8.23,2.235,0.0402,151.86,0.5091,-0.53,5,50
486033,14.3,0.0519,10.66,2.43,0.0686,360.03,0.134,-11.55,5,5
486039,14.47,0.0724,14.95,2.419,0.1197,354.81,0.1736,-17.82,5,5
486041,14.07,0.018,3.73,2.413,0.0883,336.78,0.2474,-8.4,5,5
486044,14.58,0.0805,16.9,2.377,0.0135,364.35,0.1966,-13.01,5,5
486057,14.38,0.0657,14.19,2.311,0.0823,312.7,0.3819,-9.23,5,5
486060,14.13,0.107,23.29,2.294,0.0032,18.93,0.3042,-16.24,5,5
486073,14.26,0.0979,20.82,2.348,0.0248,368.22,0.2142,-16.31,5,5
486074,14.49,0.0764,15.95,2.393,0.0281,367.33,0.1641,-13.05,5,5
486673,14.87,0.0057,1.35,0.637,0.1364,341.12,0.1732,-12.89,5,50
486675,14.27,0.0796,16.58,2.4,0.0805,364.78,0.1626,-15.82,5,50
486677,14.09,0.0239,4.92,2.424,0.0802,344.62,0.208,-8.69,5,50
486678,14.38,0.0481,9.8,2.449,0.1356,346.37,0.1688,-15.83,5,5
486679,13.78,0.0296,6.17,2.39,0.0174,339.17,0.264,-6.09,5,5
486681,13.36,0.052,11.68,2.223,0.0387,141.47,0.5131,-1.64,5,50
486686,14.5,0.0445,9.15,2.428,0.084,351.8,0.176,-11.13,5,5
486690,14.35,0.1003,21.72,2.307,0.0677,339.2,0.3119,-16.27,5,50
486691,13.8,0.0828,17.55,2.357,0.0212,355.51,0.2465,-12.68,5,5
486695,13.14,0.0107,2.3,2.323,0.0544,270.09,0.3987,-2.99,5,50
487447,13.77,0.0914,20.4,2.238,0.0562,281.17,0.4409,-10.24,5,50
487506,14.3,0.1008,22.81,2.206,0.0319,63.62,0.463,-10.57,5,50
487535,13.93,0.0689,14.67,2.345,0.076,330.99,0.3191,-10.95,5,5
487539,14.39,0.104,21.93,2.368,0.0313,13.68,0.0973,-18.98,5,50
487545,14.39,0.0816,17.11,2.38,0.0332,365.34,0.1894,-13.71,5,5
487552,14.01,0.1133,25.81,2.192,0.0411,295.29,0.4527,-14.13,5,5
487553,13.71,0.0272,5.68,2.394,0.0781,333.05,0.2774,-7.68,5,5
487554,14.1,0.0332,6.83,2.43,0.0309,357.1,0.1445,-8.34,5,5
487555,14.03,0.0441,9.17,2.404,0.0806,342.23,0.2399,-9.85,5,5
487570,13.18,0.0823,18.68,2.199,0.063,270.92,0.5083,-6.77,5,5
487571,14.05,0.0308,6.28,2.451,0.1172,346.86,0.1633,-12.56,5,5
487572,14.0,0.0109,2.28,2.385,0.0977,326.4,0.2954,-7.79,5,5
487573,13.92,0.0542,11.54,2.343,0.1064,315.83,0.3549,-10.06,5,5
488189,14.01,0.0834,18.96,2.195,0.0439,200.44,0.5112,-5.97,5,50
488223,13.0,0.0804,17.9,2.242,0.0523,262.37,0.4529,-7.97,5,50
488230,14.55,0.1003,21.15,2.368,0.0435,242.92,0.1379,-18.33,5,50
488235,13.76,0.0891,19.53,2.279,0.0211,320.27,0.3834,-10.62,5,5
488243,13.6,0.0466,9.68,2.404,0.0675,345.9,0.2283,-9.59,5,5
489083,13.56,0.0643,14.54,2.209,0.0677,265.81,0.5178,-4.09,5,50
489101,13.8,0.0198,4.5,2.192,0.0581,236.55,0.5668,1.74,5,50
489535,14.28,0.1334,28.92,2.304,0.0305,21.2,0.0883,-27.49,4,50
489827,14.07,0.0815,18.14,2.243,0.0392,167.11,0.4526,-7.33,5,50
489879,14.13,0.0476,10.31,2.303,0.0626,303.42,0.4119,-5.27,5,5
489934,14.51,0.0459,9.46,2.424,0.0373,359.24,0.1467,-9.52,4,5
489941,14.19,0.0663,14.13,2.344,0.0621,330.95,0.322,-9.8,4,5
489943,14.04,0.0484,10.02,2.415,0.1005,344.58,0.2198,-11.76,4,50
489949,14.52,0.0919,19.25,2.386,0.0503,377.62,0.1281,-17.15,4,5
489951,14.79,0.0826,17.02,2.422,0.1055,371.15,0.0847,-19.41,4,50
489952,14.35,0.0648,13.38,2.419,0.0645,364.42,0.1337,-13.0,4,5
490014,14.17,0.1207,25.99,2.32,0.0415,237.28,0.174,-22.9,4,50
490036,14.86,0.1221,26.29,2.322,0.0389,195.85,0.1564,-23.32,4,50
490224,14.98,0.1478,32.72,2.257,0.0307,28.43,0.0954,-32.63,4,50
490404,14.78,0.0718,14.79,2.424,0.0665,358.34,0.0618,-14.51,4,50
490415,14.36,0.0767,15.96,2.402,0.0719,364.36,0.1626,-14.92,4,5
490418,14.44,0.0886,18.97,2.333,0.019,349.24,0.2829,-12.99,4,5
490446,14.47,0.0493,10.11,2.436,0.0317,367.47,0.0568,-10.43,4,5
490448,14.49,0.0739,15.43,2.394,0.021,366.13,0.1675,-12.46,4,5
490561,13.99,0.0556,11.43,2.431,0.1428,340.81,0.2106,-16.82,4,5
490608,14.11,0.0383,7.93,2.411,0.1164,334.08,0.2564,-11.48,4,5
490763,14.91,0.145,31.95,2.267,0.0291,5.96,0.0925,-31.47,4,50
490764,14.17,0.0701,14.71,2.379,0.0376,354.02,0.2287,-11.32,4,5
490765,14.75,0.0501,10.27,2.437,0.0281,368.79,0.029,-10.52,4,5
490775,14.51,0.0935,19.62,2.38,0.0786,369.31,0.1696,-18.28,4,50
490778,14.17,0.0349,7.15,2.439,0.1031,347.47,0.1786,-11.54,4,5
490785,14.53,0.0918,19.09,2.402,0.0688,371.78,0.0534,-18.42,4,50
490804,14.78,0.0265,5.39,2.46,0.0852,358.08,0.0696,-10.85,4,5
490809,14.56,0.0731,15.17,2.408,0.0483,369.46,0.1271,-13.59,4,5
490817,14.35,0.0935,19.6,2.381,0.0413,378.41,0.133,-17.01,4,5
490820,14.71,0.0882,18.44,2.389,0.0411,376.49,0.1278,-16.0,4,5
490834,14.81,0.0417,8.44,2.465,0.1049,359.93,0.0315,-13.59,4,5
490835,14.28,0.0756,15.75,2.397,0.0495,365.8,0.164,-13.6,4,5
490839,14.54,0.0822,17.14,2.396,0.0428,373.16,0.1317,-14.89,4,5
490847,14.55,0.0648,13.34,2.428,0.0573,370.22,0.0715,-13.17,4,5
490850,14.68,0.0455,9.26,2.454,0.0945,360.45,0.0739,-13.0,4,5
491033,14.4,0.0158,3.35,2.349,0.0177,318.63,0.3537,-3.59,5,5
491067,14.38,0.0727,15.49,2.344,0.0503,337.19,0.3064,-10.6,5,5
491157,13.92,0.0865,19.58,2.207,0.0435,202.15,0.491,-7.22,5,50
491282,14.0,0.1441,32.75,2.204,0.039,222.29,0.304,-27.1,4,50
491332,12.85,0.0554,12.89,2.145,0.0445,172.68,0.6002,0.92,4,50
491358,14.87,0.07,14.17,2.469,0.159,357.7,0.0496,-22.88,4,50
491403,14.24,0.1198,25.76,2.322,0.0333,90.93,0.1684,-22.41,4,50
491611,13.41,0.0658,13.96,2.353,0.0507,336.84,0.3007,-9.72,5,5
491817,13.92,0.0678,14.56,2.327,0.0059,263.26,0.3416,-8.12,4,5
491834,14.42,0.074,15.37,2.406,0.0458,369.63,0.1306,-13.6,4,5
491868,14.52,0.0811,16.83,2.407,0.037,378.35,0.0721,-14.98,4,5
491875,13.75,0.0657,13.57,2.419,0.0978,357.49,0.1649,-14.73,4,50
491882,14.88,0.0299,6.05,2.47,0.1332,348.42,0.1236,-14.44,4,5
491937,14.16,0.0908,19.0,2.387,0.0482,377.28,0.1277,-16.83,4,5
491959,14.54,0.063,13.11,2.402,0.0392,359.21,0.1837,-11.08,4,5
491994,14.49,0.1506,33.35,2.255,0.0572,360.99,0.0337,-36.21,4,50
492242,13.47,0.0439,8.98,2.439,0.0973,353.43,0.1517,-12.11,5,50
492333,14.25,0.0293,6.02,2.43,0.0272,356.19,0.1481,-7.96,4,5
492334,14.24,0.0642,13.52,2.372,0.0216,347.4,0.257,-9.6,4,5
492336,14.36,0.0164,3.32,2.461,0.0735,359.0,0.0464,-9.81,4,5
492374,14.45,0.1491,33.24,2.241,0.0271,4.25,0.1469,-32.34,4,50
493447,13.35,0.0496,11.4,2.172,0.0502,209.77,0.5746,0.37,5,50
493472,14.31,0.0561,11.74,2.388,0.0842,340.59,0.2598,-11.0,4,5
493511,13.8,0.0411,8.79,2.334,0.0987,308.79,0.3794,-7.5,4,5
493526,14.45,0.0662,13.63,2.426,0.0422,373.09,0.0439,-12.88,4,5
493531,13.88,0.0861,17.96,2.393,0.0463,374.98,0.1288,-15.77,4,5
493532,13.79,0.0546,11.49,2.372,0.0198,341.35,0.275,-8.05,4,5
493533,14.62,0.066,13.58,2.429,0.0701,368.61,0.0852,-13.92,4,5
493534,14.42,0.0954,20.02,2.38,0.0492,379.28,0.1296,-17.82,4,5
493535,14.63,0.0848,17.62,2.404,0.0614,376.64,0.0933,-16.58,4,5
494655,13.63,0.0219,4.91,2.226,0.048,209.05,0.5269,0.63,4,50
494961,14.54,0.1284,27.77,2.309,0.0165,399.91,0.1386,-25.26,4,5
495037,14.45,0.0604,12.58,2.398,0.0183,357.35,0.1959,-10.09,4,5
495194,14.35,0.0844,17.58,2.396,0.0482,374.48,0.125,-15.56,4,5
496031,14.13,0.0912,19.09,2.386,0.0555,326.66,0.1276,-17.08,4,50
496073,14.02,0.0395,8.22,2.397,0.0516,342.45,0.2468,-7.93,4,5
496075,13.91,0.0168,3.45,2.423,0.0543,346.65,0.2016,-7.45,4,5
496166,14.08,0.0488,10.06,2.427,0.1433,336.05,0.2313,-15.59,4,5
496168,14.39,0.1509,33.58,2.246,0.0092,414.57,0.0848,-33.85,4,5
496293,13.5,0.0552,12.55,2.195,0.045,258.84,0.5442,-1.29,4,5
496300,14.64,0.075,15.58,2.405,0.0423,370.5,0.1282,-13.66,4,5
496302,14.34,0.0664,13.77,2.406,0.0359,364.36,0.1555,-11.82,4,5
496419,14.45,0.0864,18.0,2.396,0.0558,374.99,0.1232,-16.32,4,5
496604,14.14,0.0339,7.04,2.408,0.1217,330.19,0.2702,-11.27,4,5
496618,14.55,0.0941,19.64,2.393,0.0391,386.41,0.0428,-17.75,4,5
498536,14.46,0.0317,6.5,2.437,0.0679,353.92,0.1509,-9.49,5,5
498616,14.52,0.0614,12.65,2.422,0.0843,358.61,0.1566,-13.42,4,5
498691,14.61,0.0718,14.85,2.415,0.0598,369.52,0.1125,-14.05,4,5
499113,14.38,0.0483,10.11,2.387,0.0897,335.11,0.2763,-10.11,5,5
499227,14.38,0.0663,14.13,2.343,0.07,328.62,0.3231,-9.98,4,50
499231,14.13,0.0539,10.88,2.468,0.2071,327.96,0.1805,-24.85,4,50
500784,14.76,0.1372,29.8,2.3,0.057,358.11,0.0705,-30.57,4,50
502893,13.97,0.074,15.45,2.393,0.0135,366.32,0.1677,-12.36,4,5
503014,14.06,0.0294,6.02,2.441,0.0146,361.85,0.0868,-8.32,4,5
503262,14.42,0.0956,19.83,2.409,0.1457,362.43,0.1378,-25.66,4,50
507178,13.53,0.0514,11.36,2.259,0.0434,194.45,0.4688,-3.13,5,50
507220,14.39,0.0131,2.67,2.453,0.0837,353.07,0.1235,-9.75,4,5
507307,14.18,0.1178,25.37,2.321,0.0523,324.26,0.1949,-22.42,5,50
507354,14.47,0.0993,20.87,2.375,0.0514,381.39,0.127,-18.81,4,5
507370,14.24,0.0847,17.64,2.396,0.0499,374.56,0.1244,-15.71,4,5
507834,14.04,0.0927,19.51,2.373,0.0532,371.2,0.1746,-16.84,4,5
508854,14.49,0.0759,15.78,2.403,0.0483,369.55,0.1363,-13.95,4,5
508976,13.53,0.1156,24.74,2.332,0.0291,4.25,0.1596,-21.32,5,50
509140,13.91,0.0181,3.67,2.148,0.2009,280.25,0.4217,-14.39,5,50
509144,14.05,0.035,7.37,2.372,0.0829,325.48,0.3154,-7.63,5,5
509409,13.19,0.1225,28.19,2.171,0.0459,242.52,0.4556,-16.29,5,50
509634,14.37,0.047,9.78,2.4,0.1051,336.09,0.261,-11.34,5,5
509697,14.54,0.035,7.13,2.449,0.0733,359.4,0.0907,-10.59,4,5
509925,13.29,0.0771,17.42,2.211,0.0379,145.86,0.4998,-5.26,5,50
510063,14.44,0.0385,8.13,2.368,0.0773,325.89,0.3179,-7.55,5,5
510078,13.64,0.1419,32.13,2.209,0.0277,4.25,0.3058,-26.34,5,50
510140,14.3,0.0891,18.65,2.385,0.0179,378.03,0.1273,-15.54,4,5
510289,13.98,0.0293,6.04,2.417,0.0929,339.68,0.2338,-9.51,5,5
510500,14.01,0.064,13.43,2.379,0.0705,344.17,0.2581,-11.27,4,5
510503,13.23,0.1144,25.24,2.264,0.0552,338.52,0.3394,-18.6,5,5
510505,14.67,0.0791,16.33,2.417,0.1173,360.22,0.154,-19.13,4,5
510508,13.9,0.0809,16.9,2.391,0.0853,360.6,0.1899,-15.93,4,50
510515,14.14,0.0589,12.26,2.4,0.0423,355.42,0.1994,-10.42,4,5
510519,14.33,0.1058,22.35,2.364,0.054,322.59,0.1257,-20.32,4,50
510520,14.51,0.094,19.66,2.387,0.025,384.81,0.0808,-17.07,4,5
510546,14.3,0.0717,14.86,2.409,0.0218,371.87,0.1107,-12.74,4,5
510564,14.26,0.1012,21.4,2.364,0.0534,319.43,0.1594,-18.68,5,50
510567,13.65,0.0589,12.28,2.395,0.0891,343.99,0.2427,-12.0,5,5
510568,13.91,0.1129,24.58,2.294,0.032,357.75,0.2825,-18.68,5,5
510573,14.21,0.096,20.41,2.349,0.0219,366.46,0.2193,-15.75,5,5
510591,14.43,0.0815,16.96,2.399,0.0834,365.06,0.1621,-16.61,5,5
510608,13.86,0.0691,14.31,2.412,0.0532,366.76,0.1344,-13.09,5,5
510619,14.04,0.127,27.44,2.314,0.0419,235.22,0.1448,-25.19,5,50
510625,14.49,0.0565,11.67,2.416,0.0678,356.49,0.1745,-11.54,5,5
510632,14.8,0.0655,13.55,2.415,0.0326,368.32,0.1189,-12.0,5,5
510736,13.81,0.094,20.27,2.316,0.0464,342.88,0.3085,-14.21,5,5
510793,13.87,0.0785,16.38,2.393,0.0493,366.84,0.1649,-14.08,4,5
510904,13.79,0.0883,19.11,2.308,0.0226,335.03,0.3349,-11.78,4,5
511045,14.6,0.1465,32.43,2.258,0.0465,288.47,0.13,-32.66,5,50
511056,14.08,0.1108,23.42,2.362,0.0518,315.08,0.0748,-21.96,5,50
511099,14.67,0.1482,32.72,2.262,0.0167,427.92,0.0247,-33.24,5,5
511393,13.99,0.0445,9.65,2.301,0.0697,300.51,0.4191,-5.09,4,5
511525,14.31,0.0736,16.99,2.162,0.033,249.81,0.5637,-2.49,5,5
511533,13.71,0.0964,21.79,2.21,0.0514,257.65,0.4699,-9.96,5,50
511534,13.8,0.0804,18.01,2.229,0.0283,287.33,0.4726,-6.59,5,5
511564,13.87,0.109,23.86,2.282,0.0692,337.14,0.3304,-17.86,5,50
511568,13.99,0.0892,19.25,2.315,0.0213,339.77,0.3192,-12.31,5,5
511570,13.1,0.0579,12.02,2.406,0.0775,350.83,0.2091,-11.75,5,5
511576,14.29,0.109,23.43,2.324,0.0316,29.15,0.2277,-18.47,5,50
511582,13.78,0.0863,18.54,2.326,0.0788,334.85,0.3188,-14.11,5,5
511688,13.76,0.0466,10.41,2.236,0.0379,129.27,0.5009,-1.57,5,50
512246,13.51,0.0894,20.26,2.204,0.0264,280.59,0.4901,-7.48,5,5
512282,13.77,0.0707,15.94,2.215,0.0448,204.97,0.505,-4.18,4,50
512933,13.05,0.1017,22.94,2.213,0.0472,241.72,0.4515,-11.69,5,50
512936,13.5,0.1103,25.23,2.182,0.0486,246.59,0.4743,-12.76,5,50
512938,13.59,0.1064,23.54,2.258,0.0383,326.47,0.3728,-14.96,5,5
512939,13.37,0.042,8.96,2.338,0.0759,314.69,0.3658,-6.61,5,5
512944,13.51,0.0793,17.83,2.221,0.0315,282.45,0.4848,-6.07,5,5
512945,13.41,0.0544,12.2,2.229,0.071,271.5,0.5072,-3.2,5,50
512946,13.71,0.0479,10.53,2.273,0.0676,289.72,0.4546,-4.28,5,5
512947,13.89,0.0528,11.75,2.243,0.0404,164.02,0.4858,-2.7,5,50
512950,13.23,0.1037,23.56,2.198,0.0544,268.31,0.468,-11.77,5,50
513164,13.88,0.0681,14.05,2.421,0.0594,369.12,0.1019,-13.55,5,5
513251,14.47,0.1414,30.88,2.286,0.0401,218.61,0.0451,-31.09,5,50
513253,13.75,0.0182,3.97,2.293,0.0912,288.73,0.4479,-3.67,5,5
513387,14.17,0.0264,5.4,2.443,0.1553,330.56,0.2328,-14.69,5,5
513394,14.36,0.0188,3.9,2.413,0.1464,322.75,0.2826,-12.29,5,5
513395,14.38,0.0718,15.34,2.339,0.098,325.93,0.3323,-12.27,5,50
513398,14.25,0.0911,19.73,2.309,0.0988,326.64,0.343,-15.53,5,50
513401,13.83,0.0489,10.82,2.258,0.0821,282.13,0.4738,-4.48,5,5
513403,13.61,0.0705,14.97,2.354,0.0865,333.88,0.3042,-12.2,5,5
513500,13.76,0.0802,17.33,2.312,0.0907,320.98,0.3583,-12.76,5,5
513561,13.84,0.088,18.42,2.388,0.0326,376.59,0.1303,-15.65,5,5
513633,13.63,0.0366,8.45,2.166,0.0144,241.96,0.5896,2.43,5,5
513634,13.97,0.032,6.69,2.388,0.016,339.3,0.2651,-6.2,5,5
513640,14.16,0.0347,7.34,2.361,0.059,324.31,0.3288,-6.16,5,5
513734,13.99,0.0547,11.38,2.4,0.0592,350.21,0.2176,-10.26,5,5
513891,14.08,0.0779,16.34,2.379,0.0201,362.49,0.2007,-12.61,5,5
514062,14.26,0.1261,27.26,2.311,0.0315,37.17,0.1503,-24.51,5,50
514078,14.04,0.0437,9.72,2.247,0.0327,14.07,0.4899,-1.47,5,50
514079,13.83,0.0525,11.06,2.37,0.0477,336.82,0.2889,-8.22,5,5
514082,14.27,0.0933,19.54,2.384,0.0517,304.71,0.1251,-17.27,5,50
514083,14.05,0.0797,16.62,2.394,0.0369,370.15,0.1499,-14.02,5,5
514084,14.3,0.1076,22.82,2.355,0.0172,387.94,0.13,-19.64,5,5
514089,13.99,0.0619,12.9,2.395,0.1034,342.5,0.245,-13.41,5,5
514095,13.59,0.0632,14.84,2.126,0.0299,4.25,0.6145,1.01,5,50
514097,14.13,0.0607,12.53,2.418,0.0108,367.55,0.1113,-11.04,5,5
514098,13.63,0.048,9.9,2.423,0.0747,353.65,0.1749,-10.96,5,5
514099,14.36,0.0351,7.13,2.46,0.0849,361.14,0.0233,-11.6,5,5
514308,13.88,0.0926,20.64,2.241,0.0778,298.55,0.4356,-11.72,5,50
514309,14.09,0.0824,17.15,2.397,0.0372,374.71,0.1212,-14.82,5,5
514310,14.29,0.0288,5.85,2.462,0.1509,338.94,0.1821,-15.34,5,5
514535,13.62,0.059,13.08,2.251,0.0306,286.82,0.4712,-3.76,5,5
514536,13.85,0.0677,14.46,2.338,0.0883,324.82,0.337,-11.07,5,5
514540,13.47,0.0496,11.66,2.126,0.0566,206.92,0.6228,2.08,5,50
514541,14.48,0.0158,2.45,0.637,0.1966,330.26,0.1685,-20.4,5,5
514542,14.04,0.0606,13.55,2.234,0.0431,192.83,0.4924,-3.42,5,50
514543,13.57,0.0772,17.44,2.21,0.0291,276.11,0.5012,-5.18,5,5
514544,14.21,0.0435,8.95,2.431,0.0707,355.66,0.1534,-10.58,5,5
514587,14.32,0.0581,11.97,2.422,0.051,363.57,0.1307,-11.51,5,5
514616,13.61,0.0622,13.63,2.28,0.0428,301.0,0.4282,-5.73,5,5
514692,13.85,0.0378,8.42,2.239,0.0705,271.41,0.5053,-1.78,5,50
514696,14.1,0.0331,6.81,2.429,0.0418,355.48,0.1548,-8.5,5,5
514762,13.69,0.0766,17.17,2.229,0.0272,285.2,0.4781,-5.8,5,5
514771,14.1,0.0594,13.27,2.234,0.0634,277.07,0.4932,-4.1,5,5
514772,14.41,0.0011,1.2,0.256,0.1254,327.46,0.2712,-10.23,5,5
514778,13.96,0.0391,8.49,2.299,0.1036,293.36,0.431,-6.17,5,5
514869,14.06,0.0844,17.68,2.386,0.0927,359.36,0.1991,-17.01,5,50
514871,14.24,0.0834,17.63,2.362,0.0322,21.96,0.2286,-13.16,5,50
514875,14.35,0.0394,7.95,2.475,0.1355,352.51,0.0847,-15.84,5,5
514882,14.28,0.0287,5.93,2.42,0.1274,331.81,0.2538,-11.72,5,5
514997,14.42,0.0533,11.21,2.373,0.0882,331.95,0.2963,-10.13,5,5
515155,14.05,0.1016,21.48,2.364,0.0952,367.03,0.1924,-21.43,5,50
515442,14.24,0.0662,13.85,2.388,0.055,352.73,0.2233,-11.49,5,5
515445,14.28,0.0291,6.01,2.415,0.0466,347.57,0.2078,-7.67,5,5
515447,13.93,0.1038,22.47,2.306,0.0533,348.67,0.2973,-17.0,5,5
515448,13.51,0.1215,26.49,2.289,0.0603,345.41,0.2574,-22.79,5,50
515449,13.81,0.0706,15.28,2.309,0.0576,318.08,0.3732,-8.93,5,5
515450,13.94,0.0632,13.52,2.335,0.0816,321.77,0.3482,-9.74,5,5
515455,14.35,0.0281,5.69,2.465,0.1072,354.53,0.09,-12.35,5,5
515717,14.3,0.0507,10.32,2.452,0.1213,353.9,0.1273,-15.3,5,5
515721,14.41,0.0697,14.33,2.429,0.1199,357.75,0.1471,-17.5,5,50
515726,14.03,0.0599,13.27,2.253,0.0511,286.99,0.4679,-4.51,5,5
515727,14.17,0.0542,11.1,2.437,0.0748,363.05,0.1016,-12.47,5,5
515728,13.73,0.032,7.12,2.249,0.0407,158.69,0.4946,-0.69,5,50
515730,14.41,0.0389,8.17,2.38,0.093,327.79,0.302,-8.84,5,5
515738,14.02,0.1222,27.2,2.248,0.0717,336.81,0.3438,-21.09,5,50
516152,13.64,0.0447,9.29,2.4,0.1222,330.65,0.2751,-12.2,5,5
516343,14.04,0.0481,10.77,2.229,0.0298,272.87,0.5086,-1.42,5,5
516347,13.73,0.1139,26.06,2.182,0.0283,290.95,0.4643,-13.51,5,5
516354,14.16,0.023,4.66,2.463,0.1183,349.01,0.1321,-12.55,5,5
516371,13.62,0.0928,20.03,2.312,0.025,342.0,0.3146,-13.18,5,5
516375,13.84,0.011,2.26,2.181,0.1292,330.79,0.2508,-11.13,5,5
516386,13.27,0.0979,21.56,2.268,0.0281,323.0,0.3795,-12.61,5,5
516419,14.29,0.0271,5.67,2.387,0.1268,318.91,0.3176,-10.25,5,5
516517,13.49,0.0327,6.88,2.376,0.1198,318.24,0.3279,-9.69,5,5
516604,13.96,0.064,13.82,2.312,0.0564,315.57,0.3788,-7.81,5,5
517574,14.5,0.006,1.3,0.867,0.1163,354.11,0.0262,-12.57,5,5
517592,13.78,0.0615,13.6,2.256,0.0272,290.43,0.4615,-4.28,5,5
517595,14.27,0.0482,9.89,2.433,0.072,358.57,0.1358,-11.3,5,5
517619,14.38,0.0607,12.68,2.39,0.1089,337.92,0.2632,-13.3,5,5
518333,13.28,0.0341,7.42,2.296,0.049,236.11,0.4296,-2.99,5,50
518360,14.45,0.0914,20.76,2.197,0.043,277.53,0.4953,-8.07,5,5
523904,13.66,0.0731,16.29,2.24,0.0638,282.75,0.4686,-6.67,5,50
524291,14.58,0.0219,4.46,2.451,0.0932,351.43,0.1386,-10.53,5,5
526316,14.12,0.0615,13.32,2.305,0.02,314.01,0.3887,-6.24,5,5
526374,14.69,0.0447,9.16,2.435,0.1092,347.86,0.1831,-12.84,5,5
526853,13.75,0.0864,19.31,2.233,0.0416,198.64,0.4568,-8.26,5,50
526872,14.53,0.0338,7.59,2.225,0.0938,263.53,0.5239,-2.03,5,50
526900,14.15,0.1221,28.13,2.168,0.039,192.33,0.4604,-15.78,5,50
528014,14.18,0.153,34.57,2.21,0.0276,4.25,0.2002,-33.06,5,50
528086,14.29,0.0389,8.86,2.191,0.0958,249.51,0.5586,-1.39,5,5
528088,14.47,0.0297,6.21,2.39,0.0603,335.07,0.2755,-7.03,5,5
528110,14.03,0.0456,9.8,2.324,0.0457,313.65,0.379,-5.36,5,5
528114,14.26,0.0838,17.51,2.391,0.094,360.57,0.1894,-17.16,5,50
528148,14.61,0.0754,15.69,2.401,0.0726,359.9,0.1666,-14.48,5,50
528163,13.61,0.0666,14.14,2.353,0.0444,337.95,0.2985,-9.66,5,5
528210,14.22,0.1027,22.03,2.329,0.0286,363.71,0.244,-16.94,5,5
528215,14.22,0.1199,27.51,2.177,0.0459,243.77,0.4547,-15.67,5,50
528220,14.12,0.0446,9.19,2.425,0.0853,350.24,0.1866,-11.07,5,5
530539,14.87,0.0569,11.79,2.41,0.0536,357.03,0.1799,-10.87,5,5
530553,14.52,0.0614,12.74,2.408,0.0525,359.12,0.175,-11.47,5,5
531327,14.67,0.0638,13.15,2.422,0.0601,334.79,0.1133,-12.61,5,50
531332,14.92,0.0318,6.62,2.396,0.0421,340.57,0.2535,-6.93,5,5
531368,14.39,0.0188,3.78,2.479,0.1191,353.97,0.0453,-13.09,5,5
531372,13.88,0.0103,2.23,2.3,0.0419,299.55,0.4212,-2.18,5,5
531469,14.55,0.0923,21.13,2.181,0.1062,264.77,0.5077,-11.39,5,50
531505,14.28,0.0563,11.75,2.394,0.0128,353.05,0.216,-9.22,5,5
531538,14.03,0.0537,11.99,2.234,0.0312,4.25,0.4965,-2.08,5,50
531555,14.49,0.0507,10.49,2.411,0.0399,355.51,0.1846,-9.6,5,5
531566,14.28,0.0892,19.9,2.237,0.0287,4.25,0.4447,-8.7,5,50
531582,14.14,0.0721,16.33,2.204,0.0332,270.25,0.5157,-4.03,5,5
531721,14.32,0.1225,26.36,2.321,0.0337,80.71,0.1503,-23.36,5,50
532361,14.11,0.0809,16.83,2.402,0.0959,362.95,0.1668,-17.22,5,50
532484,14.64,0.0661,13.63,2.422,0.0109,373.59,0.0478,-12.17,5,5
532537,14.3,0.0563,11.69,2.405,0.0483,354.96,0.1952,-10.36,5,5
532615,14.14,0.0304,6.22,2.439,0.0567,356.62,0.1309,-9.11,5,5
532634,14.91,0.0324,6.59,2.453,0.0637,361.87,0.0498,-10.14,5,5
532745,14.46,0.0578,11.81,2.442,0.1044,359.12,0.1185,-14.85,5,5
534373,13.76,0.1272,29.12,2.181,0.041,219.44,0.4237,-18.56,5,50
534792,14.55,0.066,13.13,2.51,0.2219,341.09,0.036,-32.5,5,50
534977,13.68,0.0647,14.02,2.304,0.0244,315.33,0.3854,-6.8,5,5
535033,13.52,0.0129,2.78,2.316,0.0522,256.8,0.4102,-2.67,5,50
535147,14.45,0.0478,9.73,2.452,0.1241,352.04,0.1381,-14.92,5,50
535166,13.84,0.101,21.79,2.314,0.0685,346.79,0.2951,-17.2,5,5
535308,13.75,0.0564,12.53,2.25,0.0405,168.99,0.4755,-3.35,5,50
535434,13.98,0.0626,13.49,2.319,0.0681,316.79,0.3707,-8.35,5,5
539796,13.36,0.0604,12.71,2.373,0.034,344.3,0.2651,-9.22,5,5
539803,13.72,0.0776,17.34,2.238,0.0879,284.33,0.4689,-8.3,5,50
539815,13.69,0.0598,12.94,2.308,0.0938,306.13,0.3977,-8.71,5,5
539828,14.3,0.0427,8.78,2.428,0.0645,355.1,0.161,-10.08,5,5
539829,14.05,0.0754,15.56,2.419,0.0965,366.21,0.1235,-16.78,5,50
539830,13.74,0.058,12.36,2.343,0.0462,327.83,0.332,-7.86,5,5
542169,13.65,0.0994,20.92,2.373,0.0447,381.87,0.1283,-18.52,4,5
542187,13.61,0.0509,10.45,2.433,0.115,348.29,0.1837,-14.0,4,5
542195,13.93,0.0955,19.91,2.396,0.0573,386.44,0.0192,-18.98,4,5
542206,13.45,0.0784,16.79,2.333,0.0284,338.61,0.3113,-10.72,4,5
542207,14.02,0.0422,8.66,2.436,0.0263,364.03,0.0887,-9.44,4,5
542209,13.28,0.034,7.4,2.297,0.036,96.05,0.4279,-2.65,4,50
542246,13.82,0.0353,7.29,2.416,0.0261,352.25,0.1882,-7.83,4,5
542261,14.28,0.1001,20.79,2.41,0.1459,365.85,0.1257,-28.64,4,50
542262,13.95,0.0804,16.72,2.402,0.0593,337.81,0.1269,-15.05,4,50
542263,13.64,0.0566,11.64,2.429,0.0201,369.91,0.0612,-10.99,4,5
542264,14.16,0.1163,24.78,2.346,0.0673,378.35,0.1309,-23.87,4,50
542265,14.11,0.0568,11.62,2.441,0.0804,365.18,0.0738,-13.35,4,5
542275,13.94,0.097,20.37,2.377,0.043,380.75,0.1282,-17.91,4,5
542276,12.95,0.0248,5.26,2.354,0.0783,316.12,0.3531,-5.85,4,5
542316,14.3,0.0337,6.87,2.451,0.0684,360.55,0.075,-10.34,4,5
542323,14.34,0.1041,21.96,2.367,0.0575,338.78,0.1277,-20.01,4,50
542325,13.88,0.0806,16.86,2.386,0.043,366.39,0.1766,-14.04,4,5
542346,13.75,0.0519,10.84,2.39,0.0698,342.36,0.253,-9.82,4,5
542350,13.82,0.0802,16.58,2.415,0.0628,376.66,0.0596,-16.01,4,5
542352,14.12,0.038,7.83,2.426,0.0298,357.19,0.1525,-8.58,4,5
542378,14.35,0.0695,14.3,2.426,0.1125,358.04,0.151,-16.94,4,5
542399,14.12,0.074,15.36,2.407,0.0488,369.53,0.1296,-13.74,4,5
542789,13.9,0.1096,23.37,2.341,0.0519,313.62,0.1835,-20.39,4,50
543396,14.22,0.0377,7.71,2.443,0.037,364.24,0.0588,-9.5,4,5
543397,14.19,0.0968,20.36,2.374,0.0171,381.72,0.1301,-17.1,4,5
545457,14.24,0.0164,3.47,2.364,0.119,311.08,0.3543,-8.06,5,5
545479,13.81,0.0661,13.77,2.395,0.1233,340.39,0.2485,-15.55,5,50
545489,13.9,0.0926,19.84,2.33,0.0614,346.57,0.2884,-15.09,5,5
545494,13.61,0.0592,12.39,2.387,0.031,350.43,0.2327,-9.6,5,5
545501,13.29,0.0639,13.42,2.378,0.0816,341.99,0.2644,-11.53,5,50
545503,14.14,0.1454,32.01,2.269,0.0542,343.88,0.0905,-33.36,5,50
545505,14.17,0.0105,2.27,2.316,0.0475,227.37,0.4084,-2.5,5,50
545507,14.11,0.0322,6.6,2.435,0.0924,348.41,0.1801,-10.37,5,50
545508,13.91,0.0745,16.02,2.321,0.0615,326.13,0.3468,-10.37,5,5
545517,14.7,0.0799,16.66,2.395,0.0597,333.47,0.1594,-14.68,5,50
545520,14.15,0.0292,6.0,2.428,0.0607,350.68,0.1795,-8.63,5,5
545522,14.71,0.0584,13.04,2.236,0.0397,155.08,0.4906,-3.13,5,50
545526,13.98,0.0478,10.09,2.365,0.0823,327.25,0.3156,-8.74,5,5
545527,14.8,0.0817,17.37,2.35,0.039,349.12,0.2702,-12.47,5,5
545528,14.41,0.071,15.43,2.299,0.0491,314.6,0.3873,-8.27,5,5
545529,14.72,0.0206,4.45,2.31,0.0458,214.57,0.4166,-2.54,5,50
545533,14.22,0.0457,9.54,2.389,0.0429,342.78,0.2538,-8.06,5,5
545535,13.52,0.1264,29.22,2.159,0.0313,63.13,0.4585,-16.73,5,50
545538,14.14,0.0528,11.65,2.265,0.0385,143.91,0.4583,-3.45,5,50
545539,14.35,0.0149,3.2,2.321,0.0547,269.76,0.4033,-2.99,5,50
545544,14.61,0.0387,8.15,2.372,0.0262,333.9,0.2954,-6.24,5,5
545551,14.22,0.035,7.11,2.462,0.1504,341.27,0.1724,-15.76,5,50
545552,13.57,0.0588,12.32,2.386,0.0905,339.84,0.2633,-11.68,5,5
545562,14.61,0.0522,10.74,2.426,0.1046,349.47,0.188,-13.22,5,5
545564,13.63,0.0682,14.1,2.414,0.032,370.12,0.1106,-12.44,5,5
545578,14.02,0.0708,14.77,2.393,0.0868,351.83,0.2189,-14.04,5,5
545579,14.48,0.0548,11.05,2.476,0.1595,351.21,0.0918,-20.18,5,50
545580,14.23,0.024,4.99,2.401,0.0955,331.34,0.2758,-8.56,5,5
545581,14.09,0.0546,11.89,2.294,0.0462,303.93,0.4159,-5.3,5,5
545587,14.64,0.0662,13.66,2.42,0.021,372.52,0.0748,-12.18,5,5
545588,14.43,0.028,6.5,2.148,0.0561,214.05,0.6115,3.09,5,50
545598,14.49,0.1302,28.17,2.308,0.0338,90.76,0.1161,-26.27,5,50
545606,13.98,0.0964,20.38,2.363,0.0302,4.6,0.1716,-16.5,5,50
545609,14.54,0.1415,31.12,2.271,0.0434,259.88,0.1413,-30.46,5,50
545634,14.51,0.0992,20.77,2.385,0.0502,299.79,0.0545,-19.06,5,50
545742,13.94,0.1057,23.97,2.201,0.0398,292.42,0.4598,-12.11,5,5
545972,14.24,0.107,24.34,2.196,0.0201,291.5,0.4643,-11.74,5,5
546195,14.73,0.0784,16.29,2.405,0.089,364.12,0.1572,-16.25,4,50
546218,14.71,0.0608,12.78,2.378,0.0711,341.71,0.2661,-10.72,4,5
546242,13.77,0.1021,21.62,2.358,0.0466,271.89,0.1621,-18.84,4,50
546256,13.34,0.0575,12.7,2.26,0.0432,289.67,0.4612,-4.2,4,5
546263,14.13,0.1043,22.17,2.349,0.0353,376.44,0.185,-18.55,4,5
546273,14.19,0.037,7.45,2.482,0.1557,346.42,0.1126,-17.51,4,5
546274,14.17,0.0543,11.58,2.342,0.0407,326.1,0.3374,-7.13,4,5
546275,13.1,0.0565,11.87,2.377,0.0619,340.46,0.271,-9.62,4,5
546286,13.98,0.0383,7.91,2.416,0.0179,353.97,0.1814,-8.03,4,5
546289,14.32,0.0409,8.45,2.417,0.0089,348.43,0.1746,-8.24,4,5
546304,14.6,0.109,23.09,2.358,0.0288,4.25,0.0982,-20.2,4,50
546313,14.54,0.0564,11.65,2.419,0.0797,355.41,0.174,-12.23,4,5
546314,14.2,0.1226,26.65,2.297,0.0458,274.16,0.2264,-22.92,4,50
546348,14.13,0.0539,11.06,2.434,0.129,346.11,0.1888,-15.57,4,5
546354,14.31,0.0345,7.06,2.441,0.0491,360.19,0.104,-9.35,4,5
546358,14.39,0.0585,11.92,2.451,0.1017,364.21,0.051,-15.24,4,5
546365,14.39,0.1103,23.64,2.329,0.0374,173.88,0.2095,-19.45,4,50
546387,14.21,0.0571,11.73,2.43,0.073,362.12,0.1239,-12.52,4,5
546396,14.13,0.07,14.66,2.385,0.0305,357.34,0.2121,-11.4,4,5
546406,14.42,0.0412,8.42,2.444,0.0696,360.69,0.0954,-10.88,4,5
546419,14.54,0.0914,19.14,2.386,0.0413,378.43,0.1244,-16.68,4,5
546443,14.46,0.0518,10.77,2.4,0.0886,342.29,0.2434,-11.08,4,5
546454,14.42,0.0824,17.17,2.396,0.0399,373.82,0.128,-14.85,4,5
546458,13.95,0.0092,2.0,2.278,0.0385,303.6,0.4075,-2.45,4,5
546460,14.64,0.0766,15.91,2.405,0.0515,370.6,0.1275,-14.3,4,5
546461,14.36,0.0669,13.77,2.426,0.0764,366.18,0.1015,-14.06,4,50
546467,13.64,0.053,11.15,2.375,0.0349,340.88,0.2732,-8.22,4,5
546468,14.24,0.0986,21.07,2.336,0.079,354.28,0.2595,-18.04,4,50
546490,13.75,0.0232,4.78,2.428,0.0847,344.5,0.2038,-9.17,4,5
546491,14.36,0.0712,14.99,2.373,0.0413,351.43,0.2432,-11.36,4,5
546493,13.7,0.0996,21.63,2.299,0.0434,340.37,0.3238,-14.91,4,5
546512,14.18,0.0361,7.32,2.464,0.1507,342.07,0.1647,-16.18,4,5
546525,14.31,0.1444,31.75,2.272,0.027,420.29,0.076,-31.78,4,5
546526,14.43,0.1099,23.21,2.366,0.0363,141.91,0.0231,-21.13,4,50
546527,13.84,0.095,20.24,2.343,0.0169,362.15,0.2382,-15.1,4,5
546543,13.94,0.054,11.31,2.382,0.0678,339.87,0.2688,-9.64,4,5
546573,14.27,0.0757,15.76,2.398,0.0495,366.62,0.1584,-13.7,4,5
546579,14.65,0.0971,20.35,2.384,0.0824,375.74,0.1362,-20.24,4,5
546585,13.81,0.0244,5.07,2.4,0.0307,341.51,0.2458,-6.36,4,5
546587,14.38,0.0253,5.2,2.431,0.0298,355.07,0.1522,-7.75,4,5
546588,14.46,0.0283,5.78,2.446,0.1078,347.82,0.1656,-11.4,4,50
546590,14.62,0.0954,20.02,2.381,0.0548,324.9,0.127,-17.89,4,50
546592,14.61,0.0966,20.3,2.378,0.0461,380.3,0.1284,-17.96,4,5
546593,14.2,0.0511,10.46,2.438,0.0777,360.84,0.1088,-11.99,4,50
546594,14.48,0.0937,19.6,2.387,0.0699,369.17,0.1286,-18.32,4,50
546618,14.36,0.1458,32.08,2.271,0.0154,425.89,0.0231,-32.26,4,5
546623,13.83,0.0146,2.99,2.436,0.0525,352.07,0.1591,-7.89,4,5
546627,14.07,0.0637,13.39,2.377,0.0771,342.06,0.2651,-11.47,4,5
546636,14.01,0.0303,6.22,2.431,0.0357,356.13,0.147,-8.23,4,5
546653,14.59,0.0408,8.39,2.429,0.0425,358.46,0.1407,-9.28,4,5
546654,14.25,0.0437,9.0,2.424,0.0796,350.67,0.1864,-10.63,4,5
546667,14.29,0.0616,12.69,2.425,0.1452,341.04,0.2147,-17.91,4,5
546668,14.08,0.0453,9.35,2.418,0.0982,344.58,0.2157,-11.53,4,5
546689,14.25,0.0679,14.11,2.402,0.031,363.9,0.1647,-11.78,4,5
546690,14.21,0.018,3.75,2.402,0.0956,330.95,0.2754,-8.3,4,5
546691,14.54,0.0681,14.37,2.365,0.041,345.41,0.2679,-10.4,4,5
546692,14.62,0.0083,1.7,2.435,0.0345,356.81,0.1166,-7.63,4,5
546693,13.95,0.0708,14.67,2.408,0.041,368.47,0.1321,-12.9,4,5
546715,13.36,0.1179,27.01,2.179,0.0078,273.56,0.4576,-14.38,4,5
546743,14.62,0.0758,15.85,2.388,0.0488,361.9,0.1912,-13.25,4,5
546752,14.37,0.0754,15.66,2.406,0.0454,370.56,0.1271,-13.84,4,5
546760,14.06,0.0881,18.4,2.391,0.0464,376.03,0.1274,-16.16,4,5
546777,14.57,0.0627,12.89,2.428,0.0443,370.72,0.0649,-12.37,4,5
546778,14.3,0.1216,26.3,2.309,0.0038,157.4,0.1937,-22.31,4,5
546779,14.41,0.0771,15.93,2.415,0.0892,366.54,0.1304,-16.58,4,5
546780,14.12,0.0405,8.33,2.428,0.0754,352.07,0.1741,-10.27,4,5
546781,13.6,0.0543,11.28,2.403,0.0161,356.01,0.1936,-9.36,4,5
546808,14.34,0.0697,14.54,2.395,0.2007,316.45,0.2892,-25.02,4,50
546818,14.14,0.1112,24.07,2.307,0.0195,363.69,0.2605,-18.42,4,5
546820,13.95,0.0494,10.36,2.382,0.0433,341.31,0.2654,-8.23,4,5
546825,14.53,0.054,11.18,2.412,0.0683,353.38,0.1917,-11.04,4,5
546826,14.82,0.0167,3.44,2.43,0.017,353.92,0.1571,-7.11,4,5
546827,14.54,0.1009,21.28,2.369,0.0325,33.98,0.123,-18.12,4,50
546829,14.36,0.0457,9.47,2.411,0.0313,353.9,0.1878,-8.79,4,5
546840,14.22,0.0879,18.75,2.342,0.0218,352.98,0.266,-13.25,4,5
547845,14.41,0.0786,16.34,2.402,0.0471,371.84,0.1266,-14.45,4,5
547884,14.05,0.0449,9.37,2.393,0.0397,344.43,0.245,-8.05,4,5
547888,14.23,0.0455,9.32,2.439,0.0508,363.88,0.085,-10.49,4,5
547957,14.35,0.0771,16.01,2.405,0.0537,370.35,0.13,-14.45,4,5
548819,14.42,0.116,25.66,2.258,0.0549,337.31,0.3441,-18.85,4,5
548831,14.23,0.0192,4.02,2.385,0.0202,334.43,0.2827,-5.26,4,5
549662,13.33,0.0412,9.64,2.136,0.0644,223.06,0.6175,2.26,5,50
549998,13.91,0.0508,10.49,2.416,0.0544,355.77,0.1767,-10.23,4,5
550015,14.72,0.0557,11.51,2.417,0.0971,349.56,0.1988,-12.95,4,5
550041,14.03,0.0134,2.77,2.41,0.0882,334.78,0.2569,-8.05,4,5
550064,13.87,0.1004,23.22,2.158,0.0151,263.7,0.5275,-8.01,4,5
550088,14.44,0.0466,10.72,2.169,0.0201,245.41,0.5802,1.28,4,5
550106,14.2,0.0978,22.42,2.179,0.0426,272.31,0.5067,-8.87,4,5
550600,14.62,0.1044,22.14,2.356,0.0335,381.64,0.1563,-19.0,5,5
550816,14.4,0.0315,6.47,2.433,0.0751,350.86,0.1714,-9.6,5,5
550916,13.19,0.108,24.66,2.187,0.0439,215.47,0.4741,-12.02,4,50
551215,14.87,0.1053,22.25,2.364,0.053,318.85,0.1268,-20.07,4,50
551218,14.34,0.0857,18.7,2.288,0.0428,320.72,0.3769,-10.73,4,5
551262,14.28,0.0963,20.81,2.312,0.0367,344.55,0.3073,-14.39,4,5
551276,14.61,0.1096,23.25,2.353,0.0471,385.78,0.1402,-20.97,4,5
551279,13.14,0.1165,25.68,2.266,0.0515,300.57,0.3272,-19.02,4,50
551301,14.02,0.0258,5.77,2.228,0.0473,206.67,0.5235,0.36,4,50
551302,14.1,0.0884,19.3,2.286,0.0118,323.92,0.3723,-10.66,4,5
551303,14.23,0.0363,7.4,2.449,0.0986,353.14,0.1361,-11.87,4,5
551304,13.29,0.0493,10.18,2.42,0.0215,360.64,0.1473,-9.5,4,5
551320,14.12,0.0882,18.94,2.326,0.0436,342.58,0.3038,-13.08,4,5
551321,14.31,0.0825,17.37,2.372,0.0661,348.28,0.2239,-14.47,4,50
551322,14.02,0.1098,23.55,2.328,0.0145,375.03,0.211,-18.95,4,5
551332,13.87,0.0275,6.16,2.227,0.0479,210.36,0.5238,0.28,4,50
551340,14.33,0.0821,17.1,2.397,0.0447,373.3,0.1289,-14.97,4,5
551406,14.41,0.1215,26.17,2.318,0.0351,128.02,0.1654,-23.13,4,50
551417,14.69,0.0646,13.15,2.454,0.1324,358.8,0.093,-18.75,4,5
551898,14.47,0.155,34.63,2.235,0.0389,196.15,0.0147,-36.73,5,50
552046,14.39,0.1132,23.94,2.36,0.0411,219.55,0.0113,-22.33,5,50
552117,13.67,0.0767,16.0,2.393,0.0941,354.75,0.2079,-15.77,5,5
552122,13.96,0.0859,17.72,2.425,0.1513,355.32,0.1546,-24.35,5,50
552127,14.09,0.0659,14.52,2.267,0.035,297.31,0.4416,-5.6,5,5
552177,13.61,0.1202,25.78,2.33,0.0691,379.59,0.1634,-24.63,5,50
552226,14.3,0.0374,8.27,2.257,0.0595,269.03,0.4816,-2.07,5,50
552354,14.82,0.0308,6.25,2.463,0.1131,352.62,0.111,-12.83,5,5
553392,14.27,0.0253,5.2,2.427,0.1155,336.81,0.2319,-10.94,5,5
553393,14.56,0.1177,25.29,2.323,0.055,333.59,0.1838,-23.07,5,50
553402,14.27,0.0981,20.8,2.355,0.0369,154.93,0.1916,-16.89,5,50
553408,14.43,0.0649,13.41,2.418,0.0354,368.86,0.1093,-12.08,5,5
553421,14.58,0.1048,23.65,2.213,0.0468,242.99,0.4461,-12.38,5,50
553424,14.67,0.0313,6.38,2.448,0.0902,353.51,0.1336,-10.94,5,5
553428,13.43,0.1203,26.89,2.232,0.0364,169.1,0.3645,-18.72,5,50
553435,14.77,0.0833,18.03,2.308,0.0463,328.39,0.3495,-11.16,5,5
553437,13.0,0.0467,9.66,2.418,0.072,351.18,0.1925,-10.42,5,5
553813,13.9,0.0298,6.37,2.334,0.1397,297.72,0.398,-9.26,4,5
554123,14.37,0.0715,15.91,2.242,0.0389,162.15,0.4666,-5.54,5,50
554166,13.81,0.0632,13.43,2.351,0.0347,335.74,0.3065,-8.74,5,5
554167,14.15,0.089,18.97,2.344,0.0194,355.09,0.2589,-13.55,5,5
554176,13.06,0.0831,18.14,2.288,0.0951,310.91,0.3905,-12.67,5,5
554191,14.6,0.1114,23.74,2.345,0.0318,31.63,0.147,-20.34,5,50
554194,14.53,0.0706,14.58,2.419,0.0548,371.16,0.0923,-13.77,5,5
554207,13.7,0.0855,19.34,2.206,0.0398,169.34,0.4932,-6.85,5,50
554228,13.26,0.0804,17.94,2.238,0.0446,217.38,0.4598,-7.29,5,50
554234,14.04,0.0194,4.19,2.307,0.0784,296.47,0.4258,-3.7,5,5
554281,14.28,0.0402,8.22,2.444,0.0654,360.87,0.0948,-10.58,5,5
554292,14.33,0.0535,12.18,2.195,0.0497,218.21,0.5467,-0.93,5,50
554630,14.78,0.1396,30.43,2.292,0.0169,420.51,0.0199,-29.97,5,5
554839,14.24,0.0802,16.68,2.401,0.0488,372.66,0.1243,-14.84,4,5
554895,14.64,0.0823,17.11,2.401,0.0433,375.93,0.1053,-15.18,4,5
554903,14.73,0.0988,20.7,2.385,0.0213,390.9,0.0107,-18.34,4,5
555034,14.17,0.0658,14.57,2.255,0.0406,291.52,0.4576,-5.24,5,5
555159,14.61,0.1306,28.19,2.316,0.0298,8.9,0.0621,-26.62,5,50
555168,14.44,0.1088,23.46,2.316,0.0611,343.36,0.2578,-19.36,5,50
555173,13.7,0.0669,14.01,2.386,0.0318,355.42,0.2171,-10.9,5,5
555272,14.53,0.1103,24.05,2.29,0.0108,352.11,0.3004,-17.17,5,5
555276,14.7,0.0903,18.82,2.395,0.0293,384.09,0.0597,-16.56,5,5
555843,14.55,0.0229,5.14,2.225,0.0471,204.39,0.5278,0.64,4,50
557082,14.73,0.0749,16.69,2.24,0.0557,269.27,0.4663,-6.52,5,50
557111,13.64,0.1209,27.87,2.165,0.035,137.45,0.4674,-15.1,5,50
557165,13.7,0.1109,24.9,2.225,0.0368,312.07,0.4132,-14.71,5,5
557182,14.01,0.1175,26.99,2.174,0.0335,289.65,0.4661,-14.44,5,5
557191,13.77,0.1027,22.1,2.321,0.0197,359.81,0.2617,-16.38,5,5
557202,14.53,0.1399,31.5,2.222,0.0393,223.78,0.2934,-26.62,5,50
557257,14.09,0.0823,17.1,2.403,0.058,373.82,0.1149,-15.73,5,5
557260,13.93,0.1214,27.51,2.203,0.0298,13.47,0.4115,-16.94,5,50
557334,14.43,0.1159,25.43,2.275,0.0398,211.15,0.3096,-18.81,5,50
557546,14.46,0.0847,18.54,2.28,0.0449,315.42,0.3924,-10.18,5,5
557548,13.54,0.1207,27.5,2.192,0.0416,305.3,0.4299,-16.84,5,5
557596,14.32,0.0539,11.04,2.436,0.082,360.88,0.1173,-12.73,5,5
557679,12.79,0.0652,14.71,2.214,0.0388,147.76,0.5124,-3.21,5,50
557681,13.57,0.0654,13.92,2.346,0.0376,334.58,0.3127,-8.97,5,5
557757,13.79,0.0469,10.17,2.302,0.0555,303.64,0.4127,-4.92,5,5
557761,14.02,0.0992,20.99,2.361,0.0844,366.57,0.2004,-19.69,5,50
557920,14.37,0.0577,12.2,2.36,0.0321,336.88,0.2967,-8.2,5,5
558009,14.57,0.0651,13.88,2.342,0.0327,332.83,0.3207,-8.63,5,5
558011,13.94,0.0306,6.25,2.447,0.0993,350.2,0.1544,-11.26,5,5
558012,14.33,0.074,15.4,2.4,0.0502,365.82,0.1591,-13.44,5,5
558091,13.72,0.1098,24.48,2.241,0.0307,24.22,0.391,-14.54,5,50
558104,14.54,0.0574,12.9,2.22,0.0394,148.0,0.5118,-2.23,5,50
558121,14.14,0.0874,19.51,2.238,0.029,4.25,0.4483,-8.16,5,50
558167,14.34,0.0307,6.15,2.496,0.1592,348.13,0.0579,-17.83,5,5
558171,13.99,0.072,16.14,2.227,0.0562,279.83,0.4877,-5.64,5,5
558174,14.14,0.0815,18.35,2.219,0.0138,283.35,0.4841,-6.18,5,5
558175,14.53,0.1019,23.0,2.211,0.0336,96.08,0.4541,-11.1,5,50
558261,14.36,0.0893,20.37,2.189,0.0235,272.79,0.5089,-6.76,5,5
558310,13.95,0.0724,16.19,2.232,0.0295,284.18,0.4802,-5.17,5,5
558364,14.45,0.0628,14.04,2.231,0.0399,161.7,0.4914,-3.78,5,50
558514,13.54,0.1073,23.97,2.235,0.0466,254.0,0.4069,-14.3,5,50
558736,14.45,0.0132,2.71,2.438,0.0774,348.47,0.1711,-8.81,5,5
559292,14.61,0.0677,14.41,2.347,0.0661,332.93,0.3139,-10.37,4,5
559663,14.08,0.035,7.28,2.402,0.0552,342.53,0.2409,-7.83,4,5
560187,14.51,0.0716,14.86,2.407,0.0392,369.02,0.1309,-12.98,4,5
560470,13.48,0.1238,27.75,2.227,0.0237,334.13,0.3639,-19.25,4,5
560713,14.41,0.1366,30.29,2.259,0.0301,25.47,0.2321,-26.3,4,50
560802,14.12,0.0373,7.57,2.461,0.176,331.87,0.2058,-18.52,4,5
562168,14.68,0.112,23.75,2.355,0.0169,395.52,0.0869,-21.13,5,5
562557,13.74,0.028,5.88,2.378,0.1187,318.16,0.3271,-9.3,5,5
562585,13.91,0.1064,22.84,2.327,0.0418,366.43,0.2362,-18.43,5,5
563348,14.5,0.111,23.58,2.352,0.0142,391.8,0.1161,-20.57,5,5
564961,14.47,0.0966,21.68,2.226,0.0495,296.72,0.447,-10.94,5,5
564967,14.5,0.0912,20.76,2.194,0.043,200.76,0.5005,-7.59,5,50
564968,14.56,0.0568,13.06,2.169,0.0318,13.83,0.5655,0.12,5,50
565050,13.54,0.0266,5.95,2.235,0.0402,149.55,0.5143,0.23,5,50
565140,13.64,0.0907,19.41,2.333,0.0397,349.49,0.2809,-13.93,5,5
565143,13.61,0.066,13.79,2.389,0.0364,355.85,0.2115,-10.98,5,5
565147,14.3,0.0804,17.31,2.32,0.03,333.61,0.3317,-10.61,5,5
565195,14.58,0.1035,23.9,2.16,0.0183,267.12,0.5191,-8.97,5,5
565196,14.25,0.0492,11.1,2.212,0.0477,211.07,0.529,-1.14,5,50
565197,14.16,0.106,22.44,2.359,0.0624,357.58,0.1478,-20.73,5,50
565270,13.67,0.074,16.04,2.302,0.03,319.75,0.375,-8.48,5,5
565355,14.03,0.0593,13.04,2.271,0.0228,296.68,0.443,-4.5,5,5
567066,14.22,0.1128,24.53,2.297,0.0382,358.5,0.2784,-18.97,5,5
567067,13.8,0.1172,26.46,2.214,0.0303,13.37,0.4109,-15.76,5,50
567068,14.5,0.0505,11.18,2.256,0.0269,286.04,0.4719,-2.77,5,5
567069,14.37,0.055,11.64,2.36,0.0629,331.63,0.3089,-8.66,5,5
567071,13.92,0.0119,2.57,2.318,0.0427,303.63,0.408,-2.62,5,5
567073,13.68,0.0351,7.68,2.278,0.0393,149.28,0.4543,-2.07,4,50
567074,13.65,0.119,27.29,2.177,0.0317,293.86,0.457,-15.11,5,5
567075,14.45,0.0426,8.9,2.387,0.1783,309.6,0.3285,-16.33,5,50
567076,14.46,0.0651,14.55,2.233,0.0785,277.91,0.4884,-5.52,5,50
567078,14.39,0.0637,14.4,2.21,0.0416,174.5,0.5192,-2.81,5,50
567080,14.04,0.0109,2.35,2.319,0.0411,304.12,0.4066,-2.6,5,5
567119,14.57,0.1355,30.84,2.194,0.0042,157.63,0.3677,-22.32,5,5
567120,14.63,0.0369,7.99,2.305,0.084,298.33,0.4206,-5.13,5,5
567121,14.87,0.0578,12.41,2.325,0.0459,319.47,0.3639,-7.03,5,5
567218,14.51,0.0615,12.66,2.425,0.0087,361.3,0.0607,-11.47,5,5
567247,14.25,0.1262,27.21,2.317,0.06,360.44,0.1478,-26.0,5,50
567329,14.09,0.0545,11.63,2.34,0.0896,318.39,0.3531,-9.0,4,5
567349,14.45,0.09,18.8,2.392,0.0275,382.11,0.0874,-16.28,4,5
567461,14.15,0.0503,10.63,2.364,0.0833,327.62,0.3157,-9.07,5,5
567513,14.39,0.0543,11.16,2.432,0.0749,360.78,0.1275,-12.25,5,5
567530,14.24,0.0908,18.93,2.395,0.0306,384.21,0.0607,-16.69,5,5
567889,13.64,0.0595,12.54,2.369,0.079,335.4,0.2906,-10.46,5,5
567906,14.49,0.0489,10.15,2.404,0.041,351.17,0.2101,-9.06,5,5
568425,14.46,0.1327,28.67,2.313,0.046,282.25,0.0557,-28.2,5,50
568445,14.38,0.0868,18.11,2.393,0.0392,377.2,0.1163,-15.76,5,5
568480,14.49,0.0481,9.85,2.438,0.0342,367.31,0.0497,-10.4,5,5
568909,13.68,0.1137,24.4,2.326,0.0315,33.07,0.1958,-20.3,5,50
568949,14.72,0.0548,11.26,2.432,0.0578,364.95,0.0989,-11.69,5,5
568961,14.11,0.0637,13.21,2.408,0.0431,362.17,0.1622,-11.58,5,5
568972,14.07,0.0485,10.75,2.253,0.039,283.37,0.4786,-2.62,5,5
568974,14.78,0.0072,1.76,2.129,0.1106,311.45,0.356,-7.17,5,5
568989,14.28,0.0732,15.26,2.394,0.0202,365.78,0.1681,-12.32,5,5
569986,14.21,0.07,14.5,2.412,0.017,372.06,0.1028,-12.48,5,5
570018,14.58,0.0589,12.47,2.36,0.0583,334.59,0.3014,-9.11,5,5
570024,13.92,0.0266,6.01,2.209,0.0735,257.04,0.5452,0.14,5,50
570055,14.42,0.0977,21.17,2.304,0.0266,342.87,0.3165,-14.17,5,5
570056,14.55,0.059,13.05,2.256,0.0261,289.66,0.4636,-3.9,5,5
570059,14.57,0.0455,10.04,2.262,0.0382,137.84,0.4677,-2.45,5,50
570070,14.83,0.0167,3.41,2.452,0.1205,344.15,0.1693,-11.97,5,5
570071,13.91,0.0807,16.79,2.4,0.0624,369.85,0.1404,-15.39,5,5
570073,13.62,0.1085,23.13,2.343,0.008,364.68,0.1702,-19.21,5,5
570090,14.23,0.1041,22.16,2.346,0.0247,375.64,0.1916,-18.07,5,5
570115,14.36,0.0591,13.25,2.226,0.0374,128.0,0.5035,-2.67,5,50
570134,14.4,0.111,23.58,2.35,0.0172,390.38,0.1264,-20.5,5,5
570167,14.3,0.1016,21.53,2.358,0.0904,365.93,0.2038,-20.74,5,50
570278,14.29,0.1468,32.42,2.262,0.0207,421.67,0.0855,-32.44,5,5
570366,14.51,0.0781,16.2,2.408,0.0229,377.47,0.0747,-14.07,4,5
571177,14.63,0.0302,6.17,2.448,0.0906,352.82,0.1385,-10.84,5,5
571211,14.22,0.0995,20.9,2.377,0.0419,384.9,0.104,-18.66,5,5
571228,14.44,0.0785,16.05,2.443,0.1441,361.11,0.0996,-22.11,5,50
571249,14.24,0.101,21.36,2.362,0.042,227.87,0.1553,-18.29,5,50
571269,14.45,0.0244,5.31,2.289,0.0663,291.04,0.4469,-2.75,5,5
571275,14.43,0.0473,10.12,2.337,0.0919,313.53,0.3668,-8.0,5,5
571297,14.58,0.0947,19.77,2.393,0.0506,384.99,0.0606,-18.29,5,5
572212,13.48,0.1131,24.49,2.306,0.0603,344.28,0.2631,-20.24,5,50
572218,13.78,0.0101,1.46,0.241,0.0391,122.91,0.612,4.16,5,50
572278,14.37,0.0558,11.46,2.429,0.0444,366.55,0.0939,-11.31,5,5
572282,14.68,0.0461,9.62,2.395,0.0769,339.95,0.2563,-9.52,5,5
572316,14.7,0.1502,33.37,2.248,0.0362,157.73,0.0905,-34.08,5,50
572320,14.71,0.1186,25.94,2.284,0.107,346.37,0.2979,-25.13,5,50
572326,14.23,0.0628,12.94,2.424,0.0129,372.08,0.0638,-11.66,5,5
572327,14.05,0.0308,6.33,2.431,0.0897,346.35,0.1937,-10.08,5,5
572329,14.68,0.0564,11.56,2.439,0.071,366.17,0.0718,-12.76,5,5
572350,14.37,0.0314,6.41,2.447,0.0696,357.7,0.1093,-9.99,5,5
572355,14.16,0.02,4.09,2.442,0.0168,359.46,0.1017,-7.76,5,5
572368,13.95,0.0307,6.79,2.26,0.0421,174.77,0.4815,-1.07,5,50
572374,13.71,0.044,9.14,2.404,0.0439,348.34,0.2201,-8.52,5,5
572382,14.27,0.1054,23.78,2.212,0.0417,206.5,0.4453,-12.43,5,50
572383,14.06,0.0357,7.33,2.428,0.0809,349.14,0.1857,-10.02,5,5
572387,14.74,0.0197,4.03,2.436,0.0867,346.64,0.1843,-9.42,5,5
572399,14.01,0.0351,7.31,2.397,0.0814,335.9,0.2657,-8.62,5,5
572401,14.19,0.0382,8.52,2.241,0.0467,210.77,0.5019,-1.05,5,50
572402,14.7,0.0308,6.58,2.334,0.0746,310.04,0.38,-5.33,5,5
572403,14.24,0.0731,15.13,2.414,0.0224,375.46,0.072,-13.26,5,5
572408,14.49,0.0623,12.78,2.433,0.0781,365.68,0.0961,-13.77,5,5
572409,14.5,0.0508,10.45,2.43,0.0682,359.39,0.1378,-11.37,5,5
572428,13.72,0.0805,18.24,2.204,0.0356,274.36,0.5048,-5.7,5,5
572439,13.45,0.0985,21.38,2.299,0.0319,340.47,0.3246,-14.27,5,5
572455,14.4,0.045,9.49,2.37,0.0408,334.44,0.295,-7.13,5,5
572472,14.24,0.0569,11.89,2.388,0.1031,336.59,0.2695,-12.19,5,5
572474,14.65,0.0332,7.23,2.292,0.0539,260.12,0.4372,-2.9,5,50
572490,14.4,0.0774,17.51,2.206,0.0361,273.84,0.5062,-5.17,5,5
572576,13.79,0.0821,17.77,2.308,0.081,322.23,0.359,-12.42,4,5
572611,14.72,0.0515,10.45,2.462,0.115,361.09,0.0368,-15.35,4,50
572622,14.29,0.0774,16.02,2.412,0.0745,369.49,0.1203,-15.73,4,5
572659,14.33,0.0502,10.36,2.418,0.0758,352.46,0.1867,-11.08,4,5
572688,14.23,0.0683,14.66,2.326,0.0442,326.27,0.345,-8.78,4,5
572817,14.52,0.1382,30.15,2.289,0.032,49.43,0.0998,-29.03,4,50
572818,15.0,0.0733,15.23,2.405,0.1323,345.31,0.2209,-18.41,4,5
572826,14.63,0.0374,7.57,2.469,0.1198,355.75,0.0711,-14.09,4,50
572932,13.61,0.0664,13.96,2.374,0.0296,349.59,0.2479,-10.24,4,5
573514,14.17,0.0772,17.31,2.228,0.0388,159.75,0.4786,-5.93,5,50
573604,14.04,0.0019,0.72,0.824,0.0479,342.79,0.2255,-6.57,5,5
573612,14.48,0.1014,21.34,2.375,0.0609,382.32,0.1217,-19.91,5,5
573643,14.37,0.0615,13.54,2.268,0.034,296.0,0.4445,-4.94,5,5
573644,14.43,0.0899,20.29,2.213,0.0804,282.22,0.4762,-10.07,5,50
573692,14.0,0.0187,4.19,2.227,0.0489,214.51,0.5271,0.72,4,50
573703,13.93,0.0599,12.65,2.365,0.028,340.96,0.281,-8.69,4,5
573704,13.96,0.043,8.99,2.389,0.0488,340.86,0.2597,-7.9,4,5
573716,13.73,0.0612,13.84,2.21,0.0658,264.38,0.5211,-3.47,4,50
573755,14.69,0.0539,11.13,2.42,0.0704,356.29,0.1692,-11.45,4,5
573759,14.19,0.0527,11.0,2.392,0.0575,345.8,0.2408,-9.56,4,5
573793,13.86,0.0778,17.77,2.185,0.105,258.91,0.5259,-7.95,4,50
573808,13.9,0.106,22.4,2.365,0.0643,366.08,0.1311,-20.9,4,50
573827,14.38,0.0715,15.0,2.381,0.0061,287.5,0.2139,-11.23,4,5
573835,13.87,0.0781,17.69,2.204,0.0269,273.36,0.5082,-5.0,4,5
573841,14.37,0.0249,5.2,2.39,0.1188,322.07,0.308,-9.58,4,5
573848,13.67,0.0843,18.6,2.262,0.0476,247.33,0.4197,-9.21,4,50
573855,14.07,0.0226,4.64,2.428,0.0892,343.19,0.2091,-9.33,4,5
573880,14.26,0.0824,17.73,2.32,0.0718,330.23,0.3349,-12.55,4,5
573932,13.45,0.0793,16.89,2.345,0.0347,345.27,0.2844,-11.63,4,5
573963,14.68,0.0581,12.1,2.399,0.0739,348.79,0.2236,-11.32,4,5
573968,14.13,0.1194,25.47,2.342,0.0379,179.54,0.0811,-23.44,4,50
574269,14.3,0.0185,3.52,2.23,0.1605,334.87,0.1927,-15.61,5,5
574428,14.46,0.0172,3.53,2.436,0.0436,353.8,0.1499,-7.78,5,5
574685,13.71,0.0296,6.64,2.225,0.0486,214.04,0.5252,0.19,4,50
574714,14.29,0.0676,14.25,2.37,0.0277,348.71,0.2546,-10.26,4,5
574751,14.04,0.0252,5.17,2.431,0.0867,345.8,0.1947,-9.53,4,5
574761,14.38,0.0558,11.7,2.383,0.035,346.01,0.2505,-8.97,4,5
574764,14.19,0.0452,10.19,2.215,0.0589,264.49,0.5278,-1.35,4,5
574770,13.95,0.0491,10.27,2.39,0.0395,345.08,0.2463,-8.44,4,5
574773,14.24,0.1244,28.32,2.193,0.015,313.11,0.4158,-17.58,4,5
574785,14.79,0.0973,20.42,2.38,0.0155,386.55,0.0876,-17.59,4,5
574831,14.48,0.0652,13.62,2.392,0.0151,358.17,0.2007,-10.61,4,5
574832,14.58,0.0536,11.03,2.426,0.0433,363.86,0.1189,-10.81,4,5
574873,13.74,0.0328,7.25,2.257,0.0387,281.08,0.4836,-1.24,4,5
575199,14.33,0.0351,7.55,2.32,0.049,307.96,0.3953,-4.19,5,5
575233,14.67,0.0545,11.19,2.43,0.0073,333.69,0.06,-10.6,5,5
575243,14.62,0.037,7.99,2.313,0.0644,303.91,0.4069,-4.59,5,5
575254,13.41,0.0122,2.52,2.422,0.082,340.96,0.2232,-8.27,5,5
575258,13.99,0.0772,16.59,2.322,0.0317,331.83,0.3351,-10.03,5,5
575263,14.71,0.0272,5.55,2.448,0.0631,358.47,0.0976,-9.5,5,5
575275,14.2,0.061,12.92,2.356,0.0783,330.42,0.3138,-10.09,5,5
575436,14.49,0.02,4.07,2.456,0.1053,350.22,0.1376,-11.12,5,50
575449,13.24,0.0622,13.2,2.353,0.0716,331.03,0.315,-9.87,4,5
575885,13.81,0.021,4.71,2.228,0.0475,206.38,0.5256,0.64,4,50
575903,13.79,0.0663,14.04,2.356,0.08,333.32,0.3056,-11.11,4,5
575913,13.7,0.0248,5.55,2.228,0.0476,208.46,0.5241,0.43,4,50
575968,13.84,0.0834,18.96,2.195,0.0316,271.65,0.5114,-5.82,4,5
575990,14.39,0.051,10.64,2.394,0.0707,343.26,0.2469,-9.88,4,5
576365,14.27,0.0593,12.25,2.418,0.0894,354.38,0.1798,-13.17,5,5
576368,13.98,0.1187,27.22,2.179,0.0338,294.59,0.4551,-15.16,5,5
576379,13.97,0.1241,27.39,2.262,0.0158,358.59,0.2965,-21.01,5,5
576400,14.06,0.0692,15.34,2.253,0.053,291.15,0.4572,-6.11,5,5
576430,13.35,0.0407,8.33,2.438,0.0713,357.39,0.1309,-10.59,5,5
576459,14.1,0.0907,18.94,2.392,0.0519,379.41,0.1045,-17.19,5,5
576479,13.99,0.0382,7.96,2.397,0.119,328.04,0.2858,-11.05,5,5
576495,14.57,0.0406,8.32,2.437,0.025,363.82,0.0866,-9.29,5,5
576497,14.31,0.0748,15.5,2.408,0.0297,373.4,0.1047,-13.45,5,5
576500,13.15,0.1237,28.53,2.166,0.0465,248.61,0.4579,-16.58,5,50
576519,14.55,0.032,6.44,2.479,0.1295,353.64,0.0573,-14.78,5,5
576527,14.59,0.1214,26.21,2.313,0.0072,351.28,0.185,-22.39,5,5
576593,14.56,0.0947,21.49,2.199,0.032,281.73,0.4864,-8.68,5,5
576598,14.1,0.1217,28.01,2.171,0.0321,82.51,0.4584,-15.45,5,50
576628,14.69,0.0356,7.29,2.439,0.0353,70.02,0.0861,-8.85,5,50
576632,14.81,0.0919,19.26,2.384,0.0738,370.51,0.1554,-17.93,5,50
576673,14.31,0.0921,19.79,2.325,0.0185,348.61,0.2901,-13.5,5,5
576679,14.53,0.0353,7.88,2.234,0.1164,264.74,0.5127,-4.1,5,5
576687,14.62,0.0322,6.74,2.385,0.0789,330.35,0.2931,-7.71,5,5
576696,13.96,0.0895,19.99,2.237,0.0544,274.65,0.4455,-9.61,5,50
576717,13.44,0.0926,22.62,2.044,0.0267,4.25,0.6664,-0.86,4,50
576765,13.57,0.0819,18.79,2.175,0.0364,260.51,0.5373,-4.77,4,5
577059,13.64,0.0468,9.91,2.358,0.0497,328.83,0.319,-7.05,4,5
577067,14.13,0.0697,14.8,2.351,0.1011,328.78,0.3171,-12.79,4,5
577070,14.18,0.1295,28.5,2.27,0.0116,375.95,0.248,-23.69,4,5
577139,13.64,0.044,9.67,2.275,0.0459,214.45,0.4522,-2.99,4,50
577140,14.2,0.0531,12.14,2.185,0.0837,251.28,0.5552,-2.15,4,5
577177,14.52,0.102,22.41,2.272,0.032,329.22,0.3631,-14.03,4,5
577188,14.41,0.0868,18.12,2.392,0.047,375.17,0.1298,-15.94,4,5
577189,14.51,0.1034,21.82,2.365,0.0416,218.32,0.1266,-19.11,4,50
577210,14.24,0.0681,14.62,2.324,0.0259,326.92,0.3465,-8.27,4,5
577234,14.4,0.0329,6.8,2.417,0.0288,351.33,0.1913,-7.68,4,5
577295,13.84,0.0567,12.8,2.212,0.0525,236.8,0.5217,-2.22,4,50
577302,14.37,0.0883,18.45,2.389,0.0412,376.53,0.1275,-16.01,4,5
577325,14.5,0.1022,21.58,2.365,0.0497,295.6,0.1409,-19.06,4,50
577362,14.04,0.0627,12.88,2.43,0.0737,365.7,0.1032,-13.51,4,5
577383,14.39,0.0405,8.28,2.44,0.0281,364.71,0.0694,-9.45,4,5
577385,14.55,0.0908,19.06,2.379,0.0413,374.11,0.1558,-16.2,4,5
577714,14.91,0.0629,12.95,2.425,0.0621,339.81,0.1049,-12.68,5,50
577841,14.54,0.0382,7.83,2.436,0.0278,362.2,0.1005,-9.05,5,5
577842,14.46,0.0471,9.64,2.438,0.0874,356.25,0.1404,-12.07,5,5
577853,14.57,0.1062,22.83,2.322,0.0312,19.84,0.2453,-17.46,5,50
577878,13.66,0.0936,20.19,2.315,0.0764,336.95,0.3192,-15.42,5,5
577913,13.59,0.1132,24.05,2.35,0.0339,392.9,0.1108,-21.69,5,5
577931,14.34,0.0693,14.47,2.391,0.0332,359.62,0.1962,-11.61,5,5
577971,14.74,0.095,20.08,2.362,0.0234,371.83,0.1881,-16.07,5,5
577973,13.95,0.037,7.78,2.371,0.0845,325.31,0.3166,-7.85,5,5
577978,14.28,0.0712,15.01,2.371,0.1011,338.49,0.2772,-13.97,5,5
578007,14.63,0.0125,2.72,2.307,0.0404,299.18,0.4229,-2.14,5,5
578008,14.65,0.0482,9.93,2.421,0.0182,361.01,0.142,-9.39,5,5
578011,13.47,0.088,18.66,2.355,0.0434,357.61,0.2406,-14.36,5,5
578036,14.82,0.078,16.25,2.399,0.0429,370.18,0.1416,-14.05,5,5
578127,14.32,0.1003,21.85,2.293,0.0189,340.01,0.3297,-14.25,5,5
578368,14.33,0.0872,18.42,2.364,0.1054,347.98,0.253,-17.64,4,50
578411,13.55,0.0222,4.59,2.422,0.0586,346.96,0.2013,-7.85,4,5
578441,13.82,0.0461,9.49,2.425,0.0295,360.64,0.1375,-9.44,4,5
578636,14.06,0.0678,14.08,2.403,0.0264,364.99,0.1576,-11.75,4,5
578654,14.57,0.0769,17.29,2.22,0.004,95.83,0.4889,-5.24,4,5
578689,13.98,0.0507,10.62,2.384,0.0255,344.74,0.253,-8.14,4,5
578694,14.19,0.0025,0.89,1.174,0.0098,351.8,0.1499,-6.86,4,5
578784,13.36,0.0249,5.24,2.371,0.0425,327.87,0.3127,-5.37,4,5
579098,14.03,0.1044,23.98,2.173,0.0265,275.57,0.5,-10.02,4,5
579499,14.04,0.1242,30.26,2.051,0.0407,154.57,0.5976,-10.63,5,50
579560,13.84,0.0519,11.61,2.232,0.0504,274.36,0.5023,-2.5,5,5
579562,14.58,0.0654,13.53,2.415,0.0048,219.21,0.1093,-11.64,5,5
579588,14.15,0.0955,20.08,2.376,0.052,376.32,0.1503,-17.72,5,5
579591,14.11,0.0934,20.45,2.279,0.0776,319.2,0.3777,-13.75,5,50
579608,14.32,0.0773,16.48,2.341,0.0402,340.83,0.299,-11.13,5,5
579643,14.03,0.1224,28.12,2.174,0.0107,296.63,0.4511,-15.78,5,5
579644,14.36,0.076,15.8,2.402,0.0379,370.54,0.1337,-13.61,5,5
579645,14.64,0.0486,10.04,2.417,0.0491,355.71,0.1755,-9.81,5,5
579646,14.41,0.0866,18.21,2.375,0.0352,368.05,0.185,-14.76,5,5
579649,13.48,0.0308,6.87,2.234,0.0395,141.46,0.5102,-0.01,5,50
579650,13.73,0.0853,18.61,2.289,0.031,321.97,0.3747,-10.38,5,5
579658,14.07,0.0577,11.97,2.407,0.1525,330.15,0.2645,-16.86,5,50
579660,14.13,0.1019,23.29,2.186,0.0168,280.83,0.4894,-9.75,5,5
579664,14.55,0.0745,15.39,2.417,0.0429,375.69,0.0601,-14.11,5,5
579705,14.29,0.0883,18.8,2.345,0.1013,341.66,0.2849,-16.9,5,50
579712,14.81,0.0794,16.42,2.415,0.0547,377.74,0.0445,-15.52,5,5
579734,14.19,0.0704,14.66,2.399,0.0346,364.58,0.1653,-12.25,5,5
579795,14.2,0.0496,10.67,2.322,0.0653,311.99,0.3822,-6.4,5,5
579800,14.19,0.0546,11.62,2.343,0.0653,323.76,0.3407,-7.99,5,5
579824,14.48,0.0257,5.33,2.409,0.0505,343.37,0.2303,-7.25,5,5
579878,14.16,0.0768,17.32,2.214,0.0439,199.44,0.4968,-5.51,5,50
579882,14.56,0.0772,16.6,2.324,0.0311,332.76,0.3318,-10.11,5,5
579885,13.77,0.0614,12.95,2.367,0.0422,205.28,0.277,-9.11,5,50
579886,14.06,0.0793,17.71,2.238,0.0577,275.77,0.4635,-7.31,5,50
579887,13.97,0.0502,10.33,2.428,0.0625,359.63,0.1386,-11.02,5,5
579900,14.47,0.0476,9.76,2.434,0.0697,359.19,0.1303,-11.18,5,5
579902,14.44,0.0281,5.68,2.472,0.1063,357.36,0.0266,-12.61,5,5
579974,14.42,0.0325,7.18,2.261,0.0676,280.71,0.4802,-2.26,5,5
580075,14.63,0.1239,26.96,2.296,0.0296,379.58,0.2207,-22.97,5,5
580900,14.54,0.0757,15.53,2.436,0.133,360.22,0.1222,-20.32,4,50
581085,13.9,0.0323,6.64,2.432,0.0985,345.33,0.1957,-10.75,4,5
581096,13.16,0.0411,9.01,2.278,0.0352,82.56,0.4493,-2.54,4,50
581287,14.14,0.0256,5.26,2.43,0.0281,355.07,0.153,-7.72,4,5
581330,14.14,0.0471,10.16,2.316,0.0127,312.76,0.3869,-4.66,4,5
581370,14.71,0.0954,20.01,2.382,0.0621,351.4,0.1289,-18.24,4,50
581554,13.27,0.0336,7.04,2.38,0.1159,321.09,0.318,-9.68,4,5
581564,13.31,0.0313,7.02,2.227,0.0477,210.63,0.5048,0.03,4,50
581638,13.89,0.0922,19.93,2.31,0.0593,320.24,0.3258,-13.77,4,50
582370,14.8,0.0987,22.61,2.179,0.0493,272.87,0.5039,-9.35,5,5
582447,14.75,0.0538,11.45,2.347,0.0815,322.39,0.3401,-8.75,5,5
582636,14.52,0.0684,14.08,2.427,0.0914,364.21,0.1191,-15.41,5,5
582637,14.47,0.059,12.31,2.394,0.1035,340.31,0.2528,-12.86,5,5
582732,14.39,0.1401,30.65,2.284,0.0443,267.04,0.1101,-30.25,5,50
582777,14.46,0.0753,16.74,2.246,0.0501,249.17,0.4569,-6.72,5,50
583556,14.21,0.0724,15.44,2.341,0.0689,332.93,0.3171,-11.13,4,5
584352,14.12,0.0372,8.27,2.245,0.0409,162.61,0.4962,-1.03,5,50
584356,13.98,0.0355,7.42,2.388,0.0906,330.28,0.2899,-8.7,5,5
584363,14.52,0.0924,20.96,2.202,0.0331,281.36,0.4874,-8.28,5,5
584364,14.49,0.0521,10.78,2.411,0.0892,347.24,0.2147,-11.68,5,5
584385,14.43,0.0214,4.46,2.393,0.0721,332.26,0.2811,-7.0,5,5
584389,14.35,0.0269,5.45,2.468,0.1446,342.96,0.1554,-14.95,5,5
584394,14.38,0.0188,4.0,2.344,0.0657,312.99,0.3682,-4.63,5,5
584395,14.64,0.13,27.98,2.323,0.0548,343.23,0.0484,-27.96,5,50
584414,14.6,0.0237,5.18,2.287,0.0927,286.89,0.454,-3.82,5,5
584465,13.43,0.1172,26.88,2.176,0.0555,288.71,0.464,-15.27,5,5
584505,13.29,0.1073,23.42,2.288,0.0222,346.24,0.3161,-16.25,5,5
585381,13.95,0.0301,6.92,2.177,0.1119,241.49,0.5763,-0.99,5,50
585392,14.9,0.0905,18.91,2.389,0.0171,381.7,0.0996,-16.08,5,5
585434,14.12,0.1035,23.26,2.223,0.0411,202.56,0.4372,-11.99,4,50
585435,14.7,0.0551,11.53,2.384,0.0093,344.89,0.2427,-8.59,4,5
585765,14.42,0.0168,3.81,2.199,0.1064,249.5,0.5576,-0.69,5,50
585773,14.31,0.0827,18.57,2.223,0.0414,285.09,0.477,-7.12,5,5
585784,14.77,0.0281,5.89,2.384,0.0956,325.63,0.3056,-8.15,5,5
585843,14.3,0.0623,13.57,2.292,0.0784,302.9,0.4141,-7.63,4,5
585844,14.3,0.1103,24.93,2.21,0.0489,260.7,0.4357,-14.07,5,50
585845,14.02,0.0588,13.14,2.233,0.0457,211.79,0.4941,-3.31,4,50
585847,13.93,0.0254,5.84,2.173,0.0404,242.89,0.587,2.54,4,5
585851,14.69,0.1083,24.61,2.198,0.0413,293.17,0.4578,-12.8,4,5
585852,13.82,0.0697,15.32,2.27,0.0334,301.14,0.4314,-6.37,5,5
585855,13.62,0.0564,11.94,2.36,0.0836,328.89,0.3144,-9.81,5,5
585862,13.92,0.0606,13.11,2.309,0.0195,315.19,0.3843,-6.24,4,5
585898,14.57,0.086,19.24,2.232,0.0418,198.85,0.4574,-8.29,5,50
585907,14.32,0.1134,25.58,2.213,0.054,285.72,0.4219,-15.64,4,50
585915,14.43,0.1346,30.12,2.237,0.0609,349.51,0.3007,-25.56,4,50
585965,14.33,0.0657,13.74,2.387,0.0234,355.56,0.2158,-10.56,4,5
585968,14.19,0.0207,4.22,2.445,0.0681,342.33,0.1279,-8.94,4,50
585987,14.22,0.1026,21.87,2.343,0.0909,360.04,0.2341,-20.6,4,50
586071,13.98,0.1264,28.2,2.237,0.0551,316.74,0.3358,-21.98,4,50
586089,13.94,0.0245,5.02,2.433,0.1084,340.83,0.2116,-10.71,4,5
586094,14.09,0.074,15.53,2.381,0.0242,359.46,0.2093,-11.92,4,5
586194,13.78,0.0817,17.04,2.394,0.0551,369.47,0.152,-15.08,4,5
586198,14.31,0.068,13.67,2.487,0.1979,345.09,0.0792,-28.16,4,50
586200,14.83,0.1316,28.32,2.324,0.0722,399.88,0.0346,-29.88,4,50
586204,14.65,0.0695,14.82,2.342,0.0517,333.62,0.3172,-9.91,4,5
586225,14.15,0.0665,13.7,2.426,0.0668,368.92,0.0885,-13.81,4,5
586236,14.77,0.0982,20.66,2.374,0.0395,381.58,0.1287,-18.04,4,5
586240,14.65,0.0523,10.71,2.439,0.0673,364.75,0.0804,-12.0,4,5
586264,14.44,0.0548,11.55,2.371,0.0315,340.39,0.2781,-8.24,4,5
586375,14.54,0.0986,20.74,2.375,0.0436,381.68,0.1273,-18.31,4,5
586386,14.18,0.065,13.24,2.451,0.1484,351.67,0.1386,-20.1,4,5
586392,13.9,0.0244,5.28,2.311,0.1247,291.49,0.4265,-6.85,4,5
586393,13.37,0.0304,6.72,2.258,0.0328,9.32,0.484,-0.75,4,50
586410,13.54,0.0378,7.97,2.368,0.0721,326.6,0.3162,-7.26,4,5
586642,14.31,0.0359,7.24,2.477,0.1384,350.89,0.0921,-15.75,4,5
586644,14.04,0.0378,7.9,2.392,0.0342,341.49,0.2554,-7.12,4,5
586654,14.46,0.05,10.26,2.432,0.1227,345.32,0.1951,-14.39,4,5
586657,14.3,0.0466,9.55,2.434,0.0475,362.73,0.1069,-10.31,4,5
586662,13.73,0.1011,21.83,2.312,0.0663,346.32,0.2978,-17.03,4,5
586664,13.72,0.0637,13.46,2.363,0.0542,339.61,0.2855,-9.92,4,5
586889,14.61,0.0866,18.09,2.392,0.0455,375.39,0.1284,-15.86,4,5
586960,15.06,0.1092,22.94,2.376,0.0794,390.28,0.0585,-23.79,4,5
587526,13.95,0.0721,16.26,2.215,0.0453,210.01,0.5032,-4.47,5,50
587645,14.72,0.1217,25.95,2.342,0.0422,233.54,0.0315,-24.62,4,50
588083,14.41,0.0325,7.25,2.241,0.0409,159.41,0.5047,-0.43,5,50
588136,14.04,0.004,1.09,1.196,0.0692,306.0,0.3927,-3.83,4,5
588160,14.34,0.1166,24.86,2.343,0.0371,160.41,0.1132,-22.22,4,50
588176,14.43,0.1159,24.92,2.322,0.0358,147.27,0.1934,-21.2,4,50
588188,14.08,0.0543,11.17,2.425,0.0826,355.91,0.1633,-12.3,4,5
588196,14.56,0.1016,21.39,2.372,0.0529,382.64,0.1262,-19.45,4,5
588202,13.63,0.1003,21.58,2.321,0.026,355.48,0.2738,-15.71,4,5
588209,14.09,0.0802,16.95,2.362,0.0591,330.92,0.2491,-13.25,4,50
588263,14.12,0.1538,34.33,2.238,0.0476,295.82,0.0792,-36.35,4,50
588631,14.04,0.0888,21.16,2.098,0.0361,111.27,0.6159,-2.53,5,50
588638,14.16,0.0201,4.5,2.227,0.048,209.6,0.5269,0.7,4,50
588641,14.46,0.0955,20.25,2.354,0.0348,108.44,0.2074,-15.9,4,50
588644,14.37,0.1053,22.24,2.365,0.0587,344.45,0.1287,-20.36,4,50
588647,14.88,0.0027,0.87,1.386,0.0587,348.91,0.1781,-7.69,4,5
588656,14.29,0.1476,32.78,2.249,0.0293,412.73,0.1416,-32.43,4,5
588663,14.46,0.0355,7.29,2.431,0.0347,357.86,0.1392,-8.64,4,5
588668,14.94,0.0303,6.12,2.474,0.1318,350.6,0.1,-14.57,4,5
588676,14.18,0.0418,8.87,2.354,0.0448,325.27,0.3321,-6.15,4,5
588677,13.94,0.1013,22.04,2.296,0.0562,339.3,0.3256,-15.8,4,5
588678,13.8,0.1017,22.06,2.302,0.0406,345.43,0.3095,-15.65,4,5
588679,14.54,0.0395,8.29,2.381,0.1029,326.09,0.3057,-9.5,4,5
588691,14.38,0.1204,28.16,2.136,0.0292,22.55,0.5071,-13.25,4,50
588693,14.76,0.031,6.28,2.463,0.1178,351.27,0.1196,-13.16,4,5
588694,14.44,0.0861,19.5,2.204,0.0282,278.34,0.4956,-6.74,4,5
588697,14.68,0.0516,10.57,2.436,0.0433,367.08,0.0664,-10.96,4,5
588698,14.42,0.0726,15.04,2.411,0.0655,367.03,0.1343,-14.25,4,5
588700,14.46,0.0314,6.44,2.437,0.0498,357.32,0.1298,-8.92,4,5
588702,14.15,0.0713,16.53,2.154,0.0046,115.84,0.5756,-1.41,4,5
588708,14.26,0.0267,5.66,2.357,0.0365,322.88,0.3365,-4.77,4,5
588721,14.58,0.0813,16.86,2.408,0.0568,375.86,0.0886,-15.72,4,5
588724,14.03,0.0735,15.39,2.386,0.0207,361.58,0.1963,-11.97,4,5
588728,14.27,0.093,20.23,2.296,0.0429,331.86,0.3463,-12.95,4,5
588733,14.25,0.0823,17.14,2.397,0.0496,372.63,0.1323,-15.16,4,5
588735,14.69,0.0723,14.94,2.416,0.0243,375.66,0.0608,-13.22,4,5
588738,14.47,0.058,12.39,2.338,0.1029,316.3,0.3568,-10.23,4,5
588740,14.22,0.0138,2.77,2.369,0.1228,347.51,0.1366,-12.28,4,50
588750,14.33,0.0489,10.17,2.399,0.0486,348.16,0.2261,-9.06,4,5
588753,13.89,0.0953,20.28,2.347,0.0496,360.89,0.2369,-16.2,4,5
588761,14.3,0.152,34.16,2.222,0.0346,136.3,0.1732,-33.64,4,50
588763,14.88,0.083,17.24,2.404,0.0747,371.31,0.1252,-16.73,4,5
588766,14.37,0.0974,20.73,2.346,0.0346,365.24,0.2252,-16.27,4,5
588781,14.31,0.0718,14.87,2.41,0.0469,369.18,0.1254,-13.33,4,5
588796,14.66,0.056,11.56,2.417,0.0775,354.89,0.1786,-11.97,4,5
588802,14.37,0.0861,18.5,2.325,0.0791,334.47,0.32,-14.07,4,5
588837,14.66,0.0971,20.39,2.378,0.037,382.46,0.1176,-17.81,4,5
588861,13.77,0.0646,13.37,2.414,0.0429,366.01,0.1331,-12.05,4,5
589244,13.25,0.0232,5.2,2.227,0.0479,208.39,0.5259,0.54,4,50
589246,13.87,0.0908,19.54,2.32,0.0521,341.15,0.3098,-13.79,4,5
589250,14.55,0.066,13.99,2.358,0.0801,334.22,0.3016,-11.18,4,5
589252,14.62,0.0423,8.71,2.424,0.1116,342.09,0.2171,-12.22,4,5
589256,14.37,0.0649,13.74,2.359,0.0253,341.63,0.2844,-9.22,4,5
589257,14.21,0.0757,16.92,2.234,0.0521,255.16,0.4717,-6.47,4,50
589258,14.79,0.0582,11.77,2.468,0.1532,351.99,0.1048,-19.95,4,5
589272,14.22,0.0682,14.75,2.309,0.0268,319.39,0.3731,-7.63,4,5
589274,14.53,0.0452,9.41,2.397,0.0351,347.06,0.2317,-8.18,4,5
589276,14.51,0.0825,17.19,2.397,0.05,372.81,0.1315,-15.24,4,5
589277,14.63,0.059,12.19,2.418,0.0745,357.98,0.1643,-12.39,4,5
589278,14.56,0.0087,1.84,2.37,0.0497,329.24,0.2999,-5.31,4,5
589279,14.61,0.1488,32.95,2.255,0.0314,43.05,0.0794,-33.25,4,50
589284,14.78,0.0413,8.46,2.438,0.0521,361.06,0.1081,-9.97,4,5
589287,14.13,0.0645,13.45,2.395,0.0566,354.54,0.2091,-11.55,4,5
589289,14.02,0.0469,9.67,2.423,0.0307,359.86,0.1461,-9.45,4,5
589291,14.33,0.0178,3.87,2.295,0.0863,290.43,0.4437,-3.52,4,5
589292,14.37,0.0409,8.36,2.44,0.0729,357.89,0.1246,-10.76,4,5
589295,14.6,0.0923,19.29,2.39,0.0414,382.08,0.0924,-17.15,4,5
589299,14.08,0.0387,7.82,2.469,0.1212,355.76,0.0728,-14.25,4,50
589302,13.75,0.1048,22.13,2.364,0.054,324.8,0.1284,-20.12,4,50
589306,14.71,0.0786,16.12,2.435,0.1187,367.82,0.0742,-19.83,4,50
589308,14.13,0.0542,11.2,2.418,0.0399,360.82,0.1512,-10.42,4,5
589311,14.68,0.1027,22.1,2.321,0.0711,351.1,0.2756,-17.98,4,50
589312,14.1,0.0273,5.6,2.439,0.0477,356.96,0.1285,-8.61,4,5
589315,14.29,0.0797,16.56,2.402,0.0534,371.8,0.127,-14.93,4,5
589316,14.38,0.0386,7.91,2.437,0.0517,359.51,0.1199,-9.62,4,5
589317,14.81,0.0608,12.55,2.419,0.0657,361.33,0.1483,-12.34,4,5
589318,14.64,0.0793,16.48,2.402,0.0495,371.68,0.129,-14.65,4,5
589319,14.91,0.0295,6.05,2.434,0.0475,355.49,0.1466,-8.55,4,5
589320,14.73,0.0771,16.02,2.405,0.0529,370.72,0.1274,-14.45,4,5
589321,14.72,0.1156,24.54,2.352,0.0051,263.33,0.0491,-22.16,4,5
589322,14.43,0.0878,18.35,2.388,0.0318,376.49,0.1301,-15.56,4,5
589324,14.37,0.0301,6.18,2.429,0.022,356.13,0.1512,-7.88,4,5
589326,14.31,0.0827,17.25,2.396,0.0454,373.06,0.133,-15.07,4,5
589327,14.62,0.0995,20.93,2.375,0.0562,380.53,0.1315,-19.06,4,5
589328,14.64,0.0722,14.97,2.408,0.0392,369.56,0.1279,-13.09,4,5
589329,14.77,0.0799,16.62,2.4,0.0465,371.96,0.1311,-14.62,4,5
589330,14.83,0.032,6.59,2.423,0.1013,340.97,0.2222,-10.47,4,5
589331,14.54,0.0789,16.4,2.402,0.0508,371.13,0.1315,-14.61,4,5
589333,14.86,0.0482,9.92,2.426,0.0566,358.42,0.1489,-10.41,4,5
589334,14.71,0.062,12.98,2.385,0.0404,350.34,0.2347,-10.16,4,5
589335,14.53,0.0631,13.41,2.348,0.0216,335.46,0.3097,-8.38,4,5
589336,14.59,0.0426,9.45,2.249,0.049,227.42,0.4889,-1.86,4,50
589340,13.99,0.0779,16.84,2.309,0.0632,322.39,0.3618,-10.63,4,5
589342,14.48,0.0873,18.22,2.393,0.0555,374.76,0.1295,-16.43,4,5
589353,14.67,0.0549,11.26,2.435,0.1027,354.97,0.1526,-13.94,4,5
589358,14.46,0.0435,9.07,2.396,0.0262,346.33,0.2359,-7.76,4,5
589366,14.43,0.0879,18.3,2.398,0.0094,378.53,0.0413,-15.81,4,5
589367,14.48,0.0561,11.51,2.434,0.0695,364.23,0.1008,-12.42,4,5
589369,14.26,0.0292,6.01,2.429,0.0324,355.31,0.1542,-8.0,4,5
589370,14.7,0.0894,18.69,2.389,0.0514,376.12,0.1293,-16.65,4,5
589371,14.93,0.1083,23.62,2.291,0.0184,349.45,0.3069,-16.63,4,5
589372,14.62,0.0346,7.76,2.225,0.0472,207.07,0.5227,-0.16,4,50
589374,13.85,0.0961,20.8,2.308,0.063,331.06,0.3201,-14.91,4,50
589375,14.72,0.0143,2.93,2.432,0.0579,349.56,0.177,-7.86,4,5
589402,13.97,0.1331,29.16,2.279,0.0384,198.59,0.1984,-26.42,4,50
589419,14.72,0.0922,19.3,2.386,0.0606,345.73,0.1295,-17.45,4,50
589420,14.37,0.1454,32.06,2.265,0.0317,46.95,0.0958,-31.79,4,50
589421,13.93,0.0815,17.64,2.308,0.073,323.47,0.3575,-11.91,4,5
589434,14.17,0.0866,18.54,2.334,0.1518,319.69,0.3311,-20.25,4,50
589499,13.88,0.0547,11.92,2.293,0.1022,296.53,0.4243,-7.85,4,5
589500,14.62,0.0618,13.04,2.366,0.0586,339.05,0.2846,-9.86,4,5
589834,14.66,0.0732,15.19,2.406,0.0391,369.66,0.1307,-13.21,4,5
589864,14.45,0.0207,4.33,2.385,0.0207,334.54,0.2827,-5.33,4,5
589866,14.67,0.1073,23.41,2.287,0.0302,345.23,0.3181,-16.38,4,5
589868,14.68,0.0509,10.5,2.419,0.0314,360.28,0.1511,-9.82,4,5
589870,14.38,0.0466,9.53,2.441,0.0421,199.09,0.0134,-10.31,4,50
589877,14.61,0.0409,8.38,2.434,0.0357,361.57,0.112,-9.37,4,5
589879,14.36,0.1354,29.56,2.286,0.0568,350.9,0.1604,-28.98,4,50
589881,14.95,0.0896,18.62,2.404,0.063,356.85,0.0383,-17.75,4,50
589882,14.52,0.098,20.66,2.368,0.029,4.25,0.1427,-17.11,4,50
589885,13.87,0.0494,10.29,2.398,0.0448,348.26,0.2273,-8.96,4,5
589886,14.28,0.037,7.64,2.419,0.0929,342.94,0.2205,-10.32,4,5
589896,13.74,0.0531,11.4,2.326,0.0151,319.86,0.3636,-5.86,4,5
589902,14.59,0.0626,12.95,2.414,0.0698,359.6,0.1639,-12.59,4,5
589909,15.07,0.0575,11.9,2.415,0.0411,361.43,0.1537,-10.83,4,5
589924,14.43,0.0551,11.6,2.373,0.0351,341.21,0.2739,-8.45,4,5
589927,14.45,0.08,16.58,2.408,0.0503,375.75,0.089,-15.17,4,5
589930,14.71,0.0687,14.26,2.406,0.0452,364.92,0.1533,-12.49,4,5
589931,14.19,0.0333,7.0,2.377,0.0994,323.52,0.3158,-8.52,4,5
589932,14.56,0.0585,12.01,2.431,0.037,370.12,0.0559,-11.63,4,5
589934,14.36,0.0673,14.58,2.306,0.0526,315.23,0.3825,-8.01,4,5
589935,14.21,0.0556,11.66,2.382,0.0495,344.07,0.2564,-9.29,4,5
589937,14.84,0.0098,2.11,2.308,0.1081,329.62,0.2724,-8.97,4,5
589938,14.2,0.1076,23.65,2.272,0.0323,336.4,0.3457,-15.81,4,5
589939,14.83,0.0828,17.25,2.398,0.0509,373.28,0.1279,-15.37,4,5
589940,14.52,0.1506,33.42,2.25,0.0415,235.54,0.0716,-34.72,4,50
589945,14.39,0.0074,1.62,1.146,0.1506,316.88,0.3067,-11.8,4,5
589947,14.51,0.105,22.19,2.364,0.0563,335.36,0.1318,-20.18,4,50
589948,13.63,0.1105,24.62,2.241,0.0394,194.75,0.3871,-15.39,4,50
589951,14.45,0.0424,8.75,2.418,0.0466,243.87,0.177,-8.88,4,50
589958,14.67,0.0493,10.1,2.436,0.0659,361.91,0.1091,-11.36,4,5
589962,14.48,0.0917,19.2,2.385,0.0445,377.88,0.1288,-16.84,4,5
589964,14.38,0.0333,7.38,2.255,0.1315,270.64,0.4898,-5.89,4,5
589968,13.99,0.0242,5.15,2.342,0.0774,311.32,0.3725,-5.29,4,5
589971,14.6,0.0467,9.76,2.392,0.0398,344.78,0.2452,-8.23,4,5
590207,13.34,0.042,8.87,2.365,0.1556,307.78,0.3523,-13.17,4,5
590352,13.63,0.1121,24.99,2.241,0.0786,318.67,0.3866,-17.83,4,50
590364,14.02,0.0598,12.38,2.413,0.0551,359.7,0.1656,-11.49,4,5
590375,14.69,0.049,10.3,2.376,0.0193,340.53,0.2733,-7.49,4,5
590376,13.45,0.0934,19.89,2.345,0.0176,361.35,0.2387,-14.78,4,5
590379,14.51,0.0355,7.32,2.42,0.0463,351.64,0.1863,-8.4,4,5
590389,14.17,0.1227,26.47,2.316,0.0352,134.95,0.1673,-23.36,4,50
590401,13.82,0.0432,9.24,2.335,0.0714,314.29,0.3693,-6.4,4,5
590404,14.2,0.0517,11.01,2.346,0.0784,321.36,0.344,-8.25,4,5
590414,14.09,0.0773,16.57,2.329,0.0555,333.04,0.3255,-11.09,4,5
590417,13.97,0.0311,6.52,2.384,0.0881,327.91,0.2999,-8.01,4,5
590418,13.97,0.0755,16.32,2.312,0.0638,321.84,0.3619,-10.25,4,5
590419,14.44,0.0693,14.73,2.351,0.0481,338.37,0.2986,-10.17,4,5
590421,14.52,0.0827,17.24,2.397,0.0407,374.25,0.1253,-14.97,4,5
590422,14.39,0.0325,6.64,2.442,0.1166,344.17,0.1873,-12.28,4,5
590426,14.31,0.0383,7.97,2.401,0.0567,342.96,0.2409,-8.14,4,5
590430,14.18,0.0338,6.96,2.426,0.0189,356.39,0.1549,-8.04,4,5
590435,14.15,0.105,23.41,2.241,0.0322,62.59,0.4036,-13.24,4,50
590438,14.14,0.0911,19.97,2.278,0.0274,321.17,0.381,-11.17,4,5
590450,14.33,0.1317,28.63,2.3,0.0412,232.55,0.1485,-26.59,4,50
590460,14.96,0.046,9.27,2.475,0.1457,351.57,0.092,-17.55,4,5
590465,14.4,0.0796,17.14,2.32,0.0463,331.42,0.3359,-10.86,4,5
590466,14.53,0.0554,11.58,2.389,0.1147,333.21,0.277,-12.77,4,5
590483,14.54,0.0536,11.07,2.418,0.0437,359.94,0.1553,-10.43,4,5
590485,14.71,0.1261,27.04,2.332,0.0301,8.24,0.0256,-25.11,4,50
590492,14.54,0.0988,20.68,2.387,0.0889,376.87,0.1246,-20.9,4,50
590494,14.39,0.0582,12.27,2.368,0.0585,312.07,0.2858,-9.18,4,50
590524,14.72,0.1077,22.84,2.354,0.0298,386.08,0.1396,-19.84,4,5
590525,14.34,0.1193,26.02,2.289,0.0357,364.98,0.2657,-20.91,4,5
590792,14.38,0.1539,34.45,2.232,0.0408,231.13,0.11,-35.61,5,50
590811,13.2,0.0144,3.01,2.371,0.1355,317.22,0.3171,-10.28,4,5
590942,13.91,0.0497,10.45,2.375,0.0599,336.18,0.2855,-8.46,4,5
590944,14.29,0.0938,21.15,2.214,0.0439,214.08,0.4687,-9.25,4,50
590952,14.01,0.0743,15.42,2.405,0.0405,369.96,0.1313,-13.44,4,5
590958,13.73,0.0835,17.81,2.342,0.1167,331.3,0.3109,-16.55,4,50
590959,14.38,0.0583,12.04,2.416,0.0243,364.15,0.1384,-10.66,4,5
590963,13.29,0.0189,4.24,2.229,0.0471,203.8,0.5252,0.71,4,50
590969,13.61,0.0522,10.92,2.384,0.1005,333.25,0.2828,-11.13,4,5
590970,14.25,0.0356,7.77,2.289,0.0538,261.43,0.4395,-3.0,4,50
590971,14.5,0.1013,21.29,2.375,0.0217,388.98,0.083,-18.61,4,5
590972,13.66,0.0702,15.71,2.232,0.0387,282.53,0.4833,-4.97,4,5
590975,14.12,0.0287,5.83,2.457,0.1471,338.59,0.1896,-14.8,4,5
590977,14.01,0.0861,17.98,2.393,0.0503,374.6,0.13,-15.95,4,5
590978,14.03,0.0897,19.17,2.338,0.0198,352.78,0.2698,-13.47,4,5
590979,13.44,0.085,18.29,2.322,0.0359,338.43,0.3176,-11.91,4,5
590980,14.0,0.0534,11.14,2.391,0.0614,344.76,0.2456,-9.71,4,5
590981,14.51,0.0398,8.11,2.449,0.0671,362.33,0.0669,-10.8,4,5
590982,14.1,0.1192,25.6,2.325,0.055,338.36,0.173,-23.43,4,50
590983,14.7,0.1208,25.96,2.323,0.0558,338.91,0.162,-24.26,4,50
590985,14.53,0.0402,8.36,2.4,0.0094,344.6,0.2266,-7.42,4,5
590987,14.29,0.0189,4.15,2.274,0.0867,281.75,0.472,-2.74,4,5
590991,13.92,0.0927,20.32,2.279,0.0461,321.95,0.3765,-12.18,4,5
590997,14.9,0.1299,28.63,2.265,0.0588,343.01,0.2612,-24.98,4,50
591004,14.18,0.0897,19.37,2.314,0.0567,336.04,0.3257,-13.39,4,5
591006,14.65,0.0472,9.67,2.437,0.0462,364.58,0.0851,-10.49,4,5
591007,14.07,0.0082,1.85,2.292,0.0929,326.82,0.2953,-7.44,4,5
591008,14.39,0.0444,9.52,2.326,0.014,315.94,0.3741,-4.75,4,5
591010,14.84,0.0709,14.68,2.412,0.0628,341.5,0.1313,-13.65,4,50
591011,14.34,0.031,6.29,2.458,0.1063,352.94,0.1182,-12.23,4,5
591012,14.44,0.0642,13.55,2.367,0.12,327.8,0.3057,-13.8,4,5
591013,13.82,0.109,23.21,2.345,0.0203,383.54,0.1634,-19.61,4,5
591015,14.51,0.0963,20.21,2.378,0.0487,379.64,0.1305,-17.98,4,5
591016,14.53,0.1008,21.15,2.379,0.049,290.51,0.0796,-19.28,4,50
591017,14.62,0.0816,16.94,2.404,0.0077,351.49,0.0677,-14.51,4,5
591019,14.84,0.1092,23.15,2.356,0.0477,386.77,0.1315,-21.02,4,5
591020,14.04,0.1138,24.17,2.352,0.0671,387.84,0.1278,-23.45,4,5
591023,14.47,0.0663,14.04,2.36,0.0661,337.98,0.2916,-10.71,4,5
591024,13.99,0.0662,14.0,2.361,0.0302,342.97,0.2791,-9.61,4,5
591028,14.44,0.1419,31.96,2.214,0.0371,194.99,0.286,-27.11,4,50
591029,14.38,0.0867,18.08,2.395,0.0599,374.17,0.1287,-16.55,4,5
591030,14.8,0.09,18.76,2.396,0.0108,384.89,0.0335,-16.26,4,5
591032,14.31,0.0755,15.66,2.409,0.0607,369.33,0.128,-14.55,4,5
591033,13.72,0.1089,24.28,2.241,0.0348,127.71,0.3942,-14.41,4,50
591034,14.23,0.0297,6.1,2.435,0.0378,357.59,0.131,-8.42,4,5
591041,14.03,0.0909,19.84,2.288,0.0605,312.44,0.3674,-12.48,4,50
591043,14.59,0.0876,18.69,2.34,0.0595,327.16,0.2804,-13.91,4,50
591048,14.45,0.0659,13.54,2.429,0.0744,366.43,0.0842,-13.87,4,50
591050,14.39,0.0523,10.84,2.408,0.0645,351.13,0.2057,-10.43,4,5
591055,14.47,0.1113,24.02,2.315,0.0343,114.17,0.2419,-18.89,4,50
591056,14.8,0.0797,16.9,2.355,0.0776,343.64,0.2775,-13.79,4,5
591063,14.15,0.0657,14.19,2.31,0.0742,313.31,0.3811,-8.76,4,5
591064,14.35,0.0928,19.79,2.342,0.0634,340.85,0.2635,-15.48,4,50
591066,14.42,0.061,12.52,2.434,0.0876,363.01,0.1107,-14.12,4,5
591067,13.9,0.0094,2.0,2.367,0.0848,325.8,0.3042,-6.79,4,5
591071,14.45,0.0048,1.32,1.948,0.079,334.92,0.2595,-7.34,4,5
591072,14.11,0.0634,13.11,2.415,0.0505,364.32,0.14,-12.09,4,5
591077,14.57,0.0243,4.96,2.443,0.061,355.9,0.126,-9.0,4,5
591082,14.24,0.0533,11.08,2.403,0.0742,347.98,0.2214,-10.79,4,5
591085,14.45,0.0414,8.42,2.456,0.0983,359.21,0.0772,-12.63,4,50
591087,13.83,0.0756,16.16,2.338,0.0793,331.83,0.3204,-12.2,4,5
591101,14.54,0.1375,30.15,2.278,0.0289,4.68,0.1562,-28.05,4,50
591102,14.31,0.0835,17.72,2.352,0.033,352.56,0.2589,-12.82,4,5
591123,14.02,0.0527,11.43,2.301,0.0709,303.41,0.4116,-6.18,4,5
591131,14.35,0.0704,15.29,2.299,0.0362,315.51,0.3864,-7.82,4,5
591135,14.53,0.0338,6.9,2.444,0.0628,358.89,0.1065,-9.84,4,5
591136,14.37,0.0814,16.94,2.398,0.039,373.9,0.1236,-14.68,4,5
591137,14.55,0.1231,26.36,2.333,0.0307,21.34,0.079,-24.21,4,50
591138,14.31,0.056,11.47,2.438,0.0736,365.16,0.0817,-12.78,4,5
591141,14.0,0.0835,17.87,2.334,0.0862,334.74,0.3134,-14.21,4,5
591142,14.63,0.0545,11.16,2.439,0.0768,363.54,0.094,-12.69,4,5
591149,14.78,0.0844,17.82,2.365,0.0321,360.55,0.2227,-13.66,4,5
591150,14.79,0.0797,16.63,2.393,0.0075,343.58,0.1438,-13.53,4,5
591151,14.69,0.0704,14.58,2.41,0.041,368.89,0.1268,-12.89,4,5
591160,14.82,0.1044,22.02,2.367,0.0318,25.47,0.098,-19.23,4,50
591163,14.37,0.0542,11.21,2.416,0.0301,361.01,0.1533,-10.14,4,5
591184,14.72,0.0413,8.43,2.446,0.0945,355.96,0.1254,-11.96,4,50
591188,14.36,0.0576,11.95,2.406,0.0703,352.16,0.2046,-11.38,4,5
591192,14.41,0.0478,9.95,2.396,0.0566,345.1,0.2391,-9.03,4,5
591229,14.61,0.0177,3.6,2.458,0.0913,353.72,0.1106,-10.51,4,5
591230,14.64,0.0666,13.72,2.424,0.08,364.38,0.1248,-14.29,4,5
591434,14.52,0.1298,28.15,2.302,0.0298,10.98,0.1479,-25.6,5,50
591683,14.62,0.0275,5.65,2.427,0.014,355.0,0.159,-7.53,4,5
591692,14.05,0.047,9.81,2.393,0.0466,344.85,0.2432,-8.51,4,5
591693,14.35,0.0767,16.35,2.343,0.0333,341.77,0.296,-10.9,4,5
591713,14.37,0.0773,16.06,2.404,0.046,371.42,0.1263,-14.2,4,5
591714,14.39,0.0563,12.06,2.33,0.0185,323.16,0.3532,-6.5,4,5
591723,14.66,0.0794,17.52,2.263,0.0816,298.83,0.4302,-9.92,4,5
591730,14.71,0.1488,33.06,2.249,0.0184,418.81,0.1174,-32.83,4,5
591733,14.41,0.0526,10.84,2.422,0.0551,359.55,0.15,-10.8,4,5
591736,14.38,0.0651,13.35,2.436,0.1002,363.02,0.107,-15.69,4,5
591738,14.8,0.0232,4.74,2.451,0.0562,359.98,0.0722,-9.16,4,5
591741,13.82,0.0334,6.91,2.413,0.0179,350.72,0.1983,-7.43,4,5
591754,14.62,0.0347,7.17,2.419,0.0367,352.28,0.1844,-8.09,4,5
591756,14.19,0.1146,28.05,2.04,0.041,201.18,0.6305,-7.14,4,5
591757,14.3,0.0212,4.75,2.226,0.0476,205.86,0.528,0.71,4,50
591760,14.04,0.0661,13.91,2.372,0.0558,344.9,0.2632,-10.76,4,5
591761,14.08,0.0522,10.88,2.398,0.0714,345.35,0.2365,-10.24,4,5
591762,14.07,0.0352,7.38,2.384,0.0411,336.65,0.2768,-6.7,4,5
591765,14.24,0.0544,12.13,2.239,0.0726,276.24,0.4936,-3.64,4,50
591768,14.37,0.0201,4.5,2.23,0.0482,211.71,0.5234,0.58,4,50
591770,14.61,0.0142,2.9,2.452,0.0772,354.2,0.1186,-9.46,4,5
591771,14.2,0.0339,7.06,2.4,0.1191,328.04,0.2831,-10.77,4,5
591779,14.71,0.0109,2.25,2.419,0.076,341.35,0.2238,-7.91,4,5
591780,13.86,0.0562,12.37,2.269,0.0589,292.0,0.4513,-4.88,4,5
591781,14.61,0.0375,7.73,2.42,0.0109,355.65,0.1675,-8.07,4,5
591782,14.47,0.0275,5.65,2.43,0.0332,354.96,0.1548,-7.91,4,5
591783,14.39,0.0287,5.9,2.43,0.0296,355.53,0.1523,-7.93,4,5
591788,14.63,0.0815,16.96,2.399,0.0539,312.06,0.1284,-15.0,4,50
591789,14.18,0.0261,5.36,2.432,0.0732,347.54,0.175,-8.91,4,50
591792,14.0,0.025,5.15,2.431,0.0317,354.82,0.1534,-7.76,4,5
591799,14.69,0.0406,8.35,2.428,0.0504,356.6,0.153,-9.39,4,5
591805,14.56,0.0815,16.95,2.4,0.0577,371.45,0.1336,-15.38,4,5
591812,14.5,0.0442,9.12,2.418,0.0517,353.77,0.1811,-9.4,4,5
591817,14.37,0.072,14.98,2.4,0.0057,276.77,0.1479,-12.22,4,5
591826,13.66,0.0549,11.46,2.391,0.0369,349.28,0.2313,-9.25,4,5
591827,13.85,0.0301,6.28,2.388,0.0656,333.48,0.2818,-7.15,4,5
591828,13.29,0.0756,15.78,2.393,0.0703,360.03,0.1907,-14.27,4,5
591831,14.27,0.0572,13.38,2.136,0.0098,228.03,0.6084,1.43,4,5
591838,14.13,0.0243,5.04,2.409,0.105,332.48,0.264,-9.46,4,5
591839,14.49,0.0791,16.5,2.393,0.0691,363.38,0.1782,-14.99,4,5
591850,13.94,0.0836,18.97,2.201,0.0621,273.24,0.5027,-7.16,4,5
591853,13.72,0.0223,5.01,2.229,0.0469,202.72,0.5239,0.54,4,50
591855,13.89,0.103,21.73,2.366,0.0476,277.11,0.1288,-19.29,4,50
591878,14.8,0.0643,13.31,2.413,0.0265,367.28,0.1275,-11.61,4,5
591986,13.5,0.0529,12.57,2.1,0.0308,6.65,0.6465,3.08,4,50
592523,14.26,0.0802,17.57,2.279,0.0385,311.85,0.4021,-8.93,5,5
592699,14.27,0.0201,4.5,2.227,0.0482,210.81,0.5264,0.68,4,50
592717,14.5,0.0782,17.03,2.294,0.0706,314.27,0.3865,-10.38,4,5
592751,13.45,0.1115,23.89,2.331,0.0608,347.97,0.2093,-20.89,4,50
592808,14.55,0.0893,19.14,2.328,0.0306,346.26,0.2937,-13.11,4,5
592813,14.06,0.0852,18.3,2.326,0.0507,338.59,0.3137,-12.56,4,5
592843,13.98,0.1096,24.62,2.223,0.0427,231.68,0.4165,-14.41,4,50
592865,14.32,0.0856,20.34,2.103,0.0321,46.13,0.6157,-1.81,4,50
592875,14.27,0.1004,21.55,2.326,0.0599,354.16,0.2697,-17.12,4,5
592921,14.45,0.0198,4.15,2.379,0.0776,325.61,0.3106,-6.58,4,5
592922,14.21,0.0657,13.8,2.377,0.0284,350.62,0.2418,-10.22,4,5
592927,14.34,0.0102,2.12,2.4,0.0777,334.28,0.2643,-7.24,4,5
592931,14.45,0.0468,9.8,2.385,0.0232,343.22,0.2568,-7.64,4,5
592946,13.7,0.0549,11.9,2.306,0.0607,308.02,0.3994,-6.31,4,5
592948,14.15,0.0951,20.33,2.336,0.1211,338.24,0.2926,-20.1,4,50
592977,14.03,0.0274,5.83,2.343,0.0846,311.39,0.3702,-5.89,4,5
592979,13.94,0.0444,9.39,2.36,0.028,330.62,0.314,-6.36,4,5
592986,14.73,0.0454,9.28,2.442,0.0846,358.16,0.1201,-11.93,4,5
592989,14.02,0.0492,10.12,2.425,0.1131,345.09,0.2048,-13.28,4,5
592995,14.59,0.1112,23.58,2.354,0.0539,326.86,0.1246,-21.73,4,50
592997,14.14,0.0196,4.05,2.41,0.0752,338.46,0.2451,-7.77,4,5
593020,14.42,0.129,28.06,2.295,0.0541,329.13,0.1826,-25.97,4,50
593034,14.57,0.0998,21.07,2.366,0.0417,222.42,0.1517,-17.91,4,50
593057,13.64,0.1131,24.45,2.311,0.0243,369.07,0.2422,-19.39,4,5
593080,14.03,0.1409,30.78,2.286,0.0457,277.88,0.0652,-31.21,4,50
593087,14.48,0.0598,12.75,2.341,0.1041,318.97,0.3484,-10.61,4,50
593088,14.14,0.085,18.76,2.263,0.0043,151.87,0.4159,-8.83,4,5
593094,14.3,0.0437,9.19,2.374,0.0625,332.76,0.2956,-7.78,4,5
593097,14.4,0.0279,5.79,2.406,0.0629,341.0,0.2411,-7.67,4,5
593106,14.63,0.0426,8.83,2.407,0.0316,350.5,0.2082,-8.24,4,5
593109,14.68,0.0502,10.3,2.431,0.0857,355.51,0.1553,-12.1,4,5
593113,14.01,0.1006,22.05,2.279,0.0297,331.92,0.3543,-13.9,4,5
593114,14.99,0.0981,20.65,2.374,0.0391,381.44,0.1296,-17.99,4,5
593116,14.6,0.0202,4.13,2.438,0.0546,353.73,0.1475,-8.31,4,5
593129,14.52,0.0547,11.77,2.321,0.0717,313.08,0.3788,-7.34,4,5
593132,14.05,0.104,22.84,2.274,0.0279,333.01,0.3537,-14.61,4,5
593140,14.55,0.0664,14.26,2.325,0.0543,323.52,0.3521,-8.72,4,5
593176,13.59,0.0762,16.32,2.333,0.0511,334.32,0.3209,-10.84,4,5
593229,13.76,0.0242,5.54,2.18,0.0493,202.21,0.5796,2.29,4,50
593243,14.43,0.0446,9.17,2.428,0.0537,358.14,0.1454,-9.97,4,5
593245,14.95,0.0782,16.16,2.415,0.051,377.12,0.0527,-15.1,4,5
593293,14.47,0.0379,7.77,2.435,0.0488,359.01,0.1256,-9.4,4,5
593301,13.89,0.039,8.14,2.396,0.0706,339.07,0.2573,-8.52,4,5
594074,14.05,0.1135,25.03,2.265,0.0181,341.35,0.3376,-17.12,4,5
594096,14.62,0.0988,20.77,2.376,0.0559,380.54,0.129,-18.93,4,5
594109,14.46,0.0951,19.96,2.38,0.0577,336.55,0.1339,-17.92,4,50
594126,14.01,0.082,17.73,2.308,0.075,323.46,0.3571,-12.11,4,5
594150,14.29,0.0268,5.5,2.43,0.0321,354.93,0.1544,-7.85,4,5
594182,14.28,0.0322,6.74,2.388,0.0243,338.78,0.2671,-6.3,4,5
594185,13.72,0.0709,14.93,2.373,0.0304,352.14,0.2417,-11.02,4,5
594494,14.25,0.076,17.9,2.124,0.0379,123.61,0.6042,-1.0,5,50
594563,13.57,0.0969,21.18,2.284,0.0689,325.18,0.3616,-14.3,4,50
594825,15.01,0.073,15.08,2.418,0.0834,366.05,0.1274,-15.5,4,5
594827,14.72,0.0732,15.24,2.4,0.0378,367.19,0.1524,-12.95,4,5
594902,13.86,0.0624,13.73,2.268,0.0111,296.93,0.4437,-4.72,4,5
594903,13.79,0.022,4.93,2.229,0.0479,209.31,0.5235,0.51,4,50
594905,13.68,0.0904,19.87,2.272,0.027,317.4,0.392,-10.73,4,5
594906,14.15,0.0494,10.39,2.374,0.1088,326.1,0.3087,-10.85,4,5
594907,14.44,0.0847,17.83,2.373,0.0584,361.06,0.211,-14.92,4,5
594908,14.22,0.0219,4.51,2.423,0.1099,335.93,0.2397,-10.17,4,5
594909,14.38,0.0768,16.11,2.381,0.0483,359.19,0.2095,-13.09,4,5
594910,14.66,0.0329,6.76,2.433,0.0596,321.29,0.1508,-8.99,4,50
594911,14.84,0.0853,17.87,2.385,0.0535,368.76,0.1692,-15.46,4,5
594912,13.48,0.0236,5.3,2.225,0.0485,212.03,0.5279,0.57,4,50
594932,14.79,0.0672,13.86,2.422,0.0214,374.22,0.0496,-12.46,4,5
594933,14.79,0.0799,16.64,2.398,0.0413,372.0,0.1338,-14.4,4,5
594945,14.47,0.0853,17.87,2.383,0.0123,372.79,0.1555,-14.43,4,5
595016,14.14,0.0432,9.16,2.356,0.0647,324.48,0.331,-7.04,5,5
595022,14.23,0.0977,21.08,2.314,0.0284,348.24,0.2972,-14.68,5,5
595054,14.17,0.0868,18.33,2.364,0.0349,99.84,0.2101,-14.28,4,50
595062,14.16,0.0853,18.0,2.367,0.0512,360.15,0.2203,-14.56,4,5
595069,14.2,0.1021,21.59,2.364,0.0949,367.35,0.1919,-21.45,4,50
595089,14.01,0.0448,9.35,2.392,0.0575,341.5,0.2553,-8.48,4,5
595233,14.9,0.1122,23.79,2.356,0.0213,396.14,0.0792,-21.32,4,5
595238,14.54,0.0608,12.58,2.413,0.045,362.49,0.1514,-11.4,4,5
595241,14.64,0.0669,13.86,2.411,0.0496,365.29,0.1426,-12.52,4,5
595254,14.18,0.022,4.56,2.409,0.0184,345.35,0.2234,-6.41,4,5
595257,14.25,0.0716,14.9,2.402,0.0419,365.85,0.1562,-12.78,4,5
595268,14.7,0.0901,19.12,2.354,0.0125,362.41,0.2281,-14.26,4,5
595269,14.57,0.0882,18.35,2.4,0.0487,380.9,0.0733,-16.76,4,5
595270,14.25,0.0539,10.95,2.456,0.1122,360.11,0.076,-15.36,4,5
595271,14.54,0.0525,11.05,2.373,0.1306,321.55,0.3171,-12.85,4,5
595279,14.63,0.0572,11.82,2.415,0.0378,361.61,0.1526,-10.69,4,5
595491,14.92,0.0692,14.6,2.366,0.0601,343.5,0.2721,-11.22,5,5
595522,14.86,0.0243,5.0,2.432,0.0325,354.94,0.1513,-7.77,4,5
595529,13.87,0.0559,11.52,2.425,0.0427,364.97,0.1149,-11.09,4,5
595533,14.56,0.0316,6.47,2.44,0.0466,359.22,0.1116,-9.0,4,5
595538,14.46,0.071,14.72,2.409,0.0387,369.13,0.128,-12.9,4,5
595563,14.48,0.0949,20.03,2.364,0.0804,364.98,0.2031,-18.56,4,50
595878,13.89,0.1023,21.6,2.367,0.0414,219.04,0.1285,-18.81,4,50
595894,14.46,0.1012,20.98,2.411,0.1647,361.24,0.1307,-31.33,4,50
595901,14.28,0.0344,7.33,2.345,0.0629,317.16,0.3571,-5.64,4,5
596079,12.97,0.0787,16.41,2.394,0.0891,358.36,0.1943,-15.99,5,5
596085,13.22,0.0229,4.94,2.311,0.0481,231.92,0.4141,-2.78,5,50
596258,14.52,0.1006,21.07,2.384,0.0686,375.98,0.0759,-20.53,4,50
596707,14.51,0.039,8.04,2.418,0.1006,341.47,0.2261,-10.91,5,5
596791,13.66,0.0771,16.19,2.377,0.0327,359.27,0.2146,-12.53,5,5
596796,13.62,0.0519,11.64,2.228,0.1056,267.66,0.5075,-5.04,5,5
596801,14.56,0.0445,9.02,2.464,0.1219,355.28,0.0921,-15.0,5,5
596854,14.8,0.116,26.57,2.18,0.0297,291.48,0.4628,-14.07,5,5
596966,13.88,0.0573,12.03,2.379,0.0804,338.29,0.2744,-10.62,4,5
596976,14.31,0.0816,17.49,2.33,0.0354,339.47,0.3102,-11.47,4,5
596979,14.24,0.1189,26.55,2.237,0.0327,102.15,0.3668,-17.73,4,50
597380,14.6,0.0462,9.55,2.418,0.1156,340.32,0.2291,-12.74,5,5
597525,14.34,0.0986,20.83,2.365,0.0417,218.2,0.1649,-17.32,5,50
597561,14.78,0.0234,4.74,2.461,0.0818,358.47,0.0597,-10.52,4,5
597612,14.71,0.1274,27.38,2.323,0.0445,261.72,0.0764,-26.4,4,50
597629,14.72,0.0947,20.42,2.314,0.0313,344.52,0.3066,-13.9,4,5
597630,14.5,0.0117,2.41,2.432,0.0166,353.64,0.1563,-6.97,4,5
597631,14.86,0.1011,21.15,2.387,0.0935,380.44,0.1024,-22.45,4,50
597640,14.99,0.0994,20.91,2.375,0.0551,380.89,0.1294,-19.03,4,5
597739,14.31,0.1115,24.67,2.257,0.0249,333.6,0.3577,-16.2,4,5
598073,13.71,0.0598,12.58,2.373,0.052,341.78,0.2717,-9.59,5,5
598184,14.56,0.1234,26.87,2.294,0.0174,378.27,0.2272,-22.37,5,5
598243,14.55,0.0803,16.98,2.363,0.0393,179.19,0.2411,-12.54,5,50
598273,14.78,0.0523,10.74,2.432,0.037,137.97,0.074,-10.53,5,50
598314,14.71,0.0814,16.93,2.401,0.1191,355.66,0.1913,-18.89,5,50
598348,14.94,0.0263,5.3,2.481,0.1342,351.18,0.0759,-14.71,4,5
598349,14.58,0.0897,18.79,2.384,0.0144,378.25,0.129,-15.6,4,5
598356,14.81,0.0985,21.74,2.262,0.025,320.08,0.3886,-12.39,4,5
598361,14.79,0.0535,11.04,2.418,0.0452,359.76,0.1558,-10.46,4,5
598368,13.76,0.0195,4.31,2.253,0.0978,272.05,0.498,-2.54,4,5
598370,14.28,0.0842,17.48,2.406,0.0529,378.77,0.0716,-16.2,4,5
598375,14.71,0.0843,17.63,2.386,0.0272,372.13,0.1536,-14.53,4,5
598379,14.11,0.0577,11.94,2.414,0.0237,362.83,0.1488,-10.47,4,5
598385,14.51,0.0163,3.35,2.421,0.0805,341.32,0.2233,-8.31,4,5
598386,14.56,0.0664,13.83,2.399,0.0162,362.71,0.1732,-11.19,4,5
598387,14.83,0.0679,15.02,2.257,0.0818,289.21,0.4556,-7.3,4,5
598393,14.04,0.0931,19.73,2.358,0.0499,290.13,0.2138,-15.95,4,50
598396,14.47,0.0579,12.16,2.375,0.0247,344.54,0.2608,-8.75,4,5
598398,14.61,0.0461,9.4,2.45,0.0785,363.51,0.0504,-12.12,4,5
598399,14.9,0.0318,6.47,2.456,0.1083,351.66,0.131,-12.31,4,5
598400,14.5,0.0787,16.74,2.347,0.0217,346.29,0.2814,-11.28,4,5
598401,14.48,0.0794,16.88,2.35,0.0816,340.29,0.2893,-13.72,4,5
598402,14.56,0.0368,7.55,2.43,0.066,353.46,0.1637,-9.62,4,5
598404,14.38,0.0549,11.39,2.406,0.0848,347.47,0.2203,-11.63,4,5
598405,14.56,0.0667,14.32,2.325,0.0673,321.67,0.3557,-9.25,4,5
598406,14.71,0.0439,8.87,2.47,0.1413,351.09,0.1081,-16.53,4,50
598407,14.83,0.0142,3.0,2.361,0.1166,310.27,0.3587,-7.69,4,5
598411,14.44,0.1196,25.59,2.334,0.0439,255.15,0.1308,-23.35,4,50
598418,14.16,0.0744,15.48,2.399,0.0211,369.34,0.1445,-12.81,4,5
598426,15.31,0.039,7.85,2.483,0.1377,354.53,0.0217,-16.35,4,5
598427,14.93,0.0346,7.05,2.451,0.0956,354.38,0.1236,-11.66,4,5
598428,14.68,0.0742,15.37,2.412,0.065,368.71,0.125,-14.58,4,5
598431,14.43,0.0759,16.03,2.364,0.0345,351.59,0.2513,-11.72,4,5
598433,14.67,0.0419,8.67,2.415,0.0964,342.42,0.2264,-10.89,4,5
598434,13.96,0.1019,23.4,2.175,0.0092,270.62,0.5036,-9.14,4,5
598435,14.38,0.063,12.98,2.426,0.0186,372.89,0.045,-11.85,4,5
598436,14.37,0.0416,8.56,2.425,0.0381,357.62,0.1522,-9.09,4,5
598437,14.43,0.0738,15.47,2.383,0.0439,358.31,0.21,-12.42,4,5
598440,13.79,0.0904,20.36,2.217,0.0369,144.82,0.4723,-8.14,4,50
598447,14.68,0.0344,7.08,2.427,0.0286,356.55,0.1522,-8.28,4,5
598448,14.55,0.0433,9.07,2.384,0.1074,327.74,0.2979,-10.35,4,5
598450,14.65,0.0606,12.78,2.367,0.0249,342.56,0.2755,-8.86,4,5
598452,14.72,0.0695,14.4,2.411,0.0437,368.44,0.1264,-12.85,4,5
598456,14.72,0.0761,15.8,2.405,0.0444,370.99,0.1265,-13.93,4,5
598470,14.47,0.0838,17.46,2.397,0.0533,373.25,0.1302,-15.64,4,5
598471,14.0,0.0817,17.48,2.335,0.0199,343.44,0.2973,-11.44,4,5
598490,14.27,0.0584,11.99,2.431,0.076,362.99,0.1157,-12.95,4,5
598492,14.25,0.0662,13.67,2.416,0.0696,363.19,0.1443,-13.36,4,5
598493,14.24,0.1059,22.79,2.322,0.0329,363.26,0.2508,-17.68,4,5
598494,14.64,0.0239,4.84,2.464,0.1222,348.4,0.1338,-12.91,4,5
598500,14.53,0.0472,9.75,2.416,0.0983,344.41,0.219,-11.67,4,5
598501,14.27,0.0861,18.14,2.369,0.015,365.88,0.2007,-13.96,4,5
598503,14.3,0.0958,21.05,2.273,0.0448,322.08,0.3782,-12.69,4,5
598505,14.13,0.0941,20.94,2.243,0.0469,243.68,0.4251,-11.04,4,50
598550,14.4,0.0511,10.55,2.417,0.0807,351.13,0.1939,-11.35,4,5
598560,14.37,0.099,20.91,2.365,0.0362,136.85,0.1535,-17.52,4,50
599043,14.78,0.1108,23.21,2.389,0.1279,379.3,0.0822,-28.62,4,50
599047,14.29,0.0463,9.58,2.412,0.0804,346.82,0.2152,-10.48,4,5
599053,14.56,0.0604,12.66,2.383,0.0853,340.63,0.264,-11.54,4,5
599054,14.56,0.0345,6.99,2.465,0.1103,355.41,0.0859,-13.11,4,5
599055,14.55,0.0453,9.27,2.441,0.0587,363.21,0.086,-10.8,4,5
599060,14.57,0.1408,30.76,2.287,0.0476,294.91,0.0727,-31.2,4,50
599061,14.72,0.0894,18.71,2.387,0.0368,377.34,0.1282,-16.1,4,5
599069,14.64,0.0645,13.27,2.426,0.0409,371.89,0.0589,-12.53,4,5
599072,14.59,0.0846,17.63,2.396,0.0557,373.53,0.1292,-15.92,4,5
599097,14.72,0.0665,13.73,2.419,0.0678,365.23,0.1283,-13.47,4,5
599105,14.39,0.058,12.13,2.386,0.0054,248.4,0.2316,-9.1,4,5
599111,14.36,0.0425,8.69,2.439,0.0486,362.65,0.0939,-10.06,4,5
599113,14.47,0.0253,5.25,2.411,0.12,329.53,0.2702,-10.54,4,5
599121,15.04,0.0053,1.8,0.125,0.1576,345.55,0.0823,-16.16,4,50
599125,14.53,0.0771,15.74,2.446,0.1373,363.01,0.0778,-21.7,4,50
599126,14.78,0.0739,15.24,2.422,0.0681,372.86,0.0697,-15.15,4,5
599127,14.58,0.0471,9.67,2.433,0.0075,335.71,0.0751,-9.74,4,5
599133,14.27,0.024,4.94,2.426,0.0435,351.14,0.1787,-7.71,4,5
599143,14.38,0.0083,1.74,2.406,0.038,344.12,0.221,-6.41,4,5
599166,14.48,0.058,11.84,2.446,0.1125,358.24,0.1159,-15.6,4,5
599167,15.1,0.0291,5.88,2.472,0.1271,351.53,0.099,-13.87,4,50
599173,15.06,0.0328,6.61,2.477,0.1345,351.56,0.0878,-15.0,4,50
599176,14.77,0.1053,22.34,2.355,0.0631,376.21,0.1753,-20.27,4,5
599178,14.27,0.0295,6.06,2.431,0.0386,355.29,0.1523,-8.2,4,5
599179,14.72,0.1062,22.69,2.339,0.0067,327.4,0.199,-18.2,4,5
599180,14.45,0.1088,23.02,2.361,0.0636,366.26,0.1235,-21.7,4,50
599182,14.62,0.0812,17.74,2.285,0.0221,316.9,0.3891,-9.1,4,5
599184,14.58,0.0228,4.75,2.4,0.0235,341.58,0.2458,-6.15,4,5
599185,14.67,0.0201,4.11,2.447,0.0434,359.35,0.0897,-8.44,4,5
599186,14.85,0.1393,30.44,2.286,0.0297,10.28,0.0906,-29.49,4,50
599187,14.8,0.0844,17.58,2.399,0.0626,373.01,0.1273,-16.26,4,5
599188,14.54,0.035,7.21,2.425,0.0193,356.45,0.1564,-8.11,4,5
599191,14.95,0.1209,25.75,2.344,0.0593,358.39,0.0545,-25.51,4,50
599195,14.77,0.1086,22.96,2.36,0.0661,371.46,0.1258,-22.01,4,50
599198,14.4,0.0604,12.63,2.389,0.068,346.74,0.2413,-10.97,4,5
599204,14.41,0.0877,19.09,2.294,0.0695,322.23,0.3666,-12.57,4,5
599205,14.98,0.0646,13.33,2.42,0.0375,369.32,0.1016,-12.17,4,5
599211,14.72,0.0237,4.83,2.449,0.0893,351.78,0.1414,-10.33,4,5
599216,14.3,0.0303,6.22,2.435,0.0531,290.32,0.1408,-8.65,4,50
599217,14.3,0.0661,14.07,2.344,0.0197,335.37,0.3134,-8.67,4,5
599219,14.58,0.0674,13.91,2.419,0.0199,373.16,0.0726,-12.34,4,5
599222,14.54,0.0387,7.94,2.431,0.0315,4.25,0.1191,-8.69,4,50
599223,14.55,0.1139,24.32,2.338,0.041,221.1,0.158,-21.4,4,50
599224,15.04,0.0632,12.82,2.463,0.1484,356.06,0.089,-20.26,4,50
599227,13.95,0.0307,6.33,2.42,0.0049,221.49,0.1767,-7.45,4,5
599228,13.79,0.1037,21.93,2.362,0.0443,251.65,0.1418,-19.09,4,50
599234,14.23,0.0591,12.08,2.441,0.0846,365.58,0.0709,-13.95,4,5
599241,13.81,0.0193,4.03,2.394,0.082,330.57,0.2845,-7.35,4,5
599242,14.6,0.059,12.14,2.43,0.1153,352.05,0.1726,-15.13,4,50
599243,14.25,0.018,3.69,2.435,0.0529,352.15,0.1606,-8.0,4,5
599250,13.96,0.081,17.39,2.325,0.0555,333.9,0.3257,-11.72,4,5
599254,14.73,0.0774,16.09,2.402,0.0419,371.52,0.1284,-14.05,4,5
599255,14.6,0.0211,4.33,2.429,0.0195,353.83,0.1612,-7.26,4,5
599256,14.52,0.0519,10.67,2.427,0.0435,363.35,0.1188,-10.62,4,5
599257,14.51,0.0576,11.87,2.421,0.0463,363.64,0.1316,-11.26,4,5
599258,14.63,0.049,10.06,2.431,0.0517,362.14,0.1178,-10.61,4,5
599259,14.5,0.0964,20.24,2.378,0.0442,380.27,0.1284,-17.8,4,5
599261,14.42,0.0838,17.96,2.331,0.0393,341.5,0.304,-12.12,4,5
599263,14.16,0.0755,15.68,2.406,0.0483,370.24,0.1289,-13.97,4,5
599267,14.73,0.0693,14.32,2.418,0.0464,255.05,0.086,-13.06,4,50
599268,14.61,0.0954,20.49,2.325,0.0128,352.53,0.2799,-14.3,4,5
599269,14.1,0.0685,14.54,2.351,0.0302,339.76,0.2958,-9.59,4,5
599270,14.4,0.0358,7.33,2.443,0.0584,360.08,0.1006,-9.85,4,5
599276,14.88,0.0625,12.9,2.421,0.0255,369.49,0.0966,-11.61,4,5
599277,14.33,0.0829,17.25,2.4,0.0911,365.28,0.1586,-17.34,4,50
599281,14.61,0.0503,10.32,2.436,0.1309,344.29,0.1937,-15.22,4,5
599283,14.65,0.0818,16.8,2.431,0.1298,364.98,0.1012,-21.53,4,50
599286,14.49,0.0399,8.17,2.435,0.0826,353.28,0.1576,-10.85,4,5
599294,14.73,0.1116,23.58,2.365,0.0623,364.57,0.0661,-22.84,4,50
599296,14.77,0.0575,11.79,2.434,0.0889,360.28,0.1262,-13.55,4,5
599297,14.41,0.0975,20.88,2.332,0.0544,354.86,0.2647,-16.33,4,5
599314,14.42,0.1043,21.95,2.373,0.0257,392.04,0.0638,-19.54,4,5
599322,14.24,0.1472,32.58,2.257,0.0297,14.98,0.1073,-32.26,4,50
599325,14.7,0.0743,15.41,2.405,0.0387,370.47,0.1275,-13.41,4,5
599344,14.14,0.0533,11.98,2.22,0.0517,236.83,0.5162,-2.01,4,50
599353,14.29,0.0988,21.08,2.341,0.0648,350.22,0.242,-17.48,4,50
599354,14.35,0.0207,4.35,2.379,0.0608,328.25,0.3047,-5.98,4,5
599391,14.42,0.0339,6.96,2.434,0.1025,345.5,0.1927,-11.2,4,5
599541,14.47,0.0985,23.62,2.083,0.0565,203.44,0.6119,-5.32,5,50
599570,14.07,0.0489,10.7,2.28,0.0414,295.58,0.4419,-3.83,5,5
599698,14.56,0.0819,17.05,2.4,0.0557,372.39,0.1289,-15.42,4,5
599728,14.43,0.0561,11.67,2.401,0.0458,353.62,0.2045,-10.11,4,5
599741,14.38,0.08,16.62,2.403,0.0562,371.7,0.1271,-15.11,4,5
599769,14.12,0.0208,4.41,2.356,0.0138,322.72,0.3379,-4.09,4,5
599770,14.39,0.0591,12.15,2.427,0.1024,355.05,0.1641,-14.08,4,50
599775,14.63,0.0616,12.65,2.431,0.0941,360.14,0.1335,-14.42,4,5
599779,14.04,0.0834,17.94,2.322,0.055,334.8,0.3248,-12.15,4,5
599780,14.8,0.0482,9.91,2.431,0.0165,365.64,0.0916,-9.83,4,5
599782,15.01,0.0399,7.97,2.497,0.1669,348.74,0.0481,-19.45,4,50
599787,14.55,0.0223,4.58,2.433,0.0885,345.19,0.1955,-9.48,4,5
599807,14.38,0.0436,9.12,2.389,0.0574,339.93,0.2623,-8.23,4,5
599808,14.57,0.0374,7.79,2.397,0.0403,343.17,0.2442,-7.45,4,5
599809,14.44,0.1265,27.42,2.303,0.0397,211.71,0.1801,-24.66,4,50
599812,14.63,0.0787,16.37,2.401,0.0445,371.86,0.1286,-14.36,4,5
599813,14.44,0.0769,15.96,2.405,0.0507,370.88,0.1263,-14.32,4,5
599821,14.55,0.0992,20.86,2.376,0.0546,381.08,0.1271,-18.96,4,5
599822,14.47,0.0474,9.79,2.418,0.0458,356.22,0.1711,-9.64,4,5
599823,14.76,0.119,25.41,2.34,0.0362,146.17,0.0965,-23.2,4,50
599824,14.44,0.0827,17.74,2.326,0.0518,336.61,0.3182,-12.03,4,5
599825,14.29,0.0421,8.7,2.42,0.102,342.98,0.2191,-11.44,4,5
599849,14.7,0.0256,5.27,2.429,0.0234,355.02,0.1547,-7.61,4,5
599861,14.36,0.0562,11.84,2.369,0.0624,336.3,0.2901,-9.21,4,5
599865,14.61,0.0779,16.51,2.355,0.0461,347.65,0.2693,-12.07,4,5
599879,14.37,0.0603,12.59,2.39,0.044,351.3,0.2257,-10.21,4,5
599895,14.18,0.1326,29.48,2.252,0.0531,329.77,0.2857,-25.05,4,50
600207,14.18,0.1089,23.07,2.357,0.0499,300.27,0.1216,-21.06,5,50
600435,13.73,0.0459,9.85,2.325,0.0815,309.73,0.384,-6.79,4,5
600437,14.23,0.0996,20.95,2.374,0.0523,381.1,0.1301,-18.89,4,5
600457,14.39,0.0356,7.26,2.45,0.0575,363.27,0.0404,-10.13,4,5
600463,14.0,0.0889,19.33,2.296,0.0302,329.02,0.3546,-11.55,4,5
600466,14.24,0.0678,14.02,2.417,0.098,357.84,0.1678,-15.13,4,50
600484,14.26,0.0835,17.69,2.357,0.0333,50.61,0.2439,-12.84,4,50
600486,14.2,0.0788,16.73,2.353,0.0344,348.52,0.2699,-11.84,4,5
600492,14.56,0.0917,19.18,2.387,0.0569,376.32,0.1326,-17.35,4,5
600496,14.45,0.03,6.16,2.428,0.1028,341.79,0.2141,-10.59,4,5
600506,14.33,0.0875,18.69,2.338,0.0509,287.22,0.2789,-13.66,4,50
600507,14.63,0.0448,9.24,2.421,0.0386,357.42,0.1596,-9.3,4,5
600508,14.5,0.0783,17.08,2.29,0.0567,314.22,0.3904,-9.61,4,5
600515,14.36,0.0315,7.06,2.225,0.0476,209.24,0.524,0.08,4,50
600518,14.04,0.0873,18.74,2.325,0.028,342.71,0.3053,-12.4,4,5
600526,14.77,0.0667,13.75,2.422,0.0066,315.93,0.0359,-12.25,4,5
600527,14.39,0.0654,14.08,2.319,0.0352,322.18,0.3606,-7.76,4,5
600548,13.83,0.0963,20.68,2.326,0.0564,349.55,0.2833,-15.74,4,5
600549,14.58,0.0813,17.45,2.325,0.0572,334.14,0.3246,-11.87,4,5
600551,14.45,0.0745,15.45,2.407,0.0183,373.5,0.1066,-13.15,4,5
600556,14.07,0.0196,4.16,2.353,0.0672,316.3,0.3546,-5.06,4,5
600558,14.36,0.0683,15.0,2.273,0.0397,301.59,0.4287,-6.42,4,5
600564,14.28,0.1118,24.22,2.305,0.0346,120.84,0.261,-18.66,4,50
600579,14.33,0.0857,17.89,2.392,0.0361,375.62,0.1276,-15.34,4,5
600598,14.7,0.095,19.92,2.38,0.0484,283.71,0.1259,-17.52,4,50
600605,14.54,0.0732,16.02,2.282,0.0263,309.77,0.4072,-7.42,4,5
600610,14.84,0.1185,25.18,2.35,0.0655,377.35,0.0798,-24.91,4,50
600888,13.33,0.0167,3.43,2.43,0.0942,341.85,0.2113,-9.35,5,5
600895,14.08,0.0598,12.28,2.433,0.0561,369.22,0.0588,-12.5,5,5
600905,14.48,0.0356,7.23,2.461,0.0867,361.05,0.0231,-11.76,5,5
600919,13.64,0.0321,7.14,2.246,0.04,150.39,0.4981,-0.59,5,50
600935,13.79,0.0461,9.57,2.405,0.1361,329.24,0.2728,-13.7,5,5
600997,14.49,0.0994,21.12,2.35,0.0103,371.67,0.1986,-16.66,5,5
601007,15.13,0.0335,7.1,2.358,0.0587,322.71,0.3352,-5.92,5,5
601037,14.35,0.1291,27.78,2.322,0.0416,237.73,0.0563,-26.81,5,50
601227,14.44,0.0332,6.74,2.459,0.1229,348.74,0.1419,-13.51,4,5
601244,13.89,0.0664,14.27,2.323,0.0707,320.27,0.3596,-9.28,4,5
601246,14.41,0.0862,18.1,2.378,0.0775,360.67,0.2052,-16.4,4,5
601253,13.55,0.0459,9.65,2.378,0.0511,336.9,0.2815,-7.82,4,5
601254,14.28,0.0787,16.62,2.365,0.0717,348.64,0.2561,-13.67,4,5
601255,13.49,0.0822,17.71,2.317,0.0664,329.34,0.3398,-12.11,4,5
601271,13.88,0.0391,8.35,2.337,0.122,304.98,0.3823,-8.94,4,5
601272,13.83,0.0441,9.52,2.313,0.0756,304.71,0.4032,-5.78,4,5
601274,14.61,0.0593,12.21,2.427,0.0617,364.62,0.1157,-12.29,4,5
601275,14.01,0.1062,22.45,2.363,0.0551,329.99,0.1306,-20.32,4,50
601282,14.74,0.0922,19.43,2.37,0.0343,83.86,0.1715,-15.75,4,50
601285,14.17,0.0656,13.53,2.421,0.0663,353.9,0.1178,-13.18,4,50
601292,13.94,0.0172,3.92,2.195,0.0863,249.5,0.5638,0.58,4,50
601293,14.42,0.0215,4.81,2.229,0.0481,210.1,0.5241,0.55,4,50
601294,14.78,0.0408,9.0,2.262,0.0456,207.94,0.4732,-2.1,4,50
601297,14.51,0.0737,15.24,2.413,0.0244,375.59,0.0725,-13.38,4,5
601298,14.85,0.019,3.91,2.429,0.0191,353.7,0.1605,-7.18,4,5
601299,14.49,0.0264,5.43,2.43,0.0328,354.82,0.1547,-7.84,4,5
601300,14.84,0.1043,22.04,2.363,0.0565,334.7,0.1407,-19.9,4,50
601301,14.57,0.0967,20.31,2.378,0.047,380.04,0.1299,-17.98,4,5
601302,15.04,0.0692,14.32,2.415,0.0614,366.52,0.1309,-13.53,4,5
601304,14.63,0.0818,17.07,2.393,0.0037,116.95,0.1297,-14.03,4,5
601305,14.4,0.1069,22.52,2.382,0.1604,357.81,0.1786,-31.13,4,50
601306,14.89,0.0847,17.68,2.394,0.0398,374.95,0.1275,-15.28,4,5
601311,13.0,0.0804,18.26,2.199,0.0296,272.1,0.5109,-5.33,4,5
601312,14.58,0.0663,13.9,2.38,0.0066,302.87,0.2306,-10.2,4,5
601314,14.35,0.0566,11.67,2.424,0.0804,357.36,0.1589,-12.51,4,5
601317,14.61,0.1004,21.11,2.376,0.0655,380.33,0.1293,-19.86,4,5
601318,14.03,0.0204,4.21,2.417,0.0781,340.96,0.2291,-8.24,4,5
601321,14.74,0.0409,8.38,2.435,0.0499,360.13,0.1195,-9.75,4,5
601323,14.78,0.0217,4.38,2.468,0.1136,352.09,0.1014,-12.4,4,5
601325,13.77,0.0843,19.12,2.202,0.0281,276.22,0.5008,-6.28,4,5
601329,14.87,0.05,10.36,2.411,0.0464,354.29,0.1896,-9.67,4,5
601340,14.09,0.0141,2.98,2.361,0.0802,316.83,0.3471,-5.67,4,5
601341,14.29,0.0555,12.15,2.282,0.0141,300.46,0.4308,-4.33,4,5
601347,13.65,0.0317,6.83,2.319,0.0332,307.9,0.397,-3.51,4,5
601351,14.46,0.0473,9.76,2.421,0.0717,353.15,0.1795,-10.65,4,5
601352,14.26,0.0275,5.73,2.395,0.1111,326.24,0.2938,-9.46,4,5
601360,14.31,0.0449,9.24,2.424,0.052,356.8,0.1585,-9.77,4,5
601376,14.25,0.0773,16.13,2.394,0.0411,367.5,0.1607,-13.62,4,5
601377,14.73,0.0397,8.25,2.404,0.0236,348.61,0.2185,-7.68,4,5
601392,14.68,0.0611,12.62,2.416,0.0927,353.78,0.1844,-13.56,4,5
601394,14.65,0.0739,15.34,2.407,0.0494,369.18,0.132,-13.72,4,5
601397,14.79,0.0543,11.25,2.41,0.0204,359.19,0.1704,-9.74,4,5
601403,14.23,0.0669,13.81,2.419,0.0786,363.07,0.1396,-14.07,4,5
601408,14.5,0.0714,14.8,2.411,0.0532,368.42,0.1272,-13.52,4,5
601410,14.64,0.0668,13.72,2.432,0.1059,360.81,0.1276,-16.22,4,5
601411,14.11,0.095,20.81,2.279,0.0281,325.8,0.3693,-12.28,4,5
601416,14.51,0.0369,7.8,2.359,0.1012,317.04,0.3446,-8.22,4,5
601424,15.06,0.0181,3.72,2.431,0.0601,349.49,0.1787,-8.07,4,5
601425,14.54,0.1234,26.66,2.311,0.035,135.22,0.1763,-23.45,4,50
601433,14.02,0.0942,21.39,2.198,0.0576,278.73,0.4894,-9.32,4,5
601434,14.65,0.1208,26.03,2.32,0.0439,256.13,0.1785,-22.88,4,50
601436,14.7,0.0505,10.55,2.391,0.0731,341.5,0.2545,-9.81,4,5
601438,14.56,0.0362,7.52,2.4,0.0481,343.01,0.2419,-7.64,4,5
601441,14.52,0.0771,16.25,2.369,0.0075,334.36,0.2315,-11.81,4,5
601442,14.46,0.0239,4.9,2.437,0.0726,348.35,0.1613,-8.94,4,50
601443,14.63,0.0415,8.56,2.422,0.0164,358.05,0.1546,-8.61,4,5
601446,14.83,0.095,19.95,2.379,0.0532,315.1,0.134,-17.62,4,50
601454,14.29,0.1052,22.59,2.326,0.0301,364.89,0.2434,-17.58,4,5
601499,14.93,0.0229,4.67,2.444,0.0907,349.44,0.1608,-10.14,4,5
601514,14.08,0.1039,22.4,2.318,0.0488,355.79,0.2724,-17.34,4,5
601825,13.95,0.0302,6.0,2.503,0.1738,345.31,0.0521,-19.59,5,5
601861,14.31,0.0755,15.73,2.397,0.1005,353.6,0.2072,-16.09,5,5
601862,14.54,0.0781,16.3,2.392,0.0413,197.78,0.1639,-13.45,5,50
602088,13.85,0.0252,5.18,2.424,0.0983,340.22,0.2239,-9.8,4,5
602090,14.85,0.0502,10.21,2.453,0.1,361.58,0.0678,-13.76,4,50
602092,14.66,0.0575,11.79,2.434,0.0494,369.08,0.0553,-11.93,4,5
602113,14.49,0.0326,6.68,2.437,0.0975,348.07,0.1787,-10.79,4,50
602133,14.51,0.1426,31.5,2.26,0.0384,198.75,0.1663,-30.21,4,50
602134,14.39,0.1193,25.68,2.319,0.0437,255.67,0.1804,-22.89,4,50
602136,14.57,0.0377,7.76,2.425,0.0302,356.91,0.1539,-8.54,4,5
602145,14.64,0.0505,10.31,2.444,0.0773,363.27,0.0804,-12.35,4,5
602194,14.06,0.0743,15.4,2.408,0.0486,370.0,0.126,-13.8,4,5
602210,14.5,0.0805,16.71,2.406,0.0614,372.62,0.1158,-15.57,4,5
602211,14.48,0.083,17.28,2.397,0.0525,372.78,0.1317,-15.44,4,5
602215,14.5,0.076,15.81,2.401,0.0445,369.11,0.1425,-13.74,4,5
602219,14.97,0.0657,13.58,2.415,0.0475,366.58,0.1283,-12.41,4,5
602224,14.42,0.0431,9.24,2.327,0.0826,309.27,0.3843,-6.57,4,5
602227,14.87,0.0193,3.99,2.421,0.0876,340.03,0.2278,-8.75,4,5
602232,13.74,0.0359,7.37,2.435,0.0911,349.67,0.1738,-10.85,4,5
602238,14.18,0.0427,8.82,2.418,0.0901,345.47,0.2128,-10.76,4,5
602239,14.45,0.0846,17.63,2.395,0.0447,374.78,0.1255,-15.45,4,5
602247,14.09,0.0677,14.25,2.373,0.0486,347.49,0.2552,-10.85,4,5
602250,14.81,0.0701,14.85,2.356,0.0708,337.66,0.2948,-11.4,4,5
602254,14.39,0.0622,13.18,2.355,0.0786,330.9,0.3127,-10.29,4,5
602258,14.47,0.1102,23.38,2.354,0.0429,388.63,0.1254,-21.14,4,5
602261,14.62,0.0399,8.32,2.395,0.0617,340.42,0.2546,-8.23,4,5
602263,14.02,0.0333,6.81,2.443,0.0762,355.29,0.1333,-10.24,4,5
602283,14.25,0.0883,19.19,2.299,0.0655,325.95,0.3561,-12.77,4,5
602321,14.25,0.0664,13.85,2.395,0.022,360.33,0.1884,-11.06,4,5
602323,14.35,0.0601,12.43,2.414,0.1159,345.53,0.2155,-14.76,4,5
602363,13.95,0.0572,11.85,2.411,0.0663,355.36,0.1851,-11.42,4,5
602995,14.59,0.0948,20.18,2.346,0.0427,360.64,0.2391,-15.73,5,5
603001,14.11,0.0449,9.26,2.422,0.0399,357.48,0.1589,-9.36,5,5
603025,14.19,0.0694,14.4,2.406,0.1295,344.02,0.2254,-17.32,5,5
603128,14.42,0.0712,14.86,2.393,0.1137,344.64,0.2385,-15.86,5,5
603370,14.48,0.1023,21.65,2.361,0.0996,366.4,0.1973,-21.83,4,50
603372,14.87,0.0606,12.47,2.428,0.1215,349.55,0.1845,-15.88,4,5
603375,14.61,0.1267,27.5,2.3,0.0381,192.51,0.1879,-24.47,4,50
603491,14.18,0.0766,15.97,2.397,0.0377,368.35,0.1536,-13.48,4,5
603516,14.02,0.1164,26.61,2.185,0.0306,295.71,0.4532,-14.57,4,5
603580,14.04,0.0792,17.54,2.255,0.0534,298.27,0.439,-8.17,4,5
603584,14.25,0.0963,20.21,2.379,0.0458,380.26,0.1271,-17.87,4,5
603588,14.31,0.0561,11.61,2.416,0.0379,361.32,0.1525,-10.57,4,5
603617,14.49,0.0778,16.16,2.403,0.0493,370.67,0.1323,-14.34,4,5
603620,14.33,0.0655,13.57,2.41,0.0664,360.42,0.1667,-12.79,4,5
603628,14.47,0.0663,13.68,2.42,0.0186,372.89,0.0708,-12.18,4,5
603629,14.59,0.0215,4.4,2.445,0.0434,358.72,0.1011,-8.42,4,5
603631,14.24,0.0455,9.37,2.426,0.0136,361.84,0.1285,-9.22,4,5
603635,14.61,0.0129,2.68,2.09,0.1699,293.51,0.3935,-11.54,4,5
603636,14.69,0.0834,17.3,2.409,0.0504,379.64,0.0522,-16.02,4,5
603663,14.78,0.0921,19.26,2.388,0.0679,366.17,0.129,-17.93,4,50
603709,14.57,0.1057,22.34,2.364,0.0551,328.8,0.1302,-20.11,4,50
603740,14.03,0.1112,25.11,2.211,0.0481,259.71,0.4323,-14.37,4,50
603742,14.08,0.0902,19.53,2.306,0.0885,327.62,0.3445,-14.71,4,50
603743,14.39,0.0754,15.66,2.404,0.0405,370.81,0.1279,-13.66,4,5
603745,14.42,0.0644,13.29,2.42,0.0553,366.29,0.1211,-12.62,4,5
603747,14.44,0.085,17.72,2.395,0.0495,374.45,0.127,-15.72,4,5
603763,14.15,0.0503,10.42,2.411,0.0923,345.6,0.2201,-11.57,4,5
603765,14.1,0.035,7.2,2.43,0.0795,349.85,0.1805,-9.96,4,5
603767,14.65,0.0867,18.87,2.294,0.05,323.98,0.3656,-11.48,4,5
603768,14.26,0.0568,12.11,2.344,0.0527,326.99,0.333,-7.92,4,5
603787,14.31,0.0617,13.1,2.35,0.0618,331.12,0.3174,-9.25,4,5
603819,14.41,0.0111,2.27,2.44,0.0845,357.49,0.0488,-10.27,4,5
603828,14.25,0.0616,12.87,2.391,0.053,351.26,0.2249,-10.74,4,5
603835,14.72,0.0445,9.15,2.429,0.0359,360.96,0.1278,-9.55,4,5
603836,14.15,0.0575,12.3,2.336,0.0847,319.3,0.3542,-8.85,4,50
603843,14.69,0.1008,21.14,2.38,0.0442,248.54,0.0692,-19.05,4,50
603868,14.27,0.0289,5.93,2.438,0.0248,359.7,0.1116,-8.26,4,5
603925,14.4,0.0444,9.12,2.429,0.0558,358.15,0.1435,-10.06,4,5
603928,14.77,0.1115,23.62,2.356,0.0329,57.89,0.0851,-21.17,4,50
604173,14.41,0.0924,19.29,2.392,0.0735,376.07,0.1229,-18.62,4,5
605056,14.35,0.0594,13.24,2.241,0.0467,219.02,0.4844,-3.58,5,50
605058,14.57,0.0815,18.06,2.253,0.0631,297.73,0.4387,-8.98,5,5
605063,14.5,0.1037,22.56,2.295,0.0664,336.92,0.3208,-16.85,5,50
605359,14.48,0.0653,13.47,2.42,0.0667,364.91,0.1282,-13.23,4,5
605418,14.88,0.0753,15.63,2.405,0.0386,371.12,0.1253,-13.6,4,5
605441,13.79,0.04,8.61,2.322,0.0205,312.38,0.3849,-4.19,4,5
605444,14.47,0.0951,20.2,2.35,0.0208,365.85,0.2204,-15.51,4,5
605947,14.85,0.0266,5.47,2.428,0.0394,353.02,0.1678,-7.87,5,5
605994,14.33,0.0188,3.87,2.426,0.0428,350.18,0.1819,-7.41,5,5
606014,14.3,0.0243,4.92,2.461,0.1314,344.32,0.1601,-13.44,5,5
606621,14.72,0.0321,6.59,2.431,0.0322,356.86,0.1445,-8.29,4,5
606630,14.72,0.0574,12.03,2.384,0.069,342.81,0.2574,-10.33,4,5
606642,14.7,0.0704,14.61,2.405,0.039,366.81,0.1459,-12.61,4,5
606825,14.5,0.0377,7.88,2.392,0.0634,337.8,0.2659,-7.91,5,5
606827,14.18,0.0748,16.28,2.295,0.0399,316.22,0.3857,-8.58,5,5
606830,14.46,0.0595,13.09,2.268,0.0392,294.75,0.447,-4.75,5,5
606831,14.12,0.0257,5.63,2.281,0.0838,286.35,0.4596,-3.1,5,50
606906,14.1,0.0499,11.24,2.217,0.0386,135.78,0.5228,-1.09,5,50
606917,14.71,0.025,5.09,2.452,0.1311,341.11,0.1871,-13.05,4,5
606918,14.48,0.033,7.04,2.339,0.0552,314.92,0.3674,-4.98,4,5
606923,14.92,0.0861,17.98,2.393,0.0461,375.34,0.1264,-15.81,4,5
606927,14.86,0.0897,18.74,2.392,0.0547,377.02,0.12,-16.96,4,5
606929,14.7,0.0235,4.82,2.432,0.0093,352.04,0.1421,-7.48,4,5
606933,14.19,0.0855,18.58,2.297,0.0945,317.5,0.3711,-13.66,4,5
606936,14.79,0.096,20.16,2.378,0.0453,379.93,0.1293,-17.78,4,5
606987,14.63,0.1054,22.58,2.331,0.0295,4.25,0.2247,-17.61,4,50
606989,14.67,0.0826,17.21,2.397,0.0432,373.6,0.1288,-15.0,4,5
606990,14.71,0.0561,11.58,2.417,0.0486,360.34,0.1553,-10.89,4,5
606993,14.47,0.1229,26.51,2.316,0.0305,19.74,0.1593,-23.4,4,50
607225,14.3,0.1195,25.44,2.346,0.0757,391.2,0.105,-25.74,4,50
607653,14.77,0.0082,1.76,2.308,0.0753,358.75,0.0308,-9.75,4,5
607654,14.92,0.0248,5.16,2.402,0.1517,317.39,0.3069,-12.55,4,5
607657,14.45,0.0779,16.48,2.36,0.0912,342.21,0.2761,-14.25,4,50
607668,14.5,0.0865,18.04,2.395,0.0587,374.17,0.1288,-16.44,4,5
607687,14.46,0.0949,19.92,2.379,0.0383,379.85,0.1292,-17.27,4,5
607689,14.76,0.0184,3.76,2.442,0.0283,358.47,0.1083,-7.84,4,5
608094,14.53,0.0195,4.26,2.284,0.1281,279.99,0.4628,-5.74,4,5
608104,14.69,0.1306,28.15,2.316,0.0434,255.01,0.0563,-27.65,4,50
608108,14.68,0.0744,15.4,2.412,0.0178,376.32,0.0692,-13.4,4,5
608114,14.12,0.079,16.96,2.325,0.0314,334.88,0.3256,-10.55,4,5
609345,14.16,0.0405,8.53,2.368,0.0831,325.63,0.3178,-8.04,5,5
610975,14.9,0.0822,17.07,2.406,0.0269,380.65,0.0493,-15.02,4,5
611049,14.42,0.1423,31.31,2.27,0.0535,338.53,0.1408,-31.52,4,50
613798,14.76,0.1526,34.23,2.227,0.0388,210.52,0.1552,-34.26,4,50
614015,14.65,0.0894,18.7,2.388,0.0464,376.38,0.1302,-16.41,4,5
614031,14.29,0.0689,14.63,2.35,0.0546,336.7,0.3033,-10.26,4,5
614036,14.56,0.0689,14.34,2.398,0.0538,359.93,0.1854,-12.43,4,5
614041,14.82,0.1097,23.17,2.366,0.0607,357.29,0.0876,-21.99,4,50
614044,14.8,0.0877,18.18,2.408,0.0644,381.09,0.0375,-17.66,4,5
614045,14.71,0.0667,13.72,2.428,0.064,370.41,0.0701,-13.79,4,5
614047,14.34,0.0935,19.58,2.383,0.0572,336.67,0.1296,-17.66,4,50
614067,14.72,0.0701,14.6,2.399,0.0852,354.5,0.2031,-14.09,4,5
614080,14.62,0.0683,13.59,2.514,0.2245,340.32,0.0262,-32.76,4,50
614114,14.79,0.0666,13.49,2.469,0.1517,358.49,0.0437,-21.6,4,50
614118,14.65,0.1085,22.99,2.357,0.0446,386.6,0.1311,-20.67,4,5
614119,14.6,0.0725,15.03,2.409,0.0463,369.47,0.1259,-13.42,4,5
614120,14.6,0.0988,20.65,2.39,0.0586,344.53,0.0385,-19.36,4,50
614121,14.6,0.124,26.71,2.317,0.0337,88.2,0.1429,-24.25,4,50
614122,14.48,0.0391,8.03,2.431,0.1356,336.26,0.2279,-13.83,4,5
614145,14.59,0.0869,18.11,2.395,0.0655,373.11,0.1334,-16.83,4,5
614468,14.26,0.0123,2.17,1.544,0.1488,337.52,0.1856,-14.25,4,5
614507,14.4,0.0184,3.87,2.381,0.0231,332.38,0.2923,-5.09,4,5
614524,14.87,0.0596,12.1,2.459,0.1235,361.69,0.0474,-17.08,4,50
614528,14.51,0.0709,14.7,2.409,0.04,369.22,0.1263,-12.94,4,5
614530,14.6,0.0076,1.64,2.353,0.0602,358.39,0.0744,-8.82,4,5
614569,14.69,0.0941,19.62,2.395,0.082,377.33,0.1088,-19.77,4,5
614573,14.82,0.0663,13.92,2.378,0.1007,338.59,0.2716,-13.3,4,5
614872,14.37,0.0421,8.8,2.389,0.0831,334.56,0.2771,-9.06,5,5
615052,13.81,0.0973,21.74,2.237,0.0353,122.6,0.4312,-10.7,5,50
616005,14.31,0.0723,15.15,2.383,0.0424,357.13,0.2142,-12.05,5,5
616568,14.31,0.0344,7.05,2.436,0.0329,360.03,0.1157,-8.75,5,5
616782,14.39,0.0776,16.21,2.39,0.0283,367.11,0.1688,-13.18,5,5
616788,14.58,0.0156,3.18,2.456,0.073,357.01,0.0871,-9.54,5,5
616802,14.31,0.0587,12.31,2.38,0.0532,344.25,0.258,-9.77,5,5
616803,14.43,0.0413,8.58,2.402,0.0055,249.86,0.2196,-7.6,5,5
616807,14.65,0.1207,26.02,2.319,0.0509,310.45,0.1879,-22.87,5,50
616881,13.62,0.0756,15.8,2.391,0.0661,359.9,0.1939,-13.97,5,5
616882,14.8,0.1325,29.15,2.269,0.0424,246.21,0.228,-25.48,5,50
616890,14.28,0.0428,8.77,2.436,0.0897,353.56,0.1565,-11.4,5,50
616896,14.87,0.0072,1.61,2.308,0.0684,340.92,0.1705,-8.08,5,50
616898,14.18,0.0367,7.57,2.422,0.0512,352.46,0.1816,-8.76,5,5
616926,14.17,0.0317,6.62,2.388,0.0846,330.33,0.2902,-8.05,5,5
617066,14.34,0.103,21.92,2.346,0.0123,374.64,0.196,-17.52,5,5
617201,13.37,0.0233,5.27,2.205,0.0838,254.39,0.0121,0.88,5,5
617393,13.95,0.0953,21.48,2.215,0.0362,140.08,0.4632,-9.61,5,50
617397,13.6,0.0647,13.18,2.452,0.1777,341.5,0.1744,-22.99,5,50
617402,14.57,0.0314,6.43,2.437,0.0673,354.05,0.1497,-9.45,5,5
617404,13.41,0.0202,4.27,2.361,0.0634,320.19,0.3396,-5.28,5,5
617693,14.48,0.0801,16.69,2.398,0.0684,366.74,0.1584,-15.42,5,5
617707,14.3,0.0587,12.12,2.418,0.0701,358.45,0.163,-12.11,5,5
617777,14.84,0.0573,11.76,2.433,0.1118,353.02,0.1634,-14.85,5,5
617778,14.01,0.0311,6.45,2.411,0.1147,332.45,0.2614,-10.67,5,5
617826,14.68,0.0673,13.74,2.446,0.1446,352.7,0.142,-20.0,5,5
617839,14.23,0.0235,4.83,2.429,0.0568,350.27,0.1787,-8.16,5,5
617843,14.36,0.0282,5.82,2.42,0.0359,350.48,0.1903,-7.56,5,5
617847,14.58,0.0638,13.05,2.44,0.0897,367.68,0.0568,-14.88,5,50
617851,13.69,0.0495,10.29,2.401,0.1309,330.85,0.2715,-13.61,5,5
617853,14.49,0.0361,7.55,2.392,0.0901,332.39,0.2798,-8.93,5,5
617854,14.23,0.1091,24.84,2.192,0.0452,290.04,0.4642,-12.86,5,5
617855,14.39,0.0301,6.17,2.434,0.0814,349.34,0.177,-9.77,5,5
617857,14.37,0.0449,9.2,2.435,0.0561,360.98,0.1158,-10.4,5,5
617860,13.64,0.0651,13.49,2.408,0.0615,360.36,0.1694,-12.45,5,5
617861,13.99,0.0314,6.49,2.417,0.052,348.11,0.2042,-8.06,5,5
617866,14.48,0.0294,6.13,2.396,0.0454,339.47,0.2569,-6.82,5,5
617873,14.59,0.0203,4.3,2.357,0.102,312.43,0.3578,-6.91,5,5
617874,14.8,0.0736,15.59,2.358,0.0599,343.45,0.278,-11.78,5,5
617877,14.14,0.0474,10.59,2.235,0.0384,137.74,0.5017,-1.67,5,50
617878,14.03,0.0612,12.66,2.416,0.0608,361.38,0.1524,-12.11,5,5
617880,14.62,0.0655,13.68,2.391,0.0777,349.08,0.2311,-12.42,5,5
617882,13.65,0.0453,9.42,2.402,0.0726,343.84,0.2361,-9.58,5,5
617885,14.22,0.0143,2.94,2.43,0.0299,352.36,0.1657,-7.14,5,5
617887,14.53,0.0634,13.05,2.427,0.0231,373.4,0.0286,-12.03,5,5
617891,14.08,0.0436,8.88,2.451,0.1147,352.62,0.136,-13.75,5,50
617893,14.34,0.0589,12.09,2.434,0.0691,366.04,0.0887,-12.86,5,5
617894,14.39,0.0609,12.58,2.415,0.0601,360.83,0.1564,-11.97,5,5
618224,14.9,0.1303,28.07,2.32,0.0595,364.43,0.0841,-28.1,5,50
618250,14.68,0.0383,7.74,2.472,0.1294,353.82,0.0821,-14.98,5,50
618254,14.73,0.0424,8.6,2.464,0.1166,356.03,0.0864,-14.36,5,5
618258,14.65,0.0621,12.73,2.436,0.0634,370.49,0.0283,-13.27,5,5
618261,14.85,0.0778,16.04,2.421,0.1095,364.58,0.1276,-18.29,5,50
618270,14.65,0.0409,8.39,2.436,0.0353,362.45,0.1014,-9.45,5,5
618283,13.63,0.077,16.51,2.328,0.0516,332.56,0.3281,-10.82,5,5
618288,14.14,0.0836,17.55,2.379,0.0396,365.97,0.1883,-14.29,5,5
618289,14.45,0.0424,8.68,2.439,0.0729,357.89,0.128,-10.87,5,5
618295,14.43,0.0865,18.51,2.334,0.0421,345.22,0.292,-12.98,5,5
618432,14.7,0.0763,15.79,2.412,0.0331,376.73,0.066,-14.06,5,5
618433,14.44,0.0393,8.22,2.389,0.0433,339.87,0.263,-7.34,5,5
618444,14.35,0.0447,9.31,2.395,0.0466,344.6,0.2417,-8.3,5,5
618449,13.98,0.0141,3.03,2.318,0.0481,232.45,0.4073,-2.64,5,50
618530,14.63,0.0525,11.53,2.274,0.0673,291.83,0.4492,-4.89,5,5
618538,13.96,0.0727,15.66,2.318,0.1249,311.62,0.3708,-13.75,5,50
618548,14.31,0.0197,4.06,2.418,0.1151,332.43,0.2552,-10.16,5,5
618786,14.72,0.045,9.2,2.444,0.0825,359.05,0.1116,-11.84,5,5
618986,14.25,0.0315,6.54,2.408,0.0801,339.3,0.2453,-8.68,5,5
618988,15.0,0.0429,8.76,2.448,0.0568,365.49,0.0162,-10.77,5,5
620156,14.34,0.0062,1.43,1.259,0.1272,330.78,0.2517,-10.85,5,5
620226,13.94,0.0374,7.72,2.42,0.0547,351.07,0.1894,-8.82,5,5
620385,13.52,0.0272,6.14,2.215,0.1027,257.55,0.5379,-1.64,5,50
620658,14.36,0.0989,20.72,2.384,0.0437,243.47,0.0543,-18.7,5,50
620714,13.88,0.0955,21.49,2.22,0.0331,77.49,0.4581,-9.52,5,50
620715,14.28,0.0982,20.91,2.345,0.0474,364.15,0.228,-16.88,5,5
620717,14.35,0.084,18.35,2.286,0.0389,318.69,0.383,-10.14,5,5
620720,14.24,0.051,10.52,2.42,0.0255,361.64,0.1414,-9.81,5,5
620991,14.08,0.1098,24.81,2.21,0.0471,250.35,0.4385,-13.73,5,50
620994,14.23,0.1,21.11,2.365,0.0975,366.2,0.1949,-21.14,5,50
621277,14.31,0.0735,15.67,2.343,0.0503,337.24,0.307,-10.71,5,5
621299,14.27,0.0617,13.58,2.269,0.0837,292.24,0.4462,-6.74,5,50
621523,13.28,0.1023,22.09,2.313,0.0211,354.06,0.2829,-15.85,5,5
621534,13.53,0.1316,29.01,2.265,0.0441,265.18,0.2485,-25.21,5,50
621714,14.26,0.0546,11.82,2.309,0.0685,308.21,0.3966,-6.7,5,5
621894,14.37,0.0411,8.47,2.426,0.0742,351.54,0.1798,-10.18,5,5
621895,14.64,0.0818,18.58,2.199,0.0411,272.53,0.5081,-5.92,5,5
621905,14.19,0.0365,7.56,2.412,0.1286,330.52,0.2649,-12.2,5,5
622131,14.22,0.0898,19.7,2.277,0.0122,320.6,0.3834,-10.64,5,5
622132,14.54,0.0672,13.88,2.418,0.0582,367.03,0.1216,-13.16,5,5
622139,13.65,0.1166,25.15,2.315,0.0564,334.37,0.2218,-21.76,5,50
622143,14.06,0.0909,19.58,2.319,0.0864,334.37,0.3216,-15.5,5,5
622144,14.14,0.092,19.29,2.383,0.1071,360.67,0.1949,-19.91,5,50
622150,14.18,0.1013,22.01,2.299,0.0244,344.42,0.3154,-14.94,5,5
622163,13.76,0.0947,20.5,2.308,0.0336,340.75,0.3196,-13.66,5,5
622164,13.89,0.0752,15.91,2.359,0.045,347.29,0.2675,-11.61,5,5
622174,14.21,0.0246,5.04,2.435,0.1218,337.72,0.2203,-11.62,5,5
622251,14.35,0.1274,28.51,2.23,0.0383,195.39,0.3423,-21.19,4,50
622401,13.89,0.0766,16.73,2.285,0.032,313.02,0.398,-8.32,5,5
622402,14.48,0.1085,22.89,2.367,0.0321,36.5,0.0225,-20.61,5,50
622421,14.48,0.0522,10.53,2.475,0.142,355.69,0.0558,-18.2,5,5
622424,14.64,0.0954,19.95,2.389,0.0423,225.25,0.0617,-17.75,5,50
622829,14.6,0.0907,19.39,2.336,0.0665,346.94,0.2827,-15.14,5,5
622880,14.18,0.0639,13.22,2.415,0.0782,358.67,0.1673,-13.24,5,5
622903,13.85,0.0424,9.05,2.336,0.0308,319.11,0.3596,-5.18,5,5
622908,14.4,0.0565,11.94,2.363,0.0547,335.25,0.2971,-8.76,5,5
623383,14.01,0.0877,19.09,2.294,0.0348,326.38,0.3616,-11.26,5,5
623399,14.5,0.0921,19.51,2.358,0.0443,363.55,0.2192,-15.59,5,5
623405,14.62,0.1172,25.26,2.316,0.035,136.63,0.2042,-21.28,5,50
623639,14.19,0.085,18.0,2.36,0.0395,357.45,0.2372,-13.72,5,5
623673,13.97,0.0518,10.67,2.423,0.102,348.72,0.1945,-12.88,5,5
623817,14.35,0.1219,27.57,2.209,0.0346,140.05,0.401,-17.6,5,50
623969,14.94,0.0202,4.09,2.468,0.1214,349.12,0.1229,-12.78,5,5
623981,14.64,0.0584,12.04,2.424,0.0585,363.63,0.1256,-11.92,5,5
624070,14.21,0.0669,14.8,2.258,0.0307,293.88,0.4523,-5.32,5,5
624125,14.68,0.0195,4.06,2.403,0.0839,333.9,0.2662,-7.84,5,5
624406,14.28,0.0547,12.26,2.226,0.0403,160.94,0.5064,-2.16,5,50
624420,13.91,0.1113,23.65,2.349,0.0406,387.53,0.1388,-21.14,5,5
625021,14.55,0.0209,4.29,2.438,0.0044,182.54,0.1155,-7.59,5,5
625032,14.53,0.0214,4.58,2.33,0.0891,304.4,0.3944,-5.21,5,5
625588,14.31,0.0433,9.04,2.392,0.0176,345.37,0.2423,-7.5,5,5
625660,14.62,0.0322,6.47,2.487,0.1401,352.64,0.0357,-15.95,5,5
626360,14.26,0.0107,2.32,2.31,0.0398,300.92,0.4177,-2.26,5,5
626381,13.85,0.0916,20.04,2.283,0.027,324.64,0.3708,-11.56,5,5
626419,14.66,0.0363,7.4,2.449,0.1658,331.43,0.222,-16.9,4,5
627014,13.81,0.1192,25.78,2.309,0.0237,378.72,0.2147,-21.52,5,5
627038,14.2,0.1025,23.39,2.19,0.0319,282.93,0.4831,-10.36,5,5
627057,14.26,0.1237,26.83,2.303,0.0453,268.94,0.206,-23.51,5,50
627058,13.79,0.0681,14.61,2.326,0.0258,327.77,0.3434,-8.34,5,5
627105,14.57,0.04,8.33,2.4,0.0839,338.23,0.2562,-9.36,5,5
627112,14.6,0.0624,12.84,2.427,0.1175,352.62,0.1741,-15.8,5,50
627135,14.53,0.0364,7.7,2.365,0.0936,320.72,0.3324,-7.98,5,5
627143,14.36,0.0395,8.72,2.262,0.0748,282.37,0.4754,-3.08,5,50
627154,14.14,0.0535,12.03,2.218,0.0614,261.55,0.518,-2.27,5,50
627835,13.96,0.0996,21.66,2.295,0.0757,334.24,0.3354,-16.19,5,50
627935,14.0,0.0482,10.64,2.26,0.0301,286.79,0.4696,-2.68,5,5
627945,14.15,0.0735,16.96,2.163,0.0341,250.17,0.5629,-2.53,5,5
627947,14.12,0.0955,20.71,2.302,0.0563,335.91,0.3315,-14.39,5,5
628043,14.34,0.11,23.76,2.312,0.0401,362.66,0.2581,-18.76,5,5
628050,13.9,0.1099,24.99,2.196,0.0611,291.9,0.4564,-14.05,5,5
628056,14.07,0.1102,25.06,2.196,0.018,295.47,0.4553,-12.75,5,5
628065,14.23,0.0882,19.43,2.268,0.0536,311.01,0.4052,-10.75,5,5
628066,14.26,0.0552,11.9,2.315,0.0462,313.49,0.3838,-6.23,5,5
628067,14.7,0.0758,15.69,2.411,0.0246,376.6,0.0708,-13.74,5,5
628075,14.15,0.0716,15.24,2.346,0.152,315.65,0.3385,-17.38,5,50
628313,14.52,0.1019,23.79,2.137,0.0187,252.79,0.5496,-7.5,5,5
628335,14.87,0.09,18.71,2.403,0.0739,377.51,0.0693,-18.47,5,50
628364,14.57,0.068,14.36,2.366,0.0543,343.85,0.2713,-10.83,5,5
628380,14.37,0.0185,3.86,2.397,0.0633,335.05,0.2689,-6.72,5,5
628891,14.08,0.0567,12.82,2.208,0.0373,124.25,0.5269,-1.66,5,50
629015,13.17,0.0066,1.54,1.914,0.1127,328.31,0.2761,-9.19,5,5
629016,14.3,0.0621,12.74,2.432,0.0559,370.29,0.0524,-12.82,5,5
629053,14.15,0.0263,5.39,2.44,0.0745,352.19,0.1542,-9.45,4,5
629083,14.24,0.0465,9.59,2.418,0.035,357.31,0.165,-9.29,4,5
629153,14.32,0.0586,12.12,2.413,0.033,362.02,0.1546,-10.71,4,5
629222,14.79,0.08,16.74,2.388,0.0423,221.02,0.171,-13.72,5,50
629236,14.63,0.0511,10.7,2.384,0.023,344.96,0.2525,-8.14,5,5
629237,14.32,0.0593,12.37,2.393,0.0577,349.79,0.2277,-10.59,5,5
629238,14.33,0.0806,17.03,2.363,0.0309,5.88,0.2371,-12.37,5,50
629259,14.35,0.0221,4.51,2.448,0.0502,359.37,0.085,-8.78,4,5
629345,14.29,0.0147,3.04,2.366,0.139,323.2,0.2853,-11.36,5,5
629382,14.11,0.0492,10.23,2.4,0.0704,345.01,0.2351,-9.88,5,5
629439,13.43,0.0141,3.0,2.339,0.0417,179.86,0.3729,-3.31,4,50
629443,14.51,0.046,9.48,2.423,0.0348,358.97,0.1503,-9.42,4,5
629451,14.33,0.0887,18.47,2.397,0.0154,384.22,0.0505,-16.0,4,5
629455,14.45,0.111,23.56,2.354,0.0499,388.19,0.1273,-21.65,4,5
629644,13.59,0.057,12.03,2.368,0.0741,334.48,0.2947,-9.79,5,5
629664,14.21,0.0219,4.47,2.45,0.0666,357.2,0.1015,-9.36,5,5
629692,14.41,0.0271,5.57,2.431,0.0314,355.43,0.1506,-7.9,4,5
629695,14.21,0.0334,6.82,2.444,0.0678,357.52,0.1174,-9.96,4,5
629702,13.94,0.0629,12.99,2.416,0.0665,361.07,0.1551,-12.58,4,5
629704,14.27,0.0432,8.87,2.434,0.0363,362.47,0.1074,-9.63,4,5
629709,13.54,0.0259,5.35,2.415,0.0217,348.83,0.2031,-6.96,4,5
629803,14.11,0.1022,21.61,2.362,0.0526,311.7,0.1583,-18.88,5,50
630092,13.77,0.0867,18.22,2.378,0.0578,365.63,0.1899,-15.62,5,5
630102,13.93,0.0625,13.12,2.379,0.0182,349.83,0.2427,-9.59,5,5
630103,14.11,0.0175,3.67,2.372,0.089,320.09,0.3302,-6.67,5,5
630116,13.72,0.123,26.67,2.303,0.0081,369.31,0.2018,-22.59,5,5
630117,13.74,0.0268,5.67,2.357,0.1143,311.02,0.3594,-8.06,5,5
630120,14.47,0.0881,18.33,2.4,0.0331,383.04,0.0536,-16.25,5,5
630155,14.38,0.0429,8.6,2.492,0.1598,350.52,0.0463,-19.13,5,5
630183,14.51,0.0826,17.27,2.388,0.0882,359.67,0.1964,-16.32,5,50
630584,14.02,0.0271,5.61,2.408,0.0422,344.42,0.2276,-7.1,5,5
630593,14.5,0.1392,30.6,2.273,0.0353,401.74,0.1634,-29.17,5,5
630594,14.27,0.0575,11.99,2.395,0.0479,351.12,0.2211,-10.08,5,5
630595,14.08,0.1034,21.78,2.371,0.0374,388.0,0.0985,-19.45,5,5
630607,14.59,0.0443,9.18,2.411,0.0377,352.48,0.1949,-8.74,5,5
631371,14.24,0.1135,25.27,2.243,0.0445,244.34,0.3758,-16.63,5,50
631398,14.36,0.0582,12.45,2.332,0.0222,324.96,0.3473,-6.92,5,5
631438,14.28,0.1379,30.04,2.297,0.0704,394.83,0.0952,-31.68,5,50
631453,14.59,0.1096,23.28,2.351,0.0584,381.92,0.1582,-21.35,5,5
631460,14.71,0.0443,9.75,2.27,0.0467,289.14,0.4606,-3.02,5,5
631479,14.64,0.1153,24.44,2.355,0.0394,399.31,0.0474,-22.93,5,5
631513,13.88,0.0881,20.13,2.185,0.0281,269.4,0.5166,-6.37,5,5
631546,14.77,0.028,5.73,2.438,0.0326,358.71,0.1181,-8.3,4,5
631570,14.3,0.068,13.96,2.433,0.0749,370.89,0.0473,-14.71,4,5
631626,14.08,0.0892,18.6,2.394,0.0687,374.52,0.1277,-17.56,4,5
631753,14.03,0.0821,17.53,2.34,0.0786,338.26,0.3019,-13.73,4,5
632218,14.1,0.0468,10.5,2.225,0.0512,269.47,0.5158,-1.61,5,5
632340,14.46,0.0634,13.25,2.389,0.081,346.29,0.2412,-12.12,5,5
632365,14.44,0.0771,16.43,2.343,0.0417,341.44,0.2961,-11.22,5,5
632370,14.48,0.0915,19.5,2.342,0.0985,344.95,0.2779,-17.6,5,50
632377,14.15,0.0343,7.15,2.395,0.0323,342.09,0.2494,-6.92,5,5
632384,14.22,0.0884,18.56,2.379,0.0677,349.57,0.1788,-16.72,5,50
632389,14.38,0.0544,11.25,2.417,0.0486,359.13,0.1612,-10.62,5,5
632398,13.74,0.0195,4.04,2.412,0.0754,339.08,0.2415,-7.84,5,5
632416,13.63,0.0838,18.6,2.251,0.0421,300.2,0.4368,-8.63,5,5
632417,14.27,0.0467,9.93,2.345,0.1317,308.39,0.3669,-10.94,5,5
632418,14.53,0.0465,9.62,2.414,0.066,350.67,0.1991,-9.99,5,5
632434,14.64,0.0306,6.25,2.448,0.0654,359.13,0.0933,-9.85,5,5
632436,14.37,0.0595,12.56,2.364,0.0213,340.58,0.2836,-8.47,5,5
632438,14.7,0.1034,21.82,2.366,0.0335,65.93,0.1175,-18.84,5,50
632439,14.52,0.0398,8.19,2.43,0.0177,360.9,0.1239,-8.81,5,5
632453,13.9,0.0418,8.65,2.409,0.065,346.58,0.2197,-9.16,5,5
632466,14.18,0.0785,16.45,2.383,0.0746,356.47,0.2108,-14.47,5,50
632471,13.76,0.0805,17.3,2.322,0.0562,331.86,0.3324,-11.48,5,5
632472,14.09,0.0804,16.87,2.379,0.0254,364.42,0.194,-13.24,5,5
632476,14.07,0.071,14.67,2.417,0.0998,359.38,0.1596,-16.0,5,5
632488,13.94,0.0895,19.17,2.331,0.0436,346.9,0.2888,-13.67,5,5
632489,14.03,0.0506,10.45,2.419,0.0488,357.87,0.1631,-10.18,5,5
632503,14.25,0.0373,7.62,2.441,0.0823,354.53,0.1419,-10.81,5,5
632547,14.66,0.0485,10.06,2.404,0.0398,351.26,0.2096,-9.0,4,5
632548,13.44,0.0592,12.29,2.408,0.0348,360.21,0.1698,-10.65,4,5
632554,14.42,0.1198,25.62,2.338,0.0564,348.32,0.1239,-24.1,4,50
632577,14.36,0.0988,20.8,2.373,0.0354,382.31,0.1275,-18.03,4,5
632578,14.35,0.1062,22.45,2.363,0.0509,304.78,0.1283,-20.06,4,50
632581,14.48,0.0594,12.15,2.439,0.0749,365.32,0.0471,-13.28,4,50
632584,14.36,0.0394,8.12,2.423,0.0408,355.4,0.1679,-8.81,4,5
632586,14.68,0.0958,20.31,2.355,0.0615,363.86,0.2185,-17.22,4,5
632588,14.66,0.0083,1.69,2.449,0.019,361.77,0.036,-7.8,4,5
632619,13.91,0.04,8.22,2.427,0.0555,355.16,0.1613,-9.43,4,5
632621,14.68,0.088,18.44,2.384,0.0431,373.17,0.1521,-15.75,4,5
632640,14.75,0.0482,9.88,2.435,0.0587,362.39,0.1067,-10.93,4,5
632647,14.63,0.1455,32.03,2.269,0.025,422.33,0.0663,-32.21,4,5
632678,14.4,0.122,26.32,2.315,0.0372,174.83,0.1763,-23.09,4,50
632680,14.43,0.0661,13.72,2.404,0.0487,361.48,0.1708,-12.01,4,5
632700,14.68,0.1099,23.8,2.306,0.0148,361.76,0.2663,-17.91,4,5
632703,14.08,0.0841,17.53,2.396,0.05,373.68,0.1296,-15.55,4,5
632775,13.68,0.0874,18.22,2.396,0.0558,376.4,0.115,-16.62,4,5
633193,14.1,0.0684,14.56,2.346,0.0485,335.25,0.3105,-9.79,5,5
633252,13.81,0.1027,21.78,2.355,0.0597,373.29,0.1866,-19.26,5,5
633261,14.39,0.0451,9.51,2.368,0.079,328.05,0.3116,-8.36,5,5
633275,14.68,0.0861,18.09,2.377,0.0109,369.91,0.1755,-14.31,5,5
633279,13.25,0.0825,18.45,2.233,0.0528,260.9,0.4648,-7.57,5,50
633280,14.29,0.041,8.49,2.412,0.0252,352.78,0.1923,-8.21,5,5
633323,14.46,0.1223,26.39,2.315,0.0295,4.37,0.1708,-22.9,4,50
633338,14.68,0.0778,16.16,2.404,0.0533,370.7,0.1299,-14.56,4,5
633346,14.38,0.0366,7.54,2.427,0.0324,357.11,0.1497,-8.56,4,5
633399,13.91,0.1168,25.13,2.323,0.0455,268.18,0.196,-21.6,4,50
633401,14.61,0.0784,16.25,2.408,0.0825,366.72,0.1409,-16.24,4,5
633426,14.26,0.0384,7.91,2.426,0.0365,356.76,0.1567,-8.75,4,5
633437,14.38,0.0281,5.77,2.429,0.0282,355.23,0.1547,-7.84,4,5
633441,14.67,0.0169,3.45,2.441,0.0239,357.94,0.1148,-7.64,4,5
633447,14.64,0.0355,7.21,2.456,0.1167,350.18,0.1402,-13.17,4,5
633449,14.71,0.0788,16.36,2.405,0.0633,370.24,0.1293,-15.23,4,5
633468,14.61,0.0358,7.37,2.428,0.1312,335.51,0.2338,-13.0,4,5
633469,14.53,0.0189,3.87,2.433,0.0217,355.27,0.1456,-7.38,4,5
633470,14.34,0.0864,19.0,2.27,0.0457,311.87,0.4036,-10.19,4,5
633472,13.8,0.0742,15.38,2.408,0.0503,369.82,0.1262,-13.84,4,5
633475,14.55,0.1059,22.39,2.36,0.0463,270.37,0.1286,-20.07,4,50
633476,14.71,0.081,16.86,2.398,0.0471,372.2,0.1323,-14.81,4,5
633477,14.72,0.0298,6.12,2.434,0.0176,358.73,0.1263,-8.06,4,5
633503,14.85,0.0757,15.7,2.407,0.0519,370.24,0.1268,-14.16,4,5
633508,14.62,0.1133,24.05,2.353,0.0707,381.83,0.1258,-23.37,4,50
633527,13.35,0.0385,8.0,2.405,0.0485,346.1,0.2257,-8.11,4,5
633566,14.77,0.1013,21.43,2.36,0.0315,21.56,0.157,-17.77,4,50
633580,14.17,0.0287,6.22,2.304,0.0882,295.48,0.4274,-4.61,4,5
633581,14.3,0.0495,10.07,2.453,0.1138,355.98,0.1139,-14.63,4,5
633585,14.57,0.0879,18.36,2.391,0.0535,375.03,0.1307,-16.42,4,5
633590,14.71,0.0938,19.64,2.384,0.0183,383.2,0.1015,-16.75,4,5
633625,14.66,0.0701,14.53,2.409,0.0323,369.06,0.1284,-12.56,4,5
633672,14.2,0.0265,5.46,2.418,0.0144,350.73,0.1914,-7.06,4,5
633819,14.29,0.0868,18.53,2.339,0.0259,349.87,0.2768,-12.9,4,5
633872,13.97,0.0255,5.27,2.418,0.0462,347.86,0.2027,-7.53,5,5
633873,13.92,0.1064,23.46,2.265,0.0158,331.45,0.3614,-14.72,5,5
633877,14.53,0.0138,2.83,2.35,0.1333,330.01,0.2525,-11.53,5,5
633892,13.57,0.0182,3.88,2.334,0.0801,306.9,0.3874,-4.78,5,5
633899,14.14,0.0399,8.29,2.403,0.1099,333.26,0.2666,-10.9,5,5
633905,14.09,0.046,9.45,2.433,0.0817,355.39,0.1515,-11.46,5,5
633906,14.31,0.0477,9.85,2.417,0.0363,357.32,0.1668,-9.42,5,5
633907,13.86,0.0449,9.26,2.422,0.1002,345.3,0.2089,-11.74,5,5
633940,14.67,0.0961,20.16,2.383,0.119,361.69,0.1868,-22.24,4,50
633970,14.8,0.0864,18.32,2.357,0.0141,359.77,0.2335,-13.48,4,5
633984,14.55,0.033,6.81,2.42,0.0306,352.63,0.1814,-7.86,4,5
634003,14.6,0.0717,14.93,2.399,0.118,346.9,0.2249,-16.39,4,50
634008,14.71,0.1051,22.07,2.379,0.0923,381.34,0.113,-23.14,4,50
634013,14.87,0.1094,23.2,2.355,0.0474,386.83,0.1323,-21.06,4,5
634018,14.31,0.0462,9.65,2.391,0.0394,344.38,0.2467,-8.13,4,5
634022,14.44,0.023,4.74,2.422,0.1112,335.48,0.2421,-10.28,4,5
634034,14.87,0.0164,3.34,2.449,0.0946,349.13,0.1542,-10.2,4,5
634040,14.33,0.0967,20.85,2.316,0.0705,342.29,0.3056,-16.06,4,5
634041,14.02,0.0533,11.25,2.365,0.0842,329.25,0.3102,-9.57,4,5
634347,13.91,0.0514,10.94,2.344,0.0998,316.72,0.3532,-9.3,5,5
634371,13.96,0.0317,6.68,2.37,0.0636,326.52,0.3164,-6.43,5,5
634380,14.66,0.054,11.13,2.422,0.0621,359.08,0.1528,-11.25,5,5
634381,14.38,0.0582,12.13,2.396,0.0839,345.21,0.2382,-11.66,5,5
634383,14.88,0.0651,13.44,2.418,0.0314,369.5,0.105,-12.04,5,5
634385,14.62,0.0395,8.05,2.453,0.0758,362.27,0.049,-11.34,5,5
634392,14.28,0.0356,7.33,2.425,0.0757,348.93,0.1906,-9.65,5,5
634393,14.83,0.1074,23.14,2.318,0.0513,304.48,0.255,-18.47,5,50
634394,14.73,0.0135,2.84,2.381,0.0114,332.34,0.292,-4.8,5,5
634400,14.26,0.1074,22.66,2.369,0.03,5.07,0.0465,-20.04,5,50
634418,14.56,0.0938,19.73,2.373,0.0363,375.31,0.1593,-16.59,5,5
634428,13.75,0.0937,20.59,2.272,0.0723,316.33,0.3875,-13.18,5,50
634445,13.01,0.1183,26.08,2.264,0.0055,272.85,0.3187,-18.7,5,5
634475,14.13,0.0909,19.11,2.375,0.0254,373.95,0.1629,-15.65,4,5
634480,14.45,0.1505,33.59,2.237,0.0473,298.48,0.1478,-34.2,5,50
634482,13.84,0.1014,22.34,2.266,0.0082,320.2,0.3738,-13.19,5,5
634483,14.33,0.0429,8.88,2.415,0.0371,353.94,0.1818,-8.77,5,5
634565,14.96,0.1558,34.85,2.232,0.0412,224.51,0.0209,-37.2,4,50
634570,13.87,0.0736,15.22,2.415,0.0659,369.48,0.1142,-14.63,4,5
634583,14.75,0.044,9.05,2.429,0.0282,361.46,0.1247,-9.35,4,5
634585,14.59,0.0411,8.38,2.45,0.1092,352.38,0.1391,-13.08,4,5
634587,14.48,0.0942,19.79,2.377,0.047,376.51,0.147,-17.23,4,5
634591,14.08,0.0878,18.35,2.389,0.0406,376.0,0.1303,-15.86,4,5
634593,14.7,0.0879,18.35,2.391,0.0515,375.2,0.1308,-16.34,4,5
634594,14.05,0.0471,10.5,2.242,0.0751,275.73,0.4947,-3.09,4,50
634596,14.2,0.0681,14.08,2.415,0.0617,365.65,0.1348,-13.33,4,5
634597,14.28,0.0734,15.13,2.422,0.0961,364.24,0.1296,-16.47,4,5
634601,13.5,0.1237,26.73,2.315,0.0936,377.76,0.2032,-27.29,4,50
634604,14.08,0.1225,26.41,2.316,0.0423,241.27,0.1671,-23.87,4,50
634633,14.76,0.0991,20.74,2.386,0.0683,373.7,0.0892,-19.88,4,50
634641,14.46,0.12,26.05,2.299,0.0077,358.8,0.2326,-21.15,4,5
634760,14.26,0.0859,18.2,2.356,0.0415,356.32,0.2436,-13.85,4,5
634808,14.3,0.0756,16.92,2.23,0.0289,285.24,0.4776,-5.67,5,5
634828,14.17,0.0489,10.34,2.359,0.0493,329.95,0.3159,-7.32,5,5
634830,13.37,0.0911,19.07,2.385,0.0248,379.92,0.1175,-16.18,5,5
634840,13.36,0.0789,16.56,2.379,0.0706,356.04,0.2204,-14.36,5,5
634846,14.49,0.1274,29.36,2.166,0.0319,86.84,0.4452,-17.52,5,50
634856,13.99,0.0239,4.99,2.395,0.0573,336.26,0.2671,-6.75,5,5
634864,14.56,0.0228,4.6,2.469,0.104,355.44,0.0695,-11.94,5,5
634866,14.49,0.0644,13.58,2.366,0.0348,343.84,0.272,-9.62,5,5
634870,14.02,0.0704,15.13,2.324,0.0888,320.19,0.3558,-11.05,5,5
634872,13.18,0.1125,24.23,2.318,0.0126,373.25,0.2252,-19.34,5,5
634873,14.35,0.0587,12.58,2.332,0.0449,323.21,0.3508,-7.44,5,5
634875,13.65,0.0454,9.68,2.345,0.0523,322.14,0.3452,-6.41,5,5
634878,14.45,0.0475,9.79,2.421,0.0076,337.03,0.1415,-9.22,5,5
634881,14.46,0.0642,13.25,2.419,0.0408,368.45,0.1079,-12.16,5,5
634884,14.25,0.1023,21.48,2.378,0.0642,384.55,0.1024,-20.51,5,5
634885,14.19,0.1052,23.01,2.285,0.0968,329.94,0.3434,-18.69,5,50
634889,14.39,0.0801,17.91,2.231,0.0389,165.95,0.4679,-6.85,5,50
634895,13.94,0.0536,11.44,2.34,0.0544,323.03,0.346,-7.29,5,5
634896,14.21,0.0458,9.52,2.403,0.0485,260.34,0.2168,-8.69,5,50
634898,13.76,0.0959,21.08,2.269,0.0996,312.73,0.3892,-15.62,5,50
634899,14.17,0.0694,14.86,2.332,0.0433,330.05,0.3329,-9.23,5,5
634902,14.52,0.0431,8.85,2.432,0.0521,359.6,0.1293,-9.93,5,5
634907,14.63,0.059,12.08,2.438,0.0906,362.33,0.1064,-14.07,5,5
634909,14.44,0.08,16.97,2.354,0.0296,350.94,0.2617,-12.07,5,5
634910,14.41,0.0227,4.69,2.411,0.066,340.89,0.237,-7.61,5,5
634926,13.98,0.0408,8.51,2.391,0.0217,343.57,0.249,-7.22,5,5
634927,14.77,0.0518,10.86,2.383,0.06,340.72,0.2655,-9.11,5,5
634936,14.32,0.079,16.37,2.408,0.0258,377.98,0.0708,-14.3,5,5
634962,14.08,0.0537,11.04,2.43,0.0817,358.16,0.1438,-12.4,5,5
634964,14.78,0.0647,13.44,2.403,0.0353,361.5,0.1728,-11.34,5,5
634965,14.29,0.0379,7.8,2.426,0.0301,357.15,0.1524,-8.57,5,5
634974,14.46,0.1243,27.24,2.277,0.036,157.56,0.2628,-22.18,5,50
635019,13.55,0.035,7.15,2.441,0.0881,352.13,0.1546,-10.83,4,5
635033,14.44,0.0978,20.55,2.375,0.0305,382.96,0.1197,-17.73,5,5
635060,14.44,0.0711,14.75,2.405,0.0405,367.15,0.1446,-12.78,5,5
635102,13.74,0.0105,2.27,2.084,0.0712,268.55,0.5138,-0.28,5,50
635143,13.33,0.066,14.21,2.317,0.0564,319.38,0.3664,-8.39,4,5
635151,13.87,0.0917,19.96,2.294,0.0328,330.19,0.3525,-12.21,4,5
635155,13.71,0.0906,19.43,2.328,0.0969,336.18,0.3095,-16.53,4,5
635161,13.27,0.0291,6.06,2.395,0.0829,333.1,0.2758,-8.08,4,5
635162,14.59,0.045,9.27,2.423,0.0386,358.12,0.1542,-9.38,4,5
635165,14.24,0.0389,8.25,2.356,0.0594,323.64,0.3336,-6.39,4,5
635174,14.47,0.0391,8.15,2.396,0.1135,329.5,0.2828,-10.76,4,5
635176,14.9,0.0254,5.2,2.441,0.0985,346.68,0.1787,-10.56,4,5
635185,13.5,0.0042,1.36,1.395,0.1336,266.45,0.502,-4.49,4,5
635186,14.5,0.0836,18.12,2.305,0.071,323.93,0.3579,-12.12,4,5
635187,13.8,0.1169,26.96,2.167,0.0298,284.46,0.4778,-13.73,4,5
635188,14.73,0.1018,21.49,2.366,0.0529,312.49,0.1417,-19.14,4,50
635191,14.43,0.0882,18.43,2.39,0.0426,376.38,0.1274,-16.04,4,5
635192,13.78,0.1053,22.37,2.351,0.0372,379.25,0.1714,-19.06,4,5
635193,14.82,0.1095,23.23,2.355,0.0385,388.09,0.1283,-20.71,4,5
635194,14.07,0.0327,6.84,2.384,0.0655,332.4,0.2887,-7.17,4,5
635195,14.13,0.0437,9.01,2.423,0.0328,358.21,0.1531,-9.12,4,5
635202,14.07,0.035,7.21,2.426,0.0197,356.77,0.1536,-8.15,4,5
635204,14.91,0.107,22.58,2.366,0.0368,152.76,0.079,-20.23,4,50
635205,14.62,0.0864,18.13,2.379,0.0702,360.38,0.1902,-16.09,4,50
635212,14.67,0.0666,13.79,2.412,0.0354,367.69,0.1279,-12.15,4,5
635213,14.69,0.1181,25.12,2.348,0.0541,397.1,0.0845,-24.25,4,5
635221,14.47,0.0718,14.82,2.418,0.0363,374.71,0.0653,-13.44,4,5
635224,14.53,0.0007,0.49,0.065,0.0213,360.48,0.0645,-7.65,4,5
635232,14.22,0.0748,15.68,2.382,0.0344,359.53,0.2079,-12.29,4,5
635240,14.3,0.0258,5.3,2.431,0.0328,354.94,0.1529,-7.83,4,5
635242,14.41,0.0207,4.22,2.443,0.0683,353.36,0.1417,-9.0,4,5
635255,14.71,0.0744,15.44,2.408,0.0518,369.79,0.1265,-13.95,4,5
635256,14.24,0.1346,29.49,2.281,0.0453,278.21,0.1879,-27.41,4,50
635266,14.78,0.0402,8.33,2.408,0.0364,349.72,0.209,-8.15,4,5
635267,14.16,0.1009,21.33,2.363,0.0294,4.25,0.1455,-17.76,4,50
635270,14.63,0.0981,20.65,2.374,0.0406,381.15,0.1312,-18.03,4,5
1998TR29,13.95,0.0409,8.78,2.323,0.1103,302.5,0.3973,-7.78,4,5
1998WD43,14.87,0.0991,20.75,2.385,0.0489,292.6,0.0524,-19.03,4,50
1998WN44,14.84,0.0599,12.53,2.385,0.0605,345.93,0.2481,-10.41,4,5
1999TN341,13.95,0.0296,6.32,2.34,0.066,313.48,0.3691,-5.15,5,5
1999TN342,14.33,0.031,6.46,2.393,0.0748,334.32,0.2744,-7.8,5,5
1999YV20,14.87,0.0657,13.54,2.423,0.1226,350.99,0.1846,-16.62,4,50
2000AL210,14.05,0.0358,8.32,2.146,0.0338,44.38,0.612,3.25,4,50
2000BN53,14.27,0.1032,22.1,2.331,0.0446,252.48,0.2422,-17.3,4,50
2000RB57,14.3,0.0217,4.54,2.385,0.083,327.3,0.301,-7.16,5,5
2000RJ108,14.46,0.0466,9.58,2.431,0.0412,362.52,0.1137,-10.04,5,5
2000RO112,14.29,0.0614,12.83,2.389,0.0697,347.21,0.2393,-11.23,5,5
2000SE387,14.63,0.0818,18.51,2.206,0.0343,276.3,0.4999,-6.04,5,5
2000SV372,14.39,0.0432,9.08,2.377,0.0704,332.61,0.2931,-8.15,5,5
2000TT76,14.24,0.0099,2.14,2.302,0.0465,220.33,0.4133,-2.35,5,50
2000WJ205,14.29,0.067,14.36,2.331,0.0622,325.51,0.3435,-9.38,5,5
2000YB141,15.28,0.0175,3.63,2.411,0.045,343.19,0.2283,-6.73,4,5
2001AO54,14.11,0.0525,10.74,2.442,0.0978,358.31,0.1209,-13.63,4,5
2001DD120,14.82,0.0965,20.26,2.377,0.0405,380.65,0.1284,-17.7,4,5
2001FJ247,13.84,0.0795,17.18,2.311,0.0736,323.23,0.3567,-11.57,4,5
2001FP247,13.97,0.0992,21.36,2.319,0.0123,353.86,0.2802,-15.09,4,5
2001FU207,15.65,0.1503,33.3,2.255,0.0472,295.87,0.0505,-35.13,4,50
2001SJ364,14.54,0.0517,10.67,2.417,0.0108,361.25,0.1477,-9.61,5,5
2001US232,13.35,0.0505,10.68,2.364,0.0827,327.75,0.3154,-9.06,5,5
2001VC129,14.03,0.0265,5.45,2.429,0.11,339.5,0.2203,-10.79,5,5
2001VK132,13.21,0.0124,2.58,2.391,0.0852,327.69,0.2954,-7.07,5,5
2001VM137,14.6,0.0874,19.15,2.28,0.0354,318.53,0.386,-10.58,5,5
2001VN138,14.47,0.0409,8.44,2.421,0.0684,350.5,0.1909,-9.71,5,5
2001VO128,14.73,0.0207,4.27,2.42,0.0395,348.12,0.1995,-7.15,5,5
2001VO137,14.38,0.0569,12.28,2.314,0.0958,307.34,0.3913,-8.64,5,5
2001WZ106,14.18,0.0805,17.76,2.262,0.1596,285.23,0.4333,-16.98,5,5
2002AM215,14.52,0.0318,6.9,2.3,0.0416,177.96,0.4256,-2.74,4,50
2002CG328,14.68,0.068,14.14,2.4,0.0695,357.19,0.1926,-12.96,4,5
2002CK329,14.86,0.0568,11.66,2.431,0.0399,368.52,0.0728,-11.42,4,5
2002CN231,14.55,0.0552,11.5,2.395,0.0884,342.31,0.2474,-11.39,4,5
2002CW328,14.88,0.0395,8.16,2.42,0.0974,342.97,0.2197,-10.85,4,5
2002EM158,14.12,0.0711,14.84,2.392,0.021,362.63,0.1841,-11.79,4,5
2002EU158,14.85,0.0405,8.16,2.479,0.1338,355.71,0.0256,-15.89,4,50
2002FV18,15.38,0.1487,32.86,2.26,0.0303,24.13,0.0132,-33.5,4,50
2002GD198,14.85,0.0792,16.46,2.402,0.0435,372.57,0.1245,-14.44,4,5
2002GP31,15.36,0.0918,19.13,2.396,0.0413,384.85,0.046,-17.32,4,5
2002XK124,14.81,0.0581,12.15,2.388,0.0608,346.37,0.2434,-10.3,5,5
2003BN97,13.89,0.0783,17.97,2.175,0.0224,258.73,0.5434,-3.73,5,5
2003FC142,15.23,0.0725,15.5,2.336,0.0513,333.05,0.3223,-10.23,4,5
2003FX139,14.35,0.0764,15.91,2.399,0.0782,362.17,0.1742,-14.92,4,50
2003HH66,15.39,0.0541,11.04,2.447,0.0788,366.62,0.0141,-13.14,4,5
2003WO211,14.63,0.0841,17.63,2.382,0.0802,359.91,0.2035,-16.23,5,5
2004HD77,14.88,0.1009,21.31,2.365,0.1124,361.42,0.2063,-22.49,4,50
2004HG84,14.4,0.0268,6.02,2.226,0.0473,206.27,0.525,0.36,4,50
2004KN22,15.2,0.0524,10.77,2.429,0.0043,177.48,0.0845,-10.22,4,5
2004YF15,14.14,0.0634,13.74,2.304,0.0731,309.49,0.3946,-8.05,5,5
2004YK15,14.4,0.0416,8.43,2.467,0.1522,345.06,0.1471,-16.87,5,50
2005AL83,14.0,0.057,11.76,2.419,0.0198,365.23,0.1256,-10.56,5,5
2005AR84,14.03,0.0569,11.79,2.411,0.0745,353.44,0.1926,-11.72,5,5
2005AR85,14.62,0.0649,13.54,2.393,0.077,349.66,0.2274,-12.35,5,5
2005BG56,14.74,0.1233,26.33,2.343,0.0544,332.05,0.0276,-25.6,5,50
2005BH52,13.52,0.0658,14.58,2.255,0.0508,290.52,0.4588,-5.52,5,5
2005BN56,13.23,0.0431,9.75,2.204,0.0704,257.57,0.5431,-0.91,5,50
2005BO40,14.89,0.0356,7.58,2.349,0.0851,315.58,0.3567,-6.83,5,5
2005BP57,14.19,0.0346,7.71,2.239,0.0665,269.51,0.5071,-1.33,5,50
2005BX56,15.29,0.0397,8.8,2.255,0.0671,279.58,0.4842,-2.63,5,5
2005CB89,13.5,0.0277,6.07,2.28,0.0785,287.03,0.4573,-2.99,5,50
2005EB296,14.78,0.0689,14.41,2.389,0.0144,359.58,0.1997,-11.15,5,5
2005LC60,14.88,0.1131,23.95,2.357,0.0444,257.01,0.064,-22.33,4,50
2005LT60,15.17,0.1345,29.12,2.307,0.0395,215.92,0.0407,-28.66,4,50
2005NO125,13.58,0.0197,4.42,2.227,0.0489,215.17,0.5275,0.7,4,50
2005XL106,14.45,0.0374,7.55,2.471,0.1134,357.73,0.0364,-13.87,5,5
2005XY106,14.43,0.0393,8.43,2.329,0.0479,313.21,0.3777,-4.93,5,5
2005XZ106,14.35,0.1194,26.61,2.242,0.0534,302.38,0.3598,-18.94,5,50
2006AQ102,14.39,0.0374,8.21,2.276,0.118,281.97,0.4625,-5.97,5,50
2006AY105,13.7,0.0999,22.53,2.214,0.031,29.13,0.4555,-10.49,5,50
2006BC261,14.85,0.0419,8.47,2.47,0.1189,357.55,0.046,-14.74,5,5
2006BD304,14.06,0.038,8.4,2.258,0.0911,278.31,0.4819,-3.74,5,5
2006BH185,14.52,0.0992,21.27,2.33,0.0845,350.01,0.2733,-18.19,5,50
2006BH295,14.01,0.0498,11.01,2.259,0.0334,35.41,0.4694,-2.67,5,50
2006BM247,13.88,0.0312,6.7,2.329,0.1377,296.61,0.4032,-9.04,5,5
2006BQ293,13.59,0.0911,20.55,2.214,0.0815,283.19,0.4736,-10.43,5,50
2006BS264,14.4,0.0038,1.1,0.147,0.0671,277.22,0.4834,-0.99,5,50
2006BX288,14.29,0.0556,12.29,2.26,0.0275,290.01,0.4619,-3.62,5,5
2006CB82,13.73,0.1044,25.57,2.039,0.0236,195.45,0.6519,-3.71,5,5
2006CC69,14.5,0.0666,14.76,2.253,0.0441,290.73,0.4594,-5.39,5,5
2006CK43,14.37,0.0646,13.46,2.397,0.0809,350.55,0.2196,-12.69,5,5
2006CM85,14.07,0.0568,12.38,2.29,0.0876,298.22,0.4245,-7.15,5,5
2006CM88,14.62,0.0399,8.42,2.368,0.0775,326.27,0.3169,-7.69,5,5
2006DA56,14.56,0.0151,3.35,2.253,0.0409,158.99,0.4953,0.08,5,50
2006DM55,14.06,0.0082,1.71,1.725,0.127,330.78,0.2522,-10.87,5,5
2006DO160,14.25,0.0788,17.58,2.239,0.0561,272.51,0.461,-7.37,5,50
2006DP223,14.87,0.0479,9.87,2.423,0.0651,355.6,0.1663,-10.56,5,5
2006DP225,13.81,0.0789,17.34,2.273,0.0407,307.74,0.4139,-8.47,5,5
2006DR224,14.44,0.056,12.63,2.213,0.0367,115.51,0.5215,-1.73,5,50
2006DU138,13.25,0.0464,10.57,2.192,0.0504,218.3,0.5384,-0.04,5,50
2006DZ222,13.62,0.0664,14.78,2.243,0.0407,179.91,0.471,-4.86,5,50
2006EG27,14.31,0.0708,15.72,2.248,0.0357,291.04,0.4606,-5.71,5,5
2006EJ79,14.63,0.0765,16.18,2.361,0.0757,344.34,0.2711,-13.25,5,5
2006EM80,14.87,0.0516,10.54,2.443,0.0711,365.26,0.0608,-12.24,5,5
2006EP74,14.19,0.1004,23.15,2.166,0.031,267.79,0.5174,-8.67,5,5
2006HK128,14.85,0.0943,19.68,2.392,0.0583,382.57,0.0828,-18.46,5,5
2006HM141,14.43,0.0156,3.36,2.311,0.0527,258.59,0.4173,-2.56,5,50
2006HO129,14.52,0.0979,21.42,2.283,0.05,328.85,0.3579,-13.92,5,5
2006HT133,14.76,0.1186,26.95,2.198,0.0789,301.74,0.4279,-18.41,5,5
2006MY16,14.71,0.0644,13.84,2.323,0.0568,321.15,0.3593,-8.38,4,5
2006OA41,15.4,0.1052,22.13,2.374,0.0381,392.12,0.0593,-20.16,4,5
2006OB41,14.89,0.0987,20.66,2.386,0.0289,390.34,0.0202,-18.48,4,5
2006OC34,14.96,0.0294,6.27,2.343,0.1206,305.05,0.3802,-8.15,4,5
2006OM37,14.95,0.0595,12.22,2.432,0.0434,370.51,0.0465,-12.01,4,5
2006OO36,14.93,0.1062,22.36,2.371,0.0422,391.23,0.0756,-20.46,4,5
2006OP40,15.11,0.0874,18.19,2.4,0.0338,382.2,0.0622,-16.1,4,5
2006OX34,14.83,0.0772,16.65,2.315,0.0222,328.96,0.3467,-9.56,4,5
2006SH371,14.13,0.0489,10.26,2.378,0.1468,317.44,0.3212,-13.87,4,5
2006UM291,14.35,0.0665,14.33,2.317,0.1329,305.72,0.383,-13.25,4,5
2007DA74,14.29,0.0684,15.4,2.22,0.0316,276.05,0.5012,-3.96,5,5
2007DH120,13.87,0.1148,26.23,2.185,0.0451,233.18,0.459,-14.17,5,50
2007DK127,13.94,0.0937,19.9,2.352,0.0474,362.08,0.2289,-15.9,5,5
2007EA165,14.02,0.0711,14.81,2.395,0.0449,361.55,0.1837,-12.43,5,5
2007EA235,14.93,0.0354,7.29,2.427,0.0838,348.37,0.191,-9.89,5,50
2007EC73,14.76,0.024,5.12,2.343,0.1439,299.44,0.3892,-9.38,5,50
2007ED231,14.51,0.0386,8.13,2.372,0.1283,316.66,0.3322,-10.76,5,5
2007ED242,14.6,0.0812,17.82,2.276,0.0763,306.79,0.4089,-10.51,5,5
2007EG231,14.25,0.0649,13.47,2.408,0.104,349.59,0.2091,-14.58,5,5
2007EK86,14.68,0.032,6.57,2.434,0.0577,314.97,0.1455,-8.91,5,50
2007EM233,14.57,0.0366,7.76,2.355,0.0862,318.44,0.3451,-7.24,5,5
2007EM95,15.31,0.0936,19.2,2.436,0.1612,364.61,0.072,-29.15,5,50
2007EO241,14.38,0.1033,22.14,2.33,0.0389,191.54,0.2427,-17.08,5,50
2007ES232,14.33,0.0698,15.63,2.23,0.0346,281.99,0.4852,-4.77,5,5
2007ES235,14.41,0.1263,29.25,2.157,0.0308,54.93,0.4614,-16.61,5,50
2007ET149,13.95,0.0097,2.0,2.276,0.0971,355.2,0.0693,-10.98,5,5
2007ET239,14.71,0.063,13.36,2.354,0.066,332.93,0.3098,-9.81,5,5
2007EU234,14.69,0.0958,20.66,2.315,0.0602,342.52,0.3077,-15.26,5,5
2007EV227,14.04,0.0133,2.88,2.313,0.0455,211.62,0.414,-2.35,5,50
2007FH57,14.96,0.0555,11.33,2.448,0.1361,349.66,0.1552,-17.03,5,5
2007FM59,14.82,0.0099,2.13,2.316,0.0357,305.87,0.3997,-2.6,5,5
2007FQ60,14.71,0.0291,6.33,2.295,0.049,235.69,0.4348,-2.55,5,50
2007FS57,15.03,0.0276,5.57,2.474,0.1221,352.77,0.084,-13.6,5,5
2007FV36,14.61,0.0145,3.12,2.315,0.05,243.96,0.4115,-2.6,5,50
2007HC94,15.02,0.0547,12.34,2.216,0.048,219.31,0.5209,-1.94,5,50
2007HE105,14.72,0.0552,11.4,2.42,0.1674,328.86,0.2536,-18.51,5,50
2007HO8,14.73,0.0133,3.0,2.208,0.0705,258.11,0.542,0.63,5,50
2007KF2,14.21,0.0355,7.93,2.233,0.0656,269.43,0.5135,-1.33,5,5
2007KX10,14.05,0.0886,19.59,2.259,0.0414,308.0,0.4164,-10.08,5,5
2007RB263,14.0,0.0454,9.61,2.36,0.093,322.18,0.3306,-8.78,4,5
2007RH339,14.36,0.0406,8.94,2.267,0.0817,283.7,0.4688,-3.87,4,5
2007RP352,14.52,0.1113,24.56,2.264,0.0488,280.9,0.3477,-17.08,4,50
2007RR348,14.92,0.0421,8.55,2.459,0.1059,357.3,0.0889,-13.4,4,5
2007RR355,14.58,0.0434,8.86,2.447,0.1556,336.76,0.2066,-16.75,4,5
2007RS305,15.11,0.0756,15.9,2.376,0.0792,349.47,0.2438,-13.87,4,5
2007RW351,15.31,0.0483,9.68,2.49,0.1748,345.84,0.0948,-21.31,4,5
2007TZ454,13.77,0.1511,33.92,2.225,0.0299,17.89,0.1756,-32.92,4,50
2007XU64,13.63,0.0894,19.41,2.299,0.0574,328.01,0.3525,-12.66,4,5
2008EA18,14.05,0.0708,14.76,2.395,0.0736,356.1,0.2026,-13.47,5,5
2008EA43,14.11,0.0401,8.4,2.385,0.0975,329.13,0.2947,-9.42,5,5
2008EU194,15.01,0.0399,8.07,2.466,0.121,354.37,0.0934,-14.43,5,5
2008FH146,14.88,0.1078,23.03,2.336,0.041,220.61,0.2022,-19.13,5,50
2008FL138,13.96,0.0575,11.94,2.407,0.0364,358.14,0.1805,-10.34,5,5
2008FQ132,14.37,0.0913,20.51,2.224,0.0443,222.24,0.4607,-9.01,5,50
2008GA169,14.78,0.0465,9.76,2.381,0.1319,321.71,0.3118,-12.4,5,5
2008GB139,14.67,0.0373,7.86,2.369,0.126,315.74,0.3369,-10.34,5,5
2008GD169,14.55,0.0303,6.6,2.295,0.1012,290.1,0.4412,-5.08,5,5
2008GD171,14.86,0.03,6.27,2.392,0.045,338.15,0.2645,-6.7,5,5
2008GD9,14.88,0.0998,20.69,2.407,0.1585,362.01,0.1325,-30.12,5,50
2008GE169,14.56,0.0549,12.37,2.215,0.0362,103.31,0.5214,-1.5,5,50
2008GH163,14.51,0.0646,13.64,2.366,0.0263,344.48,0.271,-9.49,5,5
2008GH80,14.71,0.0671,13.8,2.429,0.0944,362.99,0.1232,-15.4,5,5
2008GJ171,14.82,0.0532,10.96,2.421,0.0351,362.29,0.1374,-10.32,5,5
2008GK150,14.07,0.0089,1.98,2.276,0.1076,320.79,0.3166,-7.94,5,5
2008GK152,14.7,0.0885,18.67,2.369,0.0292,4.25,0.1934,-14.38,5,50
2008GK179,14.72,0.0248,5.51,2.247,0.0443,189.84,0.5008,-0.22,5,50
2008GL141,14.56,0.0692,14.47,2.386,0.0636,331.85,0.2227,-12.14,5,50
2008GL155,14.05,0.0756,17.12,2.206,0.0113,273.43,0.5092,-4.43,5,5
2008GO45,14.62,0.0382,8.47,2.253,0.0333,280.85,0.4856,-1.43,5,5
2008GO9,14.68,0.0663,13.64,2.426,0.0528,371.05,0.072,-13.17,5,5
2008GQ170,14.56,0.0393,8.16,2.404,0.0487,345.99,0.2271,-8.16,5,5
2008GR148,14.0,0.086,19.17,2.242,0.0465,236.51,0.4465,-8.58,5,50
2008GR152,14.11,0.0868,18.78,2.307,0.0298,332.71,0.3406,-11.51,5,5
2008GR170,14.3,0.0409,8.71,2.342,0.0601,318.35,0.3557,-6.04,5,5
2008GS143,14.23,0.0316,6.67,2.366,0.0872,321.06,0.3315,-7.27,5,5
2008GT61,13.82,0.0842,17.99,2.337,0.0494,343.37,0.2944,-12.75,5,5
2008GV168,14.52,0.0346,7.72,2.239,0.0381,128.63,0.5064,-0.4,5,50
2008GW65,15.21,0.0567,11.79,2.402,0.0718,349.9,0.2161,-11.16,5,5
2008HD54,14.59,0.0515,10.72,2.399,0.0766,344.66,0.2368,-10.44,5,5
2008HF10,14.53,0.119,27.35,2.173,0.0349,290.72,0.4633,-14.96,5,5
2008HJ7,14.21,0.0281,5.81,2.417,0.105,336.52,0.2436,-10.1,5,5
2008HN73,14.4,0.0762,16.28,2.337,0.0497,336.78,0.3118,-11.0,5,5
2008HO77,15.09,0.0528,11.28,2.338,0.1031,314.15,0.3622,-9.46,5,5
2008HP72,14.13,0.0984,20.96,2.345,0.0468,363.98,0.2293,-16.86,5,5
2008HP79,15.09,0.0491,10.98,2.231,0.1045,268.08,0.5069,-4.69,5,5
2008HQ75,14.55,0.0983,21.1,2.326,0.0489,353.11,0.2747,-16.01,5,5
2008HU54,14.69,0.0975,20.39,2.389,0.0582,344.37,0.0577,-19.2,5,50
2008HW47,14.84,0.058,11.75,2.469,0.1408,357.52,0.0585,-18.63,5,50
2008HZ75,14.17,0.019,4.01,2.366,0.0248,326.02,0.3218,-4.52,5,5
2008JD21,14.75,0.0981,22.13,2.214,0.0471,243.29,0.4606,-10.5,5,50
2008JH12,14.12,0.0915,19.63,2.328,0.0346,348.18,0.2884,-13.78,5,5
2008JH50,14.52,0.0306,6.59,2.32,0.0455,307.28,0.397,-3.75,5,5
2008JO44,14.37,0.0488,11.66,2.093,0.0403,93.78,0.6559,3.9,5,50
2008JQ51,14.1,0.095,20.84,2.278,0.0799,318.89,0.3782,-14.06,5,50
2008JR5,14.55,0.0427,9.56,2.233,0.0387,137.02,0.5088,-1.0,5,50
2008JR51,14.31,0.0628,14.04,2.236,0.0361,115.87,0.4875,-3.54,5,50
2008JT49,14.54,0.0281,5.75,2.443,0.0676,355.68,0.1284,-9.49,5,5
2008JU41,14.15,0.0352,7.34,2.395,0.0426,341.03,0.2535,-7.18,5,5
2008JW50,14.32,0.0761,16.78,2.264,0.0619,299.72,0.4322,-8.26,5,5
2008KE30,14.56,0.0833,18.43,2.257,0.0433,302.78,0.429,-8.81,5,5
2008KK37,14.33,0.1162,26.66,2.176,0.0192,290.24,0.4665,-13.76,5,5
2008KK47,14.57,0.0106,2.27,2.258,0.1266,321.87,0.3002,-9.82,5,5
2008KO2,14.18,0.0843,18.31,2.3,0.0504,324.63,0.3619,-11.17,5,5
2008KO8,15.37,0.0862,17.84,2.415,0.1993,333.98,0.2193,-30.43,5,50
2008LA13,14.65,0.0446,9.36,2.381,0.1059,327.27,0.3018,-10.28,5,5
2008LL18,14.01,0.0344,7.16,2.4,0.0292,344.29,0.2377,-7.07,5,5
2008OQ30,14.5,0.0406,9.37,2.165,0.0533,241.3,0.5876,1.32,4,5
2008OT33,15.61,0.091,20.25,2.245,0.0818,298.67,0.4337,-11.78,4,50
2008QE52,15.28,0.0354,7.41,2.386,0.08,331.64,0.2883,-8.1,4,5
2008QM52,15.35,0.0714,15.29,2.332,0.0543,329.83,0.3329,-9.93,4,5
2008QN40,14.78,0.0912,20.07,2.27,0.037,316.31,0.3942,-11.07,4,5
2008QN42,14.96,0.0912,20.45,2.228,0.0457,293.56,0.4552,-9.49,4,5
2008QN52,15.38,0.0933,19.8,2.354,0.0427,363.39,0.2234,-15.74,4,5
2008RB127,14.57,0.0704,14.56,2.415,0.0668,366.59,0.1298,-14.01,4,5
2008RB17,14.85,0.0761,15.91,2.388,0.0491,362.05,0.1905,-13.3,4,5
2008RB182,14.7,0.0537,11.23,2.39,0.0044,182.65,0.231,-8.62,4,5
2008RC14,14.86,0.07,14.51,2.41,0.0416,368.44,0.1294,-12.83,4,5
2008RE175,15.19,0.0338,6.77,2.496,0.1574,349.69,0.0354,-18.0,4,5
2008RG176,14.86,0.0402,8.28,2.425,0.0337,357.22,0.154,-8.82,4,5
2008RK174,14.57,0.0959,20.12,2.38,0.0472,379.89,0.1273,-17.83,4,5
2008RL182,14.82,0.1038,21.92,2.364,0.0488,290.74,0.1302,-19.63,4,50
2008RM180,14.69,0.0556,11.44,2.425,0.0428,364.85,0.1149,-11.05,4,5
2008RM182,14.99,0.0747,15.51,2.406,0.0448,370.23,0.128,-13.7,4,5
2008RN175,14.84,0.087,18.74,2.318,0.0542,335.77,0.3248,-12.78,4,5
2008RN76,15.03,0.0714,14.72,2.423,0.093,364.24,0.1275,-15.94,4,5
2008RO166,14.91,0.0427,8.65,2.464,0.1169,356.12,0.0852,-14.42,4,5
2008RO175,15.06,0.0857,17.84,2.399,0.0713,372.2,0.1309,-16.95,4,5
2008RP122,14.56,0.1055,23.84,2.208,0.0624,290.99,0.4491,-13.32,4,50
2008RP175,15.03,0.1016,21.44,2.366,0.0882,371.13,0.1778,-20.93,4,50
2008RQ180,14.79,0.0786,16.37,2.399,0.0242,372.97,0.1276,-13.75,4,5
2008RR161,14.12,0.1111,23.59,2.353,0.0482,388.08,0.1298,-21.55,4,5
2008RV173,13.7,0.0825,17.68,2.33,0.0477,338.65,0.3114,-12.0,4,5
2008RW68,14.79,0.0771,16.0,2.405,0.0549,370.26,0.1298,-14.5,4,5
2008RX164,15.12,0.1491,33.06,2.252,0.0486,308.77,0.0992,-34.48,4,50
2008SA276,15.31,0.0264,4.96,2.349,0.1839,338.09,0.1269,-19.92,4,5
2008SE8,13.39,0.0485,10.69,2.263,0.0727,285.21,0.4673,-4.17,4,5
2008SJ359,15.61,0.0495,10.2,2.423,0.0295,361.73,0.1355,-9.8,4,5
2008SK237,14.82,0.0686,14.74,2.323,0.074,321.08,0.3569,-9.84,4,5
2008SO231,14.89,0.084,17.5,2.397,0.0576,372.96,0.1301,-15.88,4,5
2008SO344,14.72,0.0733,15.0,2.441,0.1552,351.35,0.1522,-22.22,4,50
2008SP337,14.89,0.1139,24.2,2.35,0.0531,390.55,0.1203,-22.68,4,5
2008SP346,14.76,0.1073,22.75,2.355,0.044,383.86,0.1464,-20.18,4,5
2008SQ114,14.5,0.0635,13.01,2.438,0.1113,359.33,0.1243,-16.19,4,5
2008SR26,14.37,0.0361,7.52,2.398,0.0646,339.9,0.2529,-8.09,4,5
2008SW346,14.7,0.076,16.31,2.328,0.0775,327.91,0.3361,-11.75,4,5
2008SX337,14.55,0.1266,27.38,2.309,0.033,72.58,0.1559,-24.56,4,50
2008SX350,14.96,0.0659,13.89,2.368,0.0072,316.98,0.2599,-9.62,4,5
2008SZ121,14.73,0.1286,28.06,2.289,0.0592,356.9,0.2117,-25.93,4,50
2008SZ317,14.76,0.0606,12.35,2.451,0.1068,363.99,0.0548,-15.94,4,5
2008SZ347,15.14,0.0069,1.52,1.32,0.1333,327.12,0.2675,-11.06,4,5
2008TD114,14.38,0.108,23.42,2.303,0.1088,339.91,0.3066,-21.7,4,50
2008TD225,15.01,0.0716,14.7,2.432,0.1535,346.88,0.1826,-21.26,4,5
2008TE174,13.86,0.0499,10.6,2.352,0.0501,327.25,0.3278,-7.18,4,5
2008TF15,15.27,0.0297,6.0,2.473,0.1159,355.88,0.0508,-13.24,4,50
2008TH118,14.96,0.0985,20.9,2.354,0.0176,372.99,0.1925,-16.67,4,5
2008TH233,15.27,0.0891,18.86,2.36,0.1115,346.8,0.2575,-18.7,4,50
2008TH76,14.77,0.062,12.76,2.427,0.073,364.13,0.1193,-13.23,4,5
2008TJ229,15.0,0.0769,16.77,2.289,0.0786,310.07,0.3966,-10.31,4,5
2008TL212,14.7,0.008,1.58,1.612,0.1099,352.75,0.0842,-11.81,4,5
2008TL222,14.94,0.065,13.42,2.42,0.1632,335.39,0.233,-20.07,4,50
2008TO143,14.73,0.1028,22.05,2.328,0.0585,358.46,0.257,-17.92,4,5
2008TO184,14.8,0.1207,25.86,2.329,0.0284,4.25,0.1215,-23.17,4,50
2008TP225,14.81,0.0831,17.88,2.322,0.0571,333.89,0.3272,-12.12,4,5
2008TQ236,15.1,0.0942,20.17,2.332,0.033,353.74,0.2703,-14.66,4,5
2008TR225,14.56,0.0213,4.76,2.228,0.0469,202.97,0.525,0.62,4,50
2008TS76,14.67,0.1037,21.9,2.365,0.0526,315.36,0.133,-19.68,4,50
2008TV217,14.91,0.0794,16.45,2.41,0.0809,368.91,0.1269,-16.47,4,5
2008TV81,14.79,0.0797,16.57,2.403,0.0527,372.14,0.1246,-14.93,4,5
2008TW232,14.82,0.0623,12.95,2.401,0.0497,357.08,0.1921,-11.22,4,5
2008TY230,14.77,0.0665,13.79,2.407,0.0348,365.13,0.15,-11.87,4,5
2008TZ230,15.47,0.0526,10.51,2.499,0.1898,344.64,0.0754,-23.86,4,50
2008TZ235,14.68,0.1314,28.93,2.269,0.0313,378.15,0.2405,-24.92,4,5
2008UC36,14.54,0.1071,24.17,2.212,0.0384,176.95,0.442,-12.71,4,50
2008UD332,14.71,0.025,5.6,2.226,0.0482,211.29,0.5266,0.48,4,50
2008UE297,14.29,0.0749,16.04,2.334,0.0366,335.53,0.3184,-10.21,4,5
2008UF234,14.48,0.1027,21.68,2.366,0.1016,367.33,0.1818,-22.76,4,50
2008UG409,14.88,0.1144,24.67,2.317,0.0358,154.0,0.22,-20.21,4,50
2008UU25,14.98,0.0883,19.18,2.3,0.0617,326.87,0.3543,-12.61,4,5
2008VX94,14.15,0.0217,4.48,2.416,0.0888,338.58,0.2366,-8.76,4,5
2008WR150,14.87,0.1432,31.5,2.272,0.0654,387.51,0.1305,-32.88,4,50
2009DM4,13.64,0.0922,19.85,2.318,0.0732,337.89,0.3158,-15.01,5,5
2009HG121,14.39,0.0648,13.75,2.353,0.0633,334.09,0.3075,-9.98,5,5
2009HH125,14.19,0.0335,7.63,2.194,0.1052,249.37,0.5581,-1.42,5,50
2009HO125,14.01,0.0905,19.52,2.315,0.1182,325.47,0.337,-17.64,5,50
2009HP122,14.37,0.0454,10.14,2.236,0.0409,164.41,0.5022,-1.57,5,50
2009HQ35,14.25,0.0685,15.74,2.174,0.0704,251.89,0.5548,-3.25,5,50
2009JA5,14.59,0.0771,16.95,2.271,0.0555,284.19,0.4201,-8.32,5,50
2009JD14,14.07,0.0516,11.47,2.249,0.0607,281.01,0.4823,-3.5,5,5
2009JF24,15.28,0.0501,10.6,2.358,0.1346,313.53,0.3465,-12.16,5,5
2009JN15,14.6,0.0382,8.17,2.338,0.1092,307.55,0.3787,-8.0,5,5
2009JW19,14.03,0.0336,7.41,2.262,0.0273,284.02,0.4766,-1.28,5,5
2009KA28,14.55,0.0172,3.44,2.396,0.1407,343.11,0.1516,-14.11,5,5
2009KJ43,14.57,0.0813,18.13,2.239,0.0385,161.79,0.4571,-7.27,5,50
2009KP42,14.19,0.0132,2.72,2.419,0.07,342.12,0.2226,-7.68,5,5
2009KQ14,14.1,0.0895,20.19,2.214,0.0423,202.7,0.4777,-7.93,5,50
2009KR43,14.91,0.079,17.09,2.309,0.093,318.07,0.3664,-12.48,5,5
2009KU22,14.16,0.0682,14.45,2.356,0.0767,335.42,0.3001,-11.34,5,5
2009KU42,14.88,0.0638,13.4,2.379,0.1109,335.28,0.2795,-13.4,5,50
2009KW41,14.14,0.0546,11.49,2.375,0.07,336.94,0.2827,-9.55,5,5
2009LS5,14.06,0.0086,1.56,1.474,0.0403,151.6,0.4905,0.09,5,50
2009MC12,13.76,0.0687,15.53,2.211,0.0401,160.79,0.5114,-3.79,5,50
2009MG12,13.76,0.0822,17.55,2.338,0.0507,342.18,0.2967,-12.43,5,5
2009MO10,13.61,0.0473,10.21,2.315,0.1008,302.91,0.4015,-7.62,5,5
2009MZ5,14.46,0.0461,9.72,2.366,0.082,326.81,0.3166,-8.52,5,5
2009QQ79,14.83,0.085,17.94,2.367,0.0616,337.26,0.2274,-14.56,4,50
2009RA68,14.89,0.0739,15.32,2.407,0.0481,369.7,0.1278,-13.69,4,5
2009RE25,14.49,0.0204,4.44,2.287,0.0956,286.22,0.4547,-3.8,4,5
2009RF68,14.84,0.0904,18.99,2.377,0.0696,366.67,0.186,-17.1,4,5
2009RJ64,15.18,0.0377,7.56,2.493,0.1579,349.53,0.0567,-18.31,4,5
2009RM64,14.9,0.1059,22.38,2.363,0.0531,318.81,0.1261,-20.32,4,50
2009RN82,14.53,0.0256,5.31,2.412,0.0224,347.44,0.212,-6.82,4,5
2009RP82,14.82,0.0298,6.11,2.432,0.0695,350.95,0.1724,-9.17,4,5
2009RQ82,14.91,0.0785,15.95,2.458,0.2123,335.17,0.1716,-31.43,4,5
2009RZ62,14.88,0.0745,16.28,2.286,0.0337,311.91,0.4002,-7.98,4,5
2009SA415,14.97,0.0004,0.79,0.012,0.0281,361.64,0.0202,-7.92,4,5
2009SA60,15.0,0.0828,17.31,2.387,0.0737,362.62,0.1822,-15.75,4,50
2009SB223,15.2,0.0794,16.78,2.363,0.0847,345.8,0.2647,-14.17,4,50
2009SB421,15.17,0.0754,16.61,2.268,0.0488,250.77,0.4258,-7.63,4,50
2009SC247,14.69,0.0609,12.37,2.461,0.1523,352.17,0.1178,-19.97,4,50
2009SC404,14.89,0.0393,7.99,2.46,0.1233,351.12,0.128,-14.25,4,5
2009SD220,14.74,0.0277,5.91,2.337,0.0933,307.6,0.3821,-6.11,4,5
2009SD350,14.47,0.0433,9.09,2.377,0.0932,328.16,0.3035,-9.23,4,5
2009SE47,14.65,0.0517,11.02,2.343,0.1036,315.56,0.3561,-9.53,4,5
2009SF202,14.68,0.0485,10.0,2.42,0.0776,351.92,0.1864,-11.0,4,5
2009SF222,15.38,0.1364,29.76,2.288,0.0301,17.45,0.1305,-27.99,4,50
2009SF419,14.92,0.0805,18.34,2.191,0.07,265.37,0.5201,-6.27,4,50
2009SF420,14.75,0.0229,4.69,2.436,0.0399,355.49,0.1414,-7.99,4,5
2009SG355,14.98,0.084,17.48,2.399,0.0601,373.38,0.1244,-16.08,4,5
2009SH247,14.04,0.0067,1.59,2.012,0.0705,303.5,0.4019,-3.67,4,5
2009SH252,14.9,0.0586,12.26,2.386,0.0044,186.9,0.2316,-9.17,4,5
2009SH296,14.51,0.1228,26.61,2.304,0.0171,384.01,0.2018,-22.65,4,5
2009SJ252,14.81,0.0668,13.64,2.445,0.1058,366.25,0.053,-16.81,4,5
2009SJ402,14.98,0.0253,5.2,2.431,0.0334,354.93,0.1522,-7.83,4,5
2009SJ419,14.84,0.089,18.59,2.389,0.0501,291.87,0.1256,-16.34,4,50
2009SJ56,14.94,0.0867,18.8,2.302,0.0765,324.68,0.3566,-12.86,4,50
2009SK248,14.9,0.0408,8.35,2.443,0.0525,363.02,0.0786,-10.17,4,5
2009SL272,14.28,0.0122,2.55,2.397,0.1055,327.97,0.2834,-8.61,4,5
2009SL317,14.83,0.0173,3.64,2.369,0.092,318.43,0.3362,-6.69,4,5
2009SL415,15.16,0.0943,20.34,2.317,0.1482,319.63,0.3377,-21.75,4,5
2009SM190,14.78,0.045,9.79,2.296,0.0725,298.19,0.4262,-5.07,4,5
2009SM419,14.63,0.0807,17.44,2.311,0.0755,323.58,0.3556,-11.9,4,5
2009SM421,14.9,0.0634,13.07,2.421,0.0169,370.94,0.0847,-11.67,4,5
2009SM423,14.9,0.1091,23.12,2.355,0.0511,309.88,0.1309,-21.09,4,50
2009SN419,14.66,0.0758,15.74,2.404,0.0421,370.7,0.1294,-13.76,4,5
2009SO318,15.15,0.06,12.52,2.392,0.0899,343.16,0.2479,-12.1,4,5
2009SO321,15.03,0.0258,5.4,2.384,0.0571,331.9,0.2902,-6.37,4,5
2009SO419,15.11,0.0656,13.64,2.401,0.095,350.52,0.2143,-13.72,4,50
2009SO420,15.04,0.0206,4.42,2.333,0.0577,309.41,0.3845,-3.97,4,5
2009SP414,14.77,0.0269,5.52,2.431,0.034,355.26,0.1509,-7.94,4,5
2009SP419,15.12,0.0313,6.36,2.462,0.1077,353.92,0.1045,-12.51,4,5
2009SP420,14.32,0.0789,16.93,2.327,0.0711,330.94,0.3297,-12.03,4,5
2009SQ391,14.84,0.0995,20.9,2.376,0.0436,383.97,0.1114,-18.66,4,5
2009SQ420,14.76,0.0684,14.2,2.407,0.0434,365.55,0.1484,-12.44,4,5
2009SR405,14.93,0.077,15.89,2.421,0.0635,376.59,0.0214,-15.64,4,5
2009SR414,14.67,0.0385,7.95,2.416,0.0314,352.96,0.1862,-8.22,4,5
2009SR420,14.82,0.0504,10.41,2.419,0.0314,360.25,0.1504,-9.78,4,5
2009SS196,14.69,0.0704,15.48,2.272,0.0478,301.47,0.4284,-6.96,4,5
2009SS395,14.9,0.0411,8.42,2.438,0.0792,355.88,0.1394,-10.98,4,5
2009SS412,14.88,0.1038,22.81,2.273,0.0512,330.19,0.3575,-15.28,4,5
2009SS414,15.05,0.0388,8.05,2.406,0.0624,344.63,0.2292,-8.63,4,5
2009SS423,14.87,0.0995,20.95,2.373,0.0455,381.61,0.1304,-18.55,4,5
2009ST146,13.73,0.0121,2.63,2.295,0.1314,283.37,0.4502,-6.15,4,5
2009ST253,15.64,0.0497,10.03,2.473,0.2057,329.03,0.1922,-24.36,4,50
2009ST405,14.71,0.0262,5.41,2.415,0.0616,344.3,0.2204,-7.87,4,5
2009ST420,15.18,0.0517,10.69,2.415,0.0547,355.65,0.179,-10.32,4,5
2009SU403,15.17,0.0287,5.81,2.463,0.1239,348.53,0.1359,-13.34,4,5
2009SW250,14.61,0.1062,23.08,2.298,0.0476,347.79,0.3046,-17.06,4,5
2009SW256,14.66,0.0715,15.08,2.369,0.1048,337.5,0.2808,-13.97,4,50
2009SX415,14.84,0.0721,15.07,2.388,0.028,360.84,0.1961,-11.9,4,5
2009SX419,15.26,0.0588,12.2,2.408,0.109,344.13,0.2277,-13.76,4,5
2009SY256,15.01,0.1387,30.49,2.273,0.0533,336.18,0.1766,-29.46,4,50
2009SY429,15.12,0.0591,12.16,2.428,0.0303,370.12,0.0665,-11.48,4,5
2009SZ246,15.12,0.0954,20.01,2.381,0.0582,339.21,0.129,-18.03,4,50
2009SZ303,14.73,0.0791,16.43,2.404,0.0596,370.91,0.1281,-15.11,4,5
2009SZ402,15.14,0.1404,30.63,2.289,0.0467,285.23,0.0631,-31.01,4,50
2009SZ411,14.89,0.0537,11.52,2.327,0.0713,315.43,0.37,-7.44,4,5
2009SZ415,14.51,0.0417,8.85,2.355,0.0222,327.78,0.3252,-5.78,4,5
2009TE56,14.72,0.0786,16.35,2.401,0.044,371.75,0.1296,-14.32,4,5
2009TS57,15.16,0.0158,3.21,2.451,0.07,355.47,0.1122,-9.19,4,5
2009TT57,15.19,0.087,18.17,2.39,0.0405,375.51,0.1311,-15.69,4,5
2009TU30,15.01,0.0751,15.58,2.406,0.0478,370.08,0.1287,-13.86,4,5
2009TX57,14.81,0.0251,5.15,2.43,0.0287,354.6,0.1563,-7.66,4,5
2009UA193,14.82,0.098,20.6,2.377,0.0214,385.08,0.1054,-17.7,4,5
2009UA194,14.94,0.0883,18.43,2.392,0.0538,375.66,0.1269,-16.57,4,5
2009UB172,14.95,0.102,21.53,2.366,0.0493,293.64,0.1384,-18.99,4,50
2009UD15,14.81,0.1497,33.26,2.249,0.0438,262.38,0.1113,-34.06,4,50
2009UE189,14.75,0.1545,34.59,2.232,0.0461,289.14,0.0923,-36.52,4,50
2009UF10,15.21,0.0466,9.76,2.385,0.1017,330.87,0.2888,-10.47,4,5
2009UF102,15.15,0.0301,6.19,2.429,0.0276,355.85,0.1522,-7.97,4,5
2009UF120,14.65,0.0473,9.77,2.42,0.0383,358.25,0.1579,-9.56,4,5
2009UF190,14.53,0.0248,5.15,2.4,0.0647,337.32,0.259,-7.25,4,5
2009UF58,14.61,0.0778,16.25,2.39,0.0692,354.08,0.1918,-14.36,4,50
2009UH170,14.32,0.088,18.84,2.331,0.0873,337.32,0.3075,-15.31,4,5
2009UH187,14.94,0.0276,5.62,2.456,0.068,360.92,0.0443,-10.07,4,5
2009UH6,14.76,0.1095,25.16,2.174,0.0247,281.09,0.4871,-11.58,4,5
2009UJ179,14.89,0.0533,11.08,2.402,0.0726,347.68,0.2239,-10.65,4,5
2009UK192,15.12,0.0956,19.92,2.395,0.0713,377.44,0.0618,-19.47,4,50
2009UK65,14.32,0.0241,5.39,2.235,0.083,267.37,0.5162,-1.19,4,50
2009UL145,13.46,0.1375,34.09,2.013,0.0253,15.1,0.6008,-13.73,4,50
2009UM124,14.48,0.0125,2.65,2.351,0.0958,310.35,0.3679,-5.99,4,5
2009UO89,14.11,0.0248,5.05,2.448,0.1688,329.52,0.2224,-16.3,4,5
2009UP70,14.54,0.0627,13.2,2.371,0.0345,68.57,0.2626,-9.28,4,50
2009UQ189,14.96,0.063,12.97,2.427,0.0654,366.48,0.1048,-13.07,4,5
2009UR117,14.86,0.059,12.14,2.427,0.035,368.78,0.0843,-11.47,4,5
2009UR180,15.73,0.0621,12.48,2.483,0.1686,353.89,0.0354,-22.9,4,50
2009UR189,15.13,0.044,9.3,2.363,0.0768,325.81,0.3216,-7.92,4,5
2009UR70,14.2,0.0285,6.54,2.176,0.0105,243.21,0.5829,2.67,4,5
2009US118,14.79,0.0747,15.53,2.403,0.0365,370.06,0.134,-13.35,4,5
2009US180,14.42,0.0998,22.71,2.193,0.0275,282.6,0.4847,-9.64,4,5
2009US189,14.99,0.0661,13.64,2.419,0.0356,370.33,0.0969,-12.35,4,5
2009UT121,14.94,0.0368,7.58,2.427,0.0422,355.8,0.1555,-8.75,4,5
2009UU189,14.77,0.0819,18.09,2.26,0.0491,302.95,0.4277,-8.84,4,5
2009UU191,14.93,0.0319,6.62,2.411,0.0641,343.71,0.2275,-8.22,4,5
2009UV189,14.61,0.08,17.47,2.288,0.0405,316.5,0.3875,-9.38,4,5
2009UV190,15.19,0.0529,10.84,2.434,0.0333,368.31,0.0597,-10.84,4,5
2009UV29,15.0,0.068,14.16,2.398,0.0743,354.89,0.204,-13.05,4,5
2009UV65,14.71,0.0501,10.28,2.435,0.0382,145.22,0.0568,-10.42,4,50
2009UW183,15.03,0.0785,16.82,2.329,0.0542,333.89,0.3237,-11.27,4,5
2009UW189,15.12,0.0489,10.0,2.44,0.0513,366.11,0.0606,-11.0,4,5
2009UW191,14.69,0.0754,15.8,2.383,0.0292,361.43,0.1995,-12.4,4,5
2009UX14,15.19,0.0719,14.91,2.41,0.0632,341.6,0.1372,-13.77,4,50
2009UX180,14.97,0.0548,11.2,2.444,0.0815,364.99,0.0644,-13.22,4,5
2009UX189,15.04,0.0333,6.84,2.428,0.0063,289.17,0.1423,-8.03,4,5
2009UY188,15.49,0.0589,11.88,2.476,0.1542,355.61,0.0467,-20.32,4,50
2009UY99,14.84,0.0865,18.43,2.343,0.0877,342.72,0.2862,-15.42,4,50
2009UZ189,15.2,0.0853,17.76,2.399,0.0508,376.41,0.1087,-16.01,4,5
2009UZ47,15.44,0.0303,6.18,2.45,0.107,349.17,0.1546,-11.82,4,5
2009VA132,15.28,0.0888,18.55,2.39,0.0512,376.12,0.127,-16.55,4,5
2009VD130,14.84,0.0946,19.9,2.374,0.0492,374.62,0.1607,-17.26,4,5
2009VD53,15.01,0.1065,22.42,2.373,0.0435,393.4,0.0435,-20.81,4,5
2009VL8,14.63,0.0447,9.13,2.444,0.0592,364.45,0.0603,-10.91,4,5
2009VO6,15.05,0.0534,10.97,2.432,0.0173,369.09,0.0585,-10.59,4,5
2009VP132,14.88,0.1377,30.72,2.24,0.0276,4.25,0.2661,-26.06,4,50
2009VQ33,15.36,0.0644,13.11,2.454,0.1261,361.63,0.0679,-18.13,4,50
2009VQ52,14.53,0.0689,14.63,2.352,0.0531,338.05,0.2982,-10.33,4,5
2009VS127,14.13,0.0676,14.63,2.307,0.0501,316.12,0.3803,-8.01,4,5
2009VX128,14.81,0.1258,26.98,2.329,0.0508,319.91,0.0816,-26.2,4,50
2009VY129,15.21,0.0534,10.87,2.454,0.1074,361.62,0.0649,-14.78,4,50
2009WA296,14.77,0.0976,20.5,2.378,0.0244,384.74,0.1052,-17.67,4,5
2009WB118,14.76,0.1041,21.96,2.37,0.0641,363.71,0.1294,-20.23,4,50
2009WB300,14.88,0.0716,14.89,2.402,0.0378,366.29,0.1543,-12.65,4,5
2009WC16,14.13,0.0206,4.32,2.385,0.021,334.56,0.2826,-5.33,4,5
2009WD238,15.02,0.1033,21.69,2.379,0.0677,374.58,0.0865,-20.92,4,50
2009WD60,14.77,0.0993,20.9,2.373,0.0415,381.95,0.1292,-18.35,4,5
2009WF147,14.39,0.0687,14.83,2.315,0.0708,318.09,0.3686,-9.38,4,5
2009WF186,14.69,0.0801,17.18,2.327,0.0565,333.79,0.3249,-11.62,4,5
2009WF218,14.99,0.0943,19.74,2.387,0.0264,385.14,0.0793,-17.21,4,5
2009WG160,14.76,0.095,19.92,2.382,0.0529,311.27,0.1273,-17.59,4,50
2009WJ285,14.8,0.0377,7.86,2.396,0.0409,342.81,0.2464,-7.45,4,5
2009WK125,14.82,0.1347,29.31,2.295,0.03,13.83,0.123,-27.47,4,50
2009WK285,15.04,0.0211,4.21,2.44,0.1542,343.53,0.1266,-16.0,4,5
2009WN204,13.86,0.0935,22.85,2.043,0.0539,169.31,0.6619,-1.94,4,50
2009WN294,14.64,0.074,15.35,2.407,0.0465,369.81,0.1279,-13.64,4,5
2009WP141,15.01,0.0771,16.12,2.389,0.1136,347.73,0.2315,-17.07,4,5
2009WQ235,15.24,0.086,17.93,2.394,0.0538,374.31,0.1293,-16.09,4,5
2009WR154,14.35,0.0911,19.19,2.371,0.0451,369.59,0.1838,-16.01,4,5
2009WS11,14.39,0.039,7.93,2.456,0.1072,354.67,0.1129,-13.01,4,5
2009WU19,13.82,0.0451,9.62,2.34,0.0696,317.55,0.3583,-6.77,4,5
2009WW299,15.01,0.1016,21.44,2.367,0.0447,253.18,0.1385,-18.6,4,50
2009WY107,14.78,0.029,5.88,2.461,0.0822,359.87,0.043,-10.94,4,5
2009WZ218,14.49,0.0813,17.27,2.35,0.0383,348.85,0.2709,-12.35,4,5
2009WZ69,14.91,0.1014,21.69,2.332,0.1458,335.12,0.2854,-24.53,4,50
2010AA103,14.02,0.029,6.16,2.345,0.052,316.92,0.3587,-4.83,4,5
2010AD139,14.74,0.0441,9.11,2.418,0.0994,343.68,0.219,-11.44,4,5
2010AD30,13.83,0.0171,3.89,2.198,0.0894,250.63,0.5599,0.3,4,50
2010AE123,14.01,0.0863,19.28,2.234,0.0452,224.03,0.4535,-8.67,4,50
2010AH117,14.92,0.0269,5.92,2.269,0.0368,285.08,0.4712,-1.23,4,5
2010AH129,14.28,0.0724,15.49,2.335,0.0688,329.85,0.3291,-10.85,4,5
2010AJ129,14.33,0.0694,14.65,2.364,0.0517,344.14,0.2722,-10.87,4,5
2010AK130,14.53,0.1016,21.56,2.354,0.0502,372.78,0.1914,-18.42,4,5
2010AM116,13.95,0.0325,6.88,2.357,0.0815,318.9,0.3433,-6.72,4,5
2010AO125,14.11,0.0882,19.89,2.214,0.056,269.69,0.4797,-8.26,4,50
2010AR102,13.85,0.0382,7.94,2.399,0.0678,340.48,0.2501,-8.45,4,5
2010AU121,14.27,0.0435,9.2,2.363,0.0455,329.9,0.3131,-6.74,4,5
2010AY111,15.18,0.0865,18.05,2.394,0.0566,374.26,0.1298,-16.33,4,5
2010BB16,14.5,0.0336,7.16,2.341,0.1028,308.87,0.375,-7.28,4,5
2010BB91,14.22,0.0463,9.63,2.399,0.0761,341.9,0.2462,-9.68,4,5
2010BE20,13.64,0.0332,6.92,2.399,0.0465,341.95,0.2457,-7.31,4,5
2010BE79,14.05,0.0727,15.12,2.401,0.0378,366.82,0.1534,-12.84,4,5
2010BG55,14.39,0.0707,14.44,2.445,0.1657,347.38,0.1604,-23.01,4,50
2010BJ16,14.78,0.0752,15.47,2.428,0.1178,361.69,0.1289,-18.8,4,5
2010BK101,14.49,0.06,14.17,2.118,0.0344,75.69,0.625,1.69,4,50
2010BK14,12.75,0.0209,4.75,2.203,0.0723,254.15,0.5537,0.72,4,50
2010BK99,14.5,0.0572,11.75,2.431,0.0911,357.98,0.1445,-13.45,4,5
2010BM127,13.26,0.0828,18.33,2.255,0.075,298.04,0.4351,-9.93,4,5
2010BM62,13.91,0.0545,12.25,2.223,0.0428,271.49,0.5118,-2.26,4,5
2010BO135,15.64,0.0553,11.26,2.452,0.1127,359.31,0.093,-15.46,4,5
2010BS21,13.63,0.0727,15.67,2.317,0.067,322.0,0.3586,-10.06,4,5
2010BU136,14.44,0.0708,15.63,2.263,0.0638,292.11,0.4414,-7.07,4,50
2010BV22,13.8,0.0971,20.49,2.366,0.0815,367.29,0.1935,-18.99,4,50
2010BV62,13.81,0.025,5.31,2.355,0.0998,313.02,0.3575,-7.01,4,5
2010BZ144,14.72,0.0723,16.34,2.208,0.0925,267.78,0.5101,-6.57,4,50
2010BZ42,13.9,0.0699,15.41,2.265,0.0493,297.69,0.4392,-6.63,4,5
2010CD217,14.43,0.0863,18.62,2.316,0.0349,336.48,0.3262,-11.92,4,5
2010CJ243,13.4,0.1062,24.24,2.189,0.104,279.44,0.4729,-15.27,4,50
2010CL206,13.65,0.0986,21.51,2.288,0.033,334.32,0.3446,-13.8,4,5
2010CL218,13.92,0.0737,15.86,2.319,0.0731,322.86,0.3542,-10.65,4,5
2010CN232,13.63,0.0729,16.54,2.2,0.0246,268.95,0.5196,-3.83,4,5
2010CR225,14.19,0.1119,24.47,2.283,0.0288,4.25,0.3064,-17.49,4,50
2010CR240,14.05,0.0886,18.76,2.359,0.1187,342.92,0.2676,-19.01,4,50
2010CY228,13.92,0.0853,18.37,2.32,0.0531,335.6,0.3242,-12.43,4,5
2010CY233,14.69,0.085,18.29,2.32,0.0545,335.15,0.3251,-12.41,4,5
2010DU12,13.67,0.1045,23.25,2.243,0.0626,308.59,0.4027,-14.56,4,50
2010GC160,13.64,0.0419,9.07,2.308,0.0704,302.76,0.4106,-5.14,5,5
2010GD1,14.21,0.0632,14.71,2.146,0.049,200.7,0.5916,-0.39,5,50
2010GG57,14.46,0.0445,9.42,2.361,0.0458,329.58,0.3152,-6.79,5,5
2010GH,14.29,0.0466,9.99,2.329,0.0458,316.4,0.3693,-5.71,5,5
2010GH45,13.69,0.0166,3.59,2.308,0.0395,300.08,0.4211,-2.31,5,5
2010GH52,13.89,0.0722,15.67,2.301,0.0404,317.28,0.3808,-8.34,5,5
2010GJ148,14.18,0.0347,7.25,2.387,0.1079,326.02,0.3004,-9.57,5,5
2010GL9,13.77,0.0392,8.47,2.311,0.0789,302.06,0.4098,-5.35,5,5
2010GM183,14.56,0.076,17.18,2.21,0.0379,143.99,0.5041,-4.82,5,50
2010GO147,14.12,0.031,7.11,2.177,0.0976,242.52,0.577,-0.13,5,50
2010GO160,14.02,0.0277,6.47,2.135,0.0349,37.25,0.6267,4.25,5,50
2010GP147,13.62,0.0883,19.1,2.308,0.0743,328.77,0.3437,-13.59,5,5
2010GP89,14.14,0.0531,11.07,2.398,0.0786,344.73,0.2374,-10.73,5,5
2010GS67,14.11,0.0368,7.75,2.37,0.0983,321.87,0.3255,-8.48,5,5
2010GU168,14.04,0.0661,15.05,2.192,0.0307,261.68,0.5376,-2.42,5,5
2010GX40,14.06,0.0592,12.73,2.323,0.0654,317.11,0.3683,-7.85,5,5
2010GX42,13.7,0.0558,12.04,2.315,0.0477,313.76,0.3829,-6.37,5,5
2010GY177,14.14,0.0593,12.62,2.346,0.0579,328.65,0.3267,-8.57,5,5
2010HB22,14.44,0.062,13.94,2.222,0.0373,132.1,0.5049,-2.97,5,50
2010HC24,13.57,0.0323,6.81,2.373,0.0656,327.95,0.3095,-6.71,5,5
2010HG130,14.15,0.0272,6.04,2.244,0.0436,183.82,0.5029,-0.25,5,50
2010HG61,13.52,0.0911,20.31,2.24,0.0363,143.58,0.437,-9.6,5,50
2010HG97,14.39,0.0463,9.72,2.377,0.108,325.91,0.3078,-10.47,5,5
2010HL22,14.92,0.0581,12.43,2.333,0.109,313.04,0.366,-10.45,5,5
2010HN48,14.11,0.0488,10.15,2.399,0.0822,342.02,0.2452,-10.31,5,5
2010HP45,14.25,0.0772,15.97,2.415,0.1037,362.13,0.1504,-17.56,5,5
2010HQ22,14.49,0.08,17.25,2.317,0.1269,316.03,0.3584,-15.83,5,50
2010HS113,13.46,0.0373,8.35,2.231,0.0381,127.89,0.5147,-0.33,5,50
2010HT,13.35,0.0101,2.15,2.344,0.0507,314.44,0.3647,-3.9,5,5
2010HU20,14.19,0.0545,11.73,2.321,0.0747,312.53,0.3798,-7.45,5,5
2010HV112,13.59,0.0608,13.81,2.198,0.0447,262.03,0.5349,-2.19,5,5
2010HX19,14.37,0.0467,10.4,2.243,0.0735,276.34,0.4925,-3.12,5,50
2010JC1,13.67,0.0293,6.51,2.25,0.0396,146.88,0.4954,-0.47,5,50
2010JF81,14.3,0.094,21.07,2.227,0.0397,182.24,0.4506,-9.76,5,50
2010JH183,14.42,0.0579,12.36,2.338,0.0593,324.02,0.3437,-8.05,5,5
2010JJ42,13.84,0.0489,11.25,2.17,0.0308,4.25,0.5785,1.11,5,50
2010JL180,14.65,0.0511,11.19,2.282,0.1193,287.71,0.4447,-8.07,5,5
2010JM123,14.17,0.0869,18.89,2.297,0.0733,322.29,0.3646,-12.69,5,5
2010JR,14.33,0.0682,15.2,2.24,0.0557,266.42,0.4751,-5.29,5,50
2010JX,14.5,0.0573,12.42,2.304,0.046,309.45,0.3987,-6.07,5,5
2010JX41,14.07,0.0965,21.74,2.217,0.0287,4.25,0.4599,-9.48,5,50
2010JZ42,14.49,0.1072,24.29,2.202,0.0529,268.5,0.4535,-13.08,5,50
2010JZ80,14.19,0.0638,13.48,2.362,0.0746,335.77,0.295,-10.68,5,5
2010LB159,14.41,0.0116,2.35,2.173,0.1332,330.58,0.2488,-11.55,5,5
2010LM108,14.49,0.0782,16.63,2.35,0.0336,346.87,0.2764,-11.59,5,5
2010LW134,14.32,0.0568,11.81,2.402,0.0994,343.47,0.236,-12.59,5,5
2010MD149,14.43,0.0034,1.06,1.234,0.1092,324.22,0.2989,-8.4,5,5
2010ME149,13.98,0.0703,15.62,2.248,0.0249,290.95,0.4618,-5.37,5,5
2010MF149,13.88,0.0371,8.31,2.228,0.0675,267.45,0.5182,-1.34,5,5
2010MJ147,13.82,0.0419,8.94,2.343,0.0906,314.29,0.3621,-7.52,5,5
2010MM147,13.76,0.0899,21.65,2.073,0.0345,76.07,0.6384,-1.81,5,50
2010MS116,14.26,0.0907,19.19,2.36,0.0337,81.1,0.208,-14.93,5,50
2010MW147,14.4,0.0074,1.62,2.314,0.0421,329.25,0.3015,-5.03,5,5
2010NL147,14.7,0.039,8.0,2.436,0.0337,362.06,0.1017,-9.24,5,5
2010NM146,13.55,0.0354,7.65,2.313,0.0446,305.47,0.405,-3.83,5,5
2010NZ147,14.22,0.0832,18.75,2.215,0.0403,176.94,0.4862,-6.62,5,50
2010PN58,13.99,0.0766,18.64,2.059,0.0697,194.22,0.6666,0.75,4,50
2010TC199,14.77,0.0453,9.13,2.477,0.1397,354.16,0.0631,-17.05,4,5
2010TD208,14.19,0.0706,15.34,2.297,0.0294,315.14,0.3884,-7.61,5,5
2010TF198,14.12,0.0768,17.69,2.168,0.0365,121.07,0.553,-3.19,4,50
2010TJ238,15.55,0.0708,14.51,2.437,0.1194,362.25,0.1088,-18.12,4,50
2010TK229,15.0,0.0997,21.0,2.37,0.0452,256.35,0.1359,-18.25,4,50
2010TM221,14.98,0.0406,8.67,2.34,0.0764,315.06,0.3637,-6.57,4,5
2010TN192,14.8,0.1097,23.17,2.364,0.0414,222.19,0.0635,-21.18,4,50
2010TQ228,15.05,0.0524,10.91,2.397,0.1104,335.93,0.2635,-12.33,4,5
2010TQ237,15.05,0.0861,18.68,2.302,0.0754,323.82,0.3584,-12.83,4,5
2010TU169,14.43,0.0513,10.69,2.399,0.064,346.79,0.2308,-9.88,4,5
2010TX192,14.94,0.0813,16.99,2.389,0.0228,370.84,0.1547,-13.88,4,5
2010TZ222,14.92,0.1379,30.02,2.294,0.0515,318.62,0.0849,-30.44,4,50
2010TZ228,14.92,0.0805,16.76,2.399,0.0437,372.85,0.1272,-14.66,4,5
2010TZ237,15.21,0.075,15.58,2.405,0.0428,370.54,0.1275,-13.68,4,5
2010UA132,14.5,0.0617,12.96,2.377,0.0441,346.13,0.2552,-9.87,4,5
2010UC31,14.33,0.0762,16.45,2.313,0.0773,320.81,0.3615,-11.11,4,5
2010UC77,13.43,0.0124,2.61,2.367,0.0897,317.57,0.34,-6.31,4,5
2010UD126,14.27,0.089,19.1,2.325,0.0746,338.08,0.3113,-14.56,4,5
2010UE55,14.23,0.0173,3.62,2.393,0.0899,328.5,0.2905,-7.61,4,5
2010UF135,14.61,0.0249,6.39,1.945,0.0593,133.54,0.7942,11.0,4,5
2010UG101,13.42,0.0442,9.15,2.411,0.0536,350.29,0.2045,-9.13,4,5
2010UH74,14.53,0.0396,8.13,2.432,0.0732,353.97,0.1589,-10.27,4,5
2010UK66,14.11,0.0796,18.36,2.165,0.0238,254.45,0.5531,-3.61,4,5
2010UL135,15.43,0.0708,14.93,2.369,0.103,337.65,0.2807,-13.75,4,50
2010UM130,14.72,0.1473,32.61,2.256,0.0274,4.25,0.1097,-32.09,4,50
2010UN131,14.91,0.0752,15.6,2.407,0.0677,352.99,0.1424,-14.45,4,50
2010UN6,13.89,0.0446,9.85,2.259,0.0402,284.75,0.4744,-2.44,4,5
2010US129,14.99,0.0762,15.75,2.416,0.0457,376.58,0.054,-14.54,4,5
2010UW46,14.9,0.1581,35.67,2.214,0.0274,4.25,0.0901,-36.85,4,50
2010UZ130,15.13,0.082,17.6,2.327,0.0492,336.6,0.3183,-11.81,4,5
2010VA167,14.98,0.0388,7.89,2.455,0.0752,363.01,0.0129,-11.33,4,5
2010VA196,14.99,0.0736,16.65,2.204,0.0761,268.56,0.5118,-5.85,4,50
2010VA53,14.87,0.0772,16.55,2.33,0.0543,333.35,0.3246,-11.05,4,5
2010VB188,14.71,0.0731,15.47,2.36,0.0348,91.84,0.265,-10.74,4,50
2010VB248,14.77,0.0161,3.31,2.434,0.055,351.47,0.1639,-7.97,4,5
2010VB249,14.8,0.0892,18.94,2.353,0.1034,345.16,0.2686,-17.81,4,5
2010VB263,15.0,0.0468,9.78,2.391,0.0393,344.78,0.2454,-8.22,4,5
2010VB279,15.17,0.0788,16.41,2.4,0.0487,370.33,0.1393,-14.41,4,5
2010VB280,15.28,0.0816,16.98,2.4,0.0539,372.33,0.1287,-15.24,4,5
2010VB66,14.94,0.1455,32.19,2.257,0.0326,70.6,0.1362,-31.42,4,50
2010VC274,14.64,0.0754,15.9,2.369,0.037,353.5,0.2404,-11.91,4,5
2010VC276,14.77,0.039,8.31,2.341,0.0797,314.12,0.3655,-6.56,4,5
2010VC280,14.71,0.0504,10.52,2.392,0.0039,127.64,0.2321,-8.24,4,5
2010VD96,15.05,0.0278,5.97,2.329,0.1056,302.16,0.3976,-6.48,4,5
2010VE122,15.27,0.0719,14.88,2.411,0.0515,369.08,0.1238,-13.55,4,5
2010VE177,14.79,0.07,14.35,2.434,0.1052,364.21,0.1043,-16.92,4,5
2010VE272,15.09,0.0477,9.87,2.415,0.0488,354.46,0.1833,-9.61,4,5
2010VE280,15.24,0.0191,3.87,2.469,0.0986,356.41,0.0533,-11.46,4,5
2010VF136,15.06,0.0775,16.11,2.402,0.0458,370.58,0.1342,-14.13,4,5
2010VF189,14.71,0.1095,23.21,2.355,0.0518,315.46,0.1313,-21.08,4,50
2010VF197,14.23,0.0264,5.92,2.223,0.0471,203.69,0.5292,0.53,4,50
2010VF257,14.64,0.071,14.71,2.409,0.0385,369.36,0.1259,-12.91,4,5
2010VF263,14.59,0.0961,20.27,2.369,0.0414,212.57,0.1666,-16.7,4,50
2010VG260,14.81,0.0789,16.42,2.399,0.0388,371.45,0.1354,-14.09,4,5
2010VG281,15.22,0.0854,17.81,2.395,0.0528,374.15,0.129,-15.93,4,5
2010VH119,14.98,0.1039,22.9,2.265,0.0546,325.32,0.371,-15.06,4,5
2010VH142,15.09,0.0586,12.08,2.424,0.075,360.01,0.1463,-12.59,4,5
2010VH157,15.5,0.087,18.16,2.393,0.058,374.15,0.1315,-16.47,4,5
2010VH161,14.36,0.0866,18.44,2.345,0.0854,343.27,0.2836,-15.46,4,5
2010VH275,14.79,0.0919,19.25,2.384,0.039,378.44,0.1274,-16.65,4,5
2010VH279,15.34,0.0394,7.88,2.495,0.1607,349.7,0.0445,-18.89,4,5
2010VJ187,14.87,0.0672,13.91,2.412,0.051,365.49,0.1408,-12.63,4,5
2010VJ250,14.69,0.044,9.92,2.216,0.041,159.33,0.5278,-0.47,4,50
2010VJ274,14.99,0.0235,4.88,2.403,0.0167,343.35,0.2368,-6.24,4,5
2010VK190,15.09,0.032,6.52,2.454,0.0922,355.73,0.1073,-11.38,4,5
2010VK274,14.8,0.092,19.26,2.386,0.0562,329.0,0.128,-17.17,4,50
2010VL225,14.74,0.0161,3.27,2.458,0.0886,354.04,0.1085,-10.29,4,5
2010VL270,14.96,0.0502,10.39,2.413,0.0964,345.12,0.22,-11.86,4,5
2010VL271,15.32,0.0611,12.53,2.436,0.1424,345.73,0.1867,-18.03,4,5
2010VL33,15.33,0.0988,20.77,2.377,0.0595,380.33,0.1282,-19.16,4,5
2010VM145,15.11,0.1022,21.81,2.341,0.0221,370.19,0.215,-17.2,4,5
2010VM168,14.23,0.1083,24.64,2.195,0.0298,292.28,0.4615,-12.32,4,5
2010VM257,14.62,0.0981,20.64,2.375,0.0428,381.38,0.1283,-18.16,4,5
2010VM271,14.7,0.1262,27.38,2.303,0.0087,382.98,0.1788,-23.94,4,5
2010VN181,14.64,0.0206,4.61,2.229,0.0477,207.73,0.5244,0.61,4,50
2010VN189,15.33,0.0495,10.12,2.442,0.1052,354.39,0.1428,-13.6,4,5
2010VN271,14.83,0.0365,7.65,2.383,0.0733,331.95,0.2903,-7.79,4,5
2010VO245,14.57,0.0389,7.97,2.438,0.0346,362.71,0.0922,-9.33,4,5
2010VO270,14.66,0.1037,22.26,2.326,0.034,94.16,0.2489,-16.88,4,50
2010VO271,15.09,0.0384,7.83,2.445,0.0753,358.56,0.1083,-10.83,4,5
2010VO277,14.72,0.0335,6.94,2.412,0.061,345.35,0.2202,-8.31,4,5
2010VP142,15.03,0.0911,19.08,2.386,0.0493,286.86,0.1279,-16.67,4,50
2010VP145,15.26,0.0429,8.79,2.437,0.0791,355.89,0.1431,-11.09,4,5
2010VP155,15.29,0.0933,19.54,2.383,0.0577,337.62,0.1308,-17.58,4,50
2010VP258,15.12,0.1138,24.13,2.356,0.0348,397.68,0.0633,-22.26,4,5
2010VP276,15.18,0.0847,17.52,2.415,0.0864,375.06,0.0753,-18.35,4,5
2010VQ169,13.61,0.0203,4.43,2.288,0.0418,176.02,0.4478,-1.54,4,50
2010VQ248,14.43,0.0446,9.54,2.332,0.0992,309.17,0.379,-7.87,4,5
2010VQ257,14.43,0.0605,12.67,2.385,0.0051,234.6,0.2311,-9.43,4,5
2010VQ267,14.59,0.0747,15.75,2.37,0.0745,346.79,0.2576,-13.13,4,5
2010VQ278,15.09,0.0556,11.85,2.345,0.0322,328.69,0.3295,-7.24,4,5
2010VR274,14.63,0.0744,15.56,2.387,0.079,353.81,0.2193,-14.11,4,5
2010VS255,14.96,0.0577,11.82,2.438,0.0713,358.83,0.0569,-12.84,4,50
2010VS256,14.9,0.0578,12.07,2.392,0.0109,352.94,0.2186,-9.34,4,5
2010VS270,15.16,0.032,6.53,2.443,0.0438,360.89,0.0918,-9.08,4,5
2010VS273,14.82,0.0629,13.54,2.319,0.0159,321.42,0.3639,-7.0,4,5
2010VS274,14.67,0.0751,16.24,2.309,0.0341,323.83,0.3614,-9.12,4,5
2010VS283,14.85,0.0402,9.83,2.038,0.047,181.93,0.7128,6.61,4,5
2010VS56,14.55,0.0663,14.4,2.3,0.0608,311.04,0.3941,-7.88,4,5
2010VS64,14.71,0.1029,22.01,2.336,0.0767,359.07,0.2458,-19.29,4,5
2010VT262,14.48,0.0551,11.8,2.332,0.0188,323.1,0.3525,-6.39,4,5
2010VT267,14.8,0.0118,2.43,2.431,0.0192,353.38,0.1582,-6.98,4,5
2010VT273,14.64,0.0307,6.32,2.425,0.0618,349.63,0.1879,-8.65,4,5
2010VT280,15.25,0.0854,17.82,2.393,0.0464,374.4,0.1311,-15.63,4,5
2010VT52,14.91,0.0457,9.36,2.437,0.0462,363.83,0.0905,-10.3,4,5
2010VU166,14.79,0.0551,11.31,2.435,0.0375,369.79,0.034,-11.31,4,5
2010VU264,14.88,0.0818,17.57,2.324,0.0534,334.48,0.3249,-11.78,4,5
2010VU273,15.13,0.0028,0.89,1.442,0.0572,350.16,0.1688,-7.75,4,5
2010VU280,14.57,0.0453,9.35,2.417,0.099,343.87,0.2195,-11.51,4,5
2010VU82,13.19,0.0424,9.72,2.181,0.0405,147.42,0.5702,1.09,4,50
2010VV249,14.31,0.0304,6.48,2.34,0.0614,313.9,0.3689,-5.01,4,5
2010VV273,14.36,0.0985,21.75,2.262,0.035,319.58,0.3887,-12.64,4,5
2010VV52,14.94,0.0856,17.86,2.393,0.0415,375.2,0.128,-15.51,4,5
2010VW265,14.83,0.0835,17.41,2.396,0.0399,374.72,0.1246,-15.09,4,5
2010VW270,14.7,0.0248,5.51,2.243,0.0981,268.9,0.5065,-2.49,4,5
2010VW272,14.95,0.122,26.34,2.314,0.0312,27.47,0.1755,-22.86,4,50
2010VW273,15.03,0.0935,19.6,2.382,0.0386,379.41,0.1266,-16.99,4,5
2010VX23,13.37,0.0286,6.42,2.226,0.0482,212.41,0.5242,0.23,4,50
2010VX272,14.96,0.0739,15.33,2.406,0.0384,370.41,0.1269,-13.35,4,5
2010VX278,14.98,0.0286,5.84,2.446,0.0459,360.97,0.0803,-9.02,4,5
2010VX280,15.09,0.0949,19.89,2.381,0.0468,379.67,0.1254,-17.63,4,5
2010VY150,14.7,0.0539,11.08,2.428,0.0177,367.71,0.0849,-10.5,4,5
2010VY244,14.63,0.1365,29.75,2.291,0.0227,409.06,0.1175,-28.39,4,5
2010VY261,14.99,0.0342,6.98,2.449,0.0795,357.57,0.1057,-10.76,4,5
2010VZ120,15.02,0.0202,4.12,2.452,0.0781,354.97,0.1148,-9.76,4,5
2010VZ189,14.79,0.0381,7.79,2.44,0.0259,364.21,0.0701,-9.2,4,5
2010VZ224,14.52,0.0741,15.38,2.406,0.0437,369.74,0.1308,-13.52,4,5
2010VZ255,14.74,0.0591,12.67,2.329,0.0309,323.09,0.3538,-7.03,4,5
2010VZ256,15.07,0.061,12.65,2.407,0.0474,359.29,0.1754,-11.21,4,5
2010VZ274,15.48,0.0384,7.73,2.481,0.1414,351.95,0.0737,-16.44,4,5
2010VZ278,15.03,0.1005,21.11,2.379,0.0456,386.48,0.0908,-19.18,4,5
2010VZ284,14.87,0.1075,23.07,2.327,0.0376,368.41,0.2307,-18.6,4,5
2010VZ5,15.15,0.1118,23.76,2.35,0.0154,392.28,0.1159,-20.79,4,5
2010VZ56,14.87,0.0432,8.92,2.42,0.0698,350.86,0.1908,-9.99,4,5
2010WA28,14.9,0.0523,10.73,2.434,0.0395,367.47,0.0671,-10.92,4,5
2010WB45,14.94,0.1016,21.48,2.362,0.0359,135.22,0.1447,-18.35,4,50
2010WB67,14.38,0.0204,4.22,2.41,0.0568,341.66,0.2349,-7.15,4,5
2010WB75,14.75,0.085,17.73,2.394,0.0445,374.83,0.127,-15.52,4,5
2010WC39,14.68,0.0204,4.57,2.23,0.048,211.11,0.5231,0.55,4,50
2010WC80,14.69,0.0596,13.05,2.281,0.0104,301.51,0.4282,-4.83,4,5
2010WD17,14.19,0.0869,19.14,2.266,0.0049,212.1,0.408,-9.36,4,5
2010WD80,14.88,0.091,19.03,2.389,0.0271,381.77,0.0978,-16.4,4,5
2010WE30,15.56,0.0526,10.81,2.429,0.0998,352.97,0.1694,-13.04,4,50
2010WF18,14.69,0.0796,17.07,2.328,0.0554,334.01,0.324,-11.52,4,5
2010WG30,15.26,0.0369,7.47,2.467,0.1211,353.7,0.0947,-14.16,4,5
2010WH12,13.53,0.1191,27.16,2.191,0.0669,298.09,0.438,-17.09,4,50
2010WH24,14.67,0.0801,17.2,2.326,0.0544,333.78,0.3256,-11.52,4,5
2010WJ23,14.61,0.0431,9.24,2.327,0.0136,315.89,0.3737,-4.64,4,5
2010WK44,15.23,0.1059,22.38,2.364,0.0574,342.02,0.1286,-20.46,4,50
2010WK48,14.48,0.0965,20.76,2.321,0.0686,345.19,0.2956,-16.17,4,5
2010WK80,14.99,0.0693,14.03,2.465,0.168,352.94,0.1011,-23.42,4,50
2010WL41,14.72,0.0261,5.33,2.444,0.0951,348.96,0.164,-10.56,4,5
2010WL42,15.47,0.0889,18.57,2.391,0.055,375.58,0.1288,-16.71,4,5
2010WO19,14.7,0.0219,4.53,2.414,0.0117,347.8,0.2083,-6.57,4,5
2010WP34,14.94,0.0365,7.85,2.324,0.01,311.42,0.3842,-3.84,4,5
2010WQ14,14.56,0.0339,7.27,2.328,0.1088,302.65,0.3957,-7.15,4,5
2010WQ18,15.31,0.0769,15.97,2.404,0.0427,371.51,0.1256,-14.0,4,5
2010WR14,14.31,0.0206,4.63,2.227,0.0482,210.27,0.5271,0.67,4,50
2010WS44,14.75,0.0742,15.39,2.407,0.0462,370.24,0.1251,-13.7,4,5
2010WU25,14.67,0.0205,4.48,2.285,0.0318,291.18,0.4514,-1.41,4,5
2010WU40,14.36,0.1045,22.55,2.314,0.006,294.05,0.2705,-16.42,4,5
2010WW37,14.66,0.0087,1.79,2.436,0.0349,355.53,0.1311,-7.51,4,5
2010WW78,14.79,0.0162,3.41,2.365,0.0702,319.35,0.3335,-5.38,4,50
2010WX23,14.91,0.0929,19.52,2.377,0.0365,376.09,0.1509,-16.52,4,5
2010WX60,14.73,0.0089,1.91,2.329,0.0882,345.76,0.1842,-9.18,4,5
2010WY58,15.14,0.0538,11.07,2.426,0.0443,363.81,0.1193,-10.85,4,5
2010XD106,14.86,0.0789,16.4,2.402,0.0558,320.32,0.1327,-14.57,4,50
2010XD117,14.78,0.0798,17.17,2.322,0.037,333.79,0.3294,-10.76,4,5
2010XD120,15.21,0.1066,22.54,2.361,0.0604,353.68,0.1323,-20.92,4,50
2010XD43,14.94,0.1039,21.83,2.377,0.031,393.39,0.0207,-19.76,4,5
2010XF55,14.87,0.0178,3.89,2.291,0.1007,286.67,0.4516,-4.11,4,5
2010XH116,14.83,0.0264,5.37,2.452,0.083,355.3,0.1141,-10.37,4,5
2010XH119,14.78,0.07,14.53,2.403,0.034,366.23,0.1516,-12.33,4,5
2010XH7,14.66,0.088,18.37,2.393,0.0621,374.32,0.1307,-16.9,4,5
2010XJ122,15.02,0.0469,9.79,2.395,0.0354,346.81,0.2351,-8.3,4,5
2010XL118,14.25,0.0602,12.91,2.331,0.0785,319.14,0.3572,-8.93,4,5
2010XO30,14.96,0.0783,16.27,2.403,0.0494,371.63,0.1257,-14.51,4,5
2010XO54,14.17,0.0686,14.46,2.369,0.0865,339.36,0.2787,-12.49,4,5
2010XO91,14.63,0.0214,4.93,2.171,0.0434,241.73,0.5895,2.75,4,5
2010XP119,14.92,0.0662,13.73,2.408,0.0525,362.66,0.1603,-12.32,4,5
2010XP16,15.09,0.0893,18.57,2.401,0.0459,383.32,0.044,-17.02,4,5
2010XP91,14.63,0.0454,9.14,2.479,0.1524,350.11,0.0936,-18.32,4,50
2010XQ115,14.99,0.099,21.46,2.304,0.0536,304.06,0.3176,-15.09,4,50
2010XQ8,14.86,0.0563,12.03,2.337,0.0696,321.1,0.3506,-8.15,4,5
2010XQ91,14.61,0.0331,6.79,2.438,0.0578,356.83,0.1327,-9.33,4,5
2010XS118,14.98,0.0574,11.93,2.404,0.0719,350.95,0.211,-11.33,4,5
2010XS119,14.31,0.0857,19.15,2.237,0.0971,288.06,0.4561,-10.9,4,50
2010XT1,14.72,0.0207,4.77,2.167,0.0816,238.33,0.5926,1.73,4,50
2010XU106,14.97,0.0757,15.72,2.405,0.0452,370.87,0.1258,-13.91,4,5
2010XU57,13.42,0.0945,21.06,2.241,0.0579,290.43,0.43,-11.2,4,50
2010XV114,15.13,0.0729,15.11,2.408,0.039,370.44,0.1223,-13.25,4,5
2010XV119,15.24,0.0718,14.77,2.429,0.0989,365.36,0.1094,-16.66,4,5
2010XW14,14.88,0.0387,7.91,2.442,0.0461,362.98,0.078,-9.75,4,5
2010XX83,13.64,0.0139,3.06,2.268,0.1026,277.49,0.481,-3.0,4,50
2010XY121,15.03,0.0613,12.64,2.421,0.0075,340.98,0.0898,-11.26,4,5
2010XY25,15.97,0.0346,6.92,2.498,0.1638,348.56,0.0463,-18.52,4,50
2010XZ115,14.78,0.0813,17.47,2.324,0.0795,329.62,0.3333,-12.85,4,5
2010YD7,14.12,0.1278,29.49,2.164,0.0309,64.24,0.4464,-17.52,4,50
2011AB96,14.85,0.1326,29.1,2.275,0.0694,376.32,0.2262,-27.74,4,50
2011AP17,14.12,0.0224,5.03,2.226,0.0486,213.19,0.5267,0.58,4,50
2011AT99,14.85,0.0619,13.64,2.265,0.1151,285.26,0.4546,-8.72,4,5
2011AX108,15.29,0.1458,32.28,2.256,0.0497,313.87,0.1462,-32.48,4,50
2011BZ12,14.51,0.0725,15.61,2.319,0.0723,322.22,0.356,-10.36,4,5
2011KR21,13.93,0.0494,10.54,2.34,0.0521,321.53,0.3499,-6.67,5,5
2011LC35,14.21,0.0929,21.08,2.2,0.0417,280.5,0.4882,-8.56,5,5
2011LJ8,13.45,0.0107,2.3,2.312,0.0467,221.23,0.4135,-2.35,5,50
2011MG14,13.97,0.045,9.78,2.295,0.0384,301.04,0.4239,-3.91,5,5
2011NA7,14.77,0.0853,18.18,2.342,0.0897,340.61,0.2922,-15.2,5,50
2011NR5,14.31,0.0646,14.55,2.217,0.0426,191.41,0.5096,-3.22,5,50
2011NW6,14.72,0.0329,7.45,2.202,0.0927,253.72,0.5505,-0.99,5,50
2011NX6,14.13,0.1249,28.84,2.162,0.0349,143.91,0.459,-16.48,5,50
2011OD29,14.29,0.0567,11.91,2.376,0.0882,335.02,0.2853,-10.79,5,5
2011OE60,15.41,0.0877,18.9,2.316,0.0338,337.72,0.3232,-12.2,5,5
2011OG60,14.92,0.0943,19.81,2.378,0.0235,380.19,0.1299,-16.69,5,5
2011OJ22,13.01,0.0542,11.4,2.374,0.0621,337.67,0.2819,-9.13,5,5
2011OK75,15.27,0.0199,4.04,2.457,0.1041,350.18,0.1364,-11.22,5,5
2011OL76,15.04,0.0328,7.3,2.243,0.094,270.67,0.5032,-2.63,5,50
2011OL9,15.03,0.08,16.89,2.366,0.0861,347.27,0.2571,-14.84,5,5
2011OQ51,14.41,0.0335,7.1,2.358,0.138,307.81,0.3611,-10.43,5,5
2011OR64,14.94,0.0812,16.83,2.41,0.0824,370.19,0.12,-16.95,5,5
2011OS70,14.26,0.0485,10.15,2.387,0.0806,337.17,0.271,-9.68,5,5
2011OS77,15.17,0.0554,11.51,2.403,0.1251,335.83,0.2563,-14.17,5,5
2011OT77,14.53,0.0536,12.04,2.222,0.047,270.53,0.5133,-2.21,5,5
2011OU77,14.87,0.0474,9.93,2.384,0.0996,331.42,0.2881,-10.42,5,5
2011OV77,14.72,0.0425,8.67,2.449,0.0797,361.03,0.0802,-11.68,5,5
2011OX71,14.57,0.1051,24.01,2.186,0.0166,284.13,0.4816,-10.67,5,5
2011OX77,15.48,0.0249,5.07,2.452,0.0973,351.31,0.1386,-10.97,5,5
2011OY71,14.3,0.1345,29.84,2.255,0.0294,6.31,0.2565,-25.23,5,50
2011OY77,14.98,0.074,16.24,2.274,0.0806,301.03,0.4227,-9.19,5,5
2011OZ71,14.88,0.0149,3.2,2.319,0.0524,258.16,0.4063,-2.83,5,50
2011OZ77,15.2,0.0661,13.64,2.418,0.034,370.07,0.1009,-12.27,5,5
2011PA16,13.85,0.0068,1.63,1.83,0.0911,286.36,0.4555,-2.99,5,50
2011PG11,14.42,0.0365,8.43,2.162,0.0572,224.45,0.5934,1.87,5,50
2011PG20,14.75,0.0993,21.27,2.331,0.0089,357.01,0.2516,-15.66,5,5
2011PL20,14.04,0.046,10.03,2.291,0.0324,299.91,0.4284,-3.73,5,5
2011PM23,14.94,0.0201,4.3,2.336,0.1166,301.44,0.3941,-6.95,5,5
2011PO11,14.46,0.0116,2.43,2.39,0.0693,330.18,0.2895,-6.35,5,5
2011PQ20,13.76,0.0495,10.46,2.364,0.0833,327.37,0.3159,-8.95,5,5
2011PT15,14.63,0.1011,22.64,2.229,0.0362,303.98,0.4316,-11.91,5,5
2011PV23,14.93,0.0133,2.81,2.367,0.0609,322.16,0.3303,-5.16,5,5
2011PW15,13.97,0.0303,6.59,2.297,0.0899,292.53,0.437,-4.53,5,5
2011PZ15,14.58,0.0455,9.42,2.413,0.1189,336.92,0.245,-12.62,5,5
2011QA64,14.68,0.0341,7.11,2.395,0.0425,340.85,0.2536,-7.1,5,5
2011QD108,14.8,0.1024,21.61,2.365,0.0287,4.25,0.1216,-18.48,5,50
2011QD3,14.16,0.0531,11.94,2.222,0.0369,117.74,0.5139,-1.68,5,50
2011QD47,14.71,0.0428,9.02,2.369,0.046,332.31,0.3019,-6.94,5,5
2011QG110,14.41,0.0664,13.82,2.4,0.1006,348.72,0.2209,-14.18,5,50
2011QJ,14.15,0.0308,6.85,2.25,0.0385,134.57,0.4941,-0.61,5,50
2011QJ115,14.88,0.0334,7.34,2.273,0.075,285.57,0.4639,-2.99,5,50
2011QJ3,14.71,0.019,3.98,2.379,0.1198,316.84,0.3292,-8.85,5,5
2011QN117,15.43,0.0547,11.35,2.406,0.1056,342.04,0.2367,-12.76,5,5
2011QN38,15.0,0.0549,11.39,2.407,0.0255,357.94,0.1797,-9.78,5,5
2011QN64,15.62,0.062,12.77,2.422,0.1175,349.55,0.1912,-15.61,5,5
2011QO111,14.86,0.1318,28.48,2.311,0.029,4.33,0.0647,-27.08,5,50
2011QO46,14.7,0.0089,1.93,2.224,0.0462,216.74,0.4175,-2.2,5,50
2011QO99,14.82,0.0509,10.48,2.424,0.0287,363.21,0.125,-10.04,5,5
2011QS119,15.15,0.0806,17.92,2.247,0.0533,269.55,0.4481,-7.87,5,50
2011QT107,13.35,0.123,28.12,2.184,0.0511,273.86,0.4331,-17.67,5,50
2011QT117,14.63,0.0453,9.66,2.342,0.0633,319.29,0.3535,-6.63,5,5
2011QT119,14.93,0.0632,12.81,2.462,0.1871,339.57,0.162,-24.27,5,50
2011QU119,15.75,0.0353,7.65,2.302,0.1031,293.58,0.43,-5.88,5,5
2011QV107,14.73,0.0072,1.61,2.311,0.0627,353.26,0.1379,-8.39,5,5
2011QV119,15.42,0.0642,14.58,2.199,0.0274,264.52,0.5311,-2.36,5,5
2011QV53,14.88,0.067,13.9,2.407,0.088,355.17,0.1908,-14.01,5,5
2011QW113,15.38,0.0777,17.32,2.239,0.0462,226.38,0.461,-6.99,5,50
2011QY110,14.84,0.0444,9.14,2.425,0.0385,358.74,0.1475,-9.4,5,5
2011RH5,15.73,0.0631,13.58,2.32,0.1485,302.24,0.3859,-14.18,5,50
2011RR3,14.21,0.0258,5.5,2.345,0.0239,318.25,0.3571,-4.0,5,5
2011RS6,14.62,0.0537,11.62,2.307,0.072,306.3,0.4019,-6.61,5,5
2011SA350,15.11,0.0997,22.5,2.212,0.0581,280.46,0.4583,-11.42,5,50
2011SE287,14.34,0.0396,8.88,2.226,0.0389,138.68,0.5185,-0.39,5,50
2011SH262,13.77,0.1094,26.45,2.065,0.0545,196.86,0.6115,-7.37,5,50
2011SK22,14.63,0.0424,8.94,2.369,0.0842,326.21,0.316,-8.31,5,5
2011SP359,14.38,0.0967,20.81,2.32,0.038,349.14,0.2907,-14.89,5,5
2011SR21,14.02,0.1114,25.33,2.197,0.0352,296.14,0.4518,-13.52,5,5
2011SR308,14.72,0.0889,18.81,2.36,0.0401,197.56,0.2208,-14.54,5,50
2011SV330,15.03,0.0066,1.78,0.187,0.169,334.94,0.1751,-16.48,5,5
2011SY359,15.17,0.0267,5.97,2.232,0.0841,266.12,0.5181,-1.43,5,5
2011UD448,14.8,0.0935,19.57,2.386,0.1178,360.14,0.1904,-21.54,4,50
2011UX481,14.65,0.1026,22.54,2.272,0.0565,327.35,0.3638,-15.09,4,5
2011UY490,14.92,0.1117,23.59,2.364,0.1491,361.96,0.1811,-31.83,4,50
2011WF180,14.83,0.0614,12.98,2.361,0.0348,339.6,0.2882,-8.91,4,5
2011WG184,14.84,0.0767,16.18,2.369,0.0503,283.28,0.2407,-12.34,4,50
2011WP183,14.26,0.0171,3.01,1.979,0.1564,342.27,0.1328,-16.0,4,5
2011WS184,14.74,0.0331,7.42,2.226,0.0472,206.99,0.5221,-0.06,4,50
2011XY1,14.54,0.0754,15.65,2.407,0.0526,369.82,0.1292,-14.12,4,5
2011YB87,13.81,0.0519,10.86,2.387,0.0091,343.66,0.242,-8.26,4,5
2011YB95,14.81,0.0274,6.1,2.238,0.0546,245.31,0.5112,-0.34,4,50
2011YD10,14.69,0.0793,17.0,2.329,0.0599,333.63,0.3238,-11.67,4,5
2011YD47,13.81,0.0595,12.88,2.308,0.1119,302.9,0.4007,-9.86,4,5
2011YD97,14.8,0.0589,12.35,2.379,0.0721,340.87,0.2674,-10.48,4,5
2011YE97,14.86,0.0764,15.9,2.398,0.0416,368.43,0.1506,-13.61,4,5
2011YG87,14.46,0.085,17.67,2.401,0.0948,366.6,0.1521,-18.22,4,50
2011YG90,13.95,0.0602,12.94,2.322,0.0539,318.28,0.3678,-7.5,4,5
2011YG92,14.46,0.0678,15.21,2.225,0.0319,278.66,0.4943,-4.13,4,5
2011YJ2,14.05,0.0229,5.04,2.264,0.0511,237.84,0.48,-0.99,4,50
2011YL97,14.79,0.0896,19.86,2.253,0.0125,307.43,0.4216,-9.51,4,5
2011YM74,14.65,0.073,15.47,2.356,0.0513,342.94,0.2822,-11.21,4,5
2011YM75,15.22,0.0567,11.64,2.432,0.1239,348.25,0.184,-15.55,4,5
2011YM90,15.12,0.0801,16.65,2.403,0.06,371.35,0.1272,-15.31,4,5
2011YN56,14.92,0.0191,3.93,2.42,0.0861,340.17,0.2282,-8.65,4,5
2011YO97,14.97,0.0803,17.41,2.302,0.051,322.42,0.3663,-10.36,4,5
2011YO98,15.3,0.021,4.43,2.367,0.094,317.81,0.3389,-6.9,4,5
2011YP61,15.12,0.0216,4.45,2.427,0.0298,352.55,0.1699,-7.35,4,5
2011YP97,14.94,0.077,16.05,2.396,0.0363,368.42,0.1549,-13.48,4,5
2011YQ4,12.82,0.0396,8.54,2.319,0.0831,304.81,0.3988,-5.91,4,5
2011YS42,13.36,0.067,14.63,2.287,0.0501,306.62,0.411,-7.09,4,5
2011YT99,14.92,0.0779,16.8,2.314,0.0719,323.32,0.3558,-11.21,4,5
2011YU99,14.89,0.0842,19.12,2.199,0.0601,272.66,0.5045,-7.11,4,5
2011YV18,15.05,0.044,9.14,2.404,0.0914,340.08,0.2455,-10.4,4,5
2011YV7,13.04,0.0625,13.42,2.325,0.0205,324.05,0.3538,-7.26,4,5
2011YV71,13.7,0.0879,19.15,2.291,0.0093,324.37,0.3647,-10.76,4,5
2011YV97,15.16,0.0734,15.19,2.413,0.0874,363.92,0.1464,-15.4,4,50
2011YW96,14.9,0.0372,7.66,2.425,0.0311,356.25,0.1585,-8.47,4,5
2011YY27,14.38,0.0399,8.46,2.355,0.0982,316.89,0.3477,-8.19,4,5
2012AA16,13.96,0.0502,10.64,2.359,0.0519,330.31,0.3146,-7.57,4,5
2012AB26,13.64,0.089,20.01,2.219,0.027,288.38,0.4708,-8.07,4,5
2012AG33,14.74,0.0667,14.38,2.316,0.04,320.72,0.3657,-7.93,4,5
2012AH36,14.59,0.0741,15.5,2.387,0.0918,350.53,0.2281,-14.75,4,5
2012AL32,14.82,0.074,15.35,2.406,0.0415,370.2,0.1275,-13.47,4,5
2012AM16,15.07,0.087,18.18,2.391,0.0393,375.96,0.128,-15.68,4,5
2012AN35,14.75,0.0905,18.92,2.389,0.0564,376.46,0.1272,-17.15,4,5
2012AO36,14.79,0.0807,16.77,2.403,0.0644,370.76,0.1313,-15.61,4,5
2012AO37,15.04,0.0723,15.0,2.408,0.0445,369.02,0.1306,-13.28,4,5
2012AP20,13.88,0.0422,9.04,2.331,0.0632,313.48,0.3743,-5.82,4,5
2012AP34,14.92,0.0902,18.88,2.388,0.0476,376.94,0.1279,-16.65,4,5
2012AP36,14.8,0.0954,20.59,2.314,0.0577,342.17,0.3093,-15.0,4,5
2012AQ33,14.47,0.0676,15.07,2.241,0.0412,179.43,0.474,-4.83,4,50
2012AQ36,15.4,0.0639,13.05,2.444,0.1012,365.2,0.0677,-15.88,4,5
2012AR19,13.57,0.1103,24.32,2.265,0.0103,336.46,0.3483,-15.94,4,5
2012AR20,14.13,0.0423,10.08,2.095,0.04,119.62,0.6584,4.46,4,50
2012AR36,14.96,0.0798,16.63,2.397,0.1057,355.87,0.1976,-17.5,4,5
2012AT38,15.12,0.0864,18.48,2.334,0.081,338.78,0.3033,-14.66,4,5
2012AU38,15.27,0.0457,9.35,2.44,0.0735,360.11,0.1115,-11.38,4,5
2012AZ31,13.89,0.066,13.92,2.369,0.0631,342.46,0.2719,-10.9,4,5
2012BA51,14.99,0.0942,20.23,2.324,0.0456,347.83,0.2905,-14.65,4,5
2012BD182,15.05,0.0873,18.94,2.302,0.0781,324.41,0.3563,-13.29,4,5
2012BE188,15.14,0.0691,14.6,2.362,0.0787,338.43,0.287,-11.87,4,5
2012BF192,15.1,0.1141,24.38,2.338,0.0352,126.2,0.1521,-21.26,4,50
2012BG186,15.0,0.0877,18.33,2.39,0.0451,375.92,0.1282,-16.05,4,5
2012BH155,14.9,0.0862,18.31,2.351,0.0323,355.24,0.2514,-13.46,4,5
2012BH63,14.9,0.0429,8.87,2.418,0.0965,343.82,0.2191,-11.13,4,5
2012BJ36,14.84,0.0399,8.24,2.42,0.0517,282.79,0.1793,-8.83,4,50
2012BJ6,15.1,0.064,13.17,2.426,0.0144,374.1,0.0123,-11.99,4,5
2012BL179,14.47,0.098,21.44,2.283,0.0297,330.84,0.3556,-13.3,4,5
2012BM180,14.79,0.089,18.67,2.381,0.0177,375.85,0.1448,-15.34,4,5
2012BP179,14.87,0.0895,19.42,2.302,0.0669,328.27,0.349,-13.27,4,5
2012BP188,15.14,0.0653,13.61,2.397,0.0876,350.19,0.2204,-13.02,4,50
2012BQ142,13.45,0.1077,23.77,2.263,0.025,331.81,0.3604,-15.24,4,5
2012BQ44,14.71,0.0923,19.29,2.39,0.0614,350.81,0.1131,-17.65,4,50
2012BR46,14.89,0.06,12.42,2.412,0.0216,363.82,0.1469,-10.73,4,5
2012BR62,14.88,0.0903,18.89,2.388,0.0557,326.59,0.1275,-16.86,4,50
2012BS186,14.87,0.0576,11.78,2.443,0.0841,365.49,0.0653,-13.74,4,5
2012BT46,14.82,0.1066,22.55,2.36,0.0469,277.55,0.1245,-20.23,4,50
2012BT5,14.96,0.0943,19.84,2.375,0.0328,377.64,0.1463,-16.75,4,5
2012BT76,15.16,0.1001,21.08,2.371,0.0364,383.29,0.125,-18.4,4,5
2012BU107,15.01,0.0965,20.25,2.378,0.0383,381.59,0.1217,-17.68,4,5
2012BU155,14.75,0.0951,19.96,2.38,0.0337,381.42,0.1197,-17.27,4,5
2012BU96,14.89,0.0536,11.16,2.399,0.0621,348.51,0.2249,-10.14,4,5
2012BV165,15.24,0.0552,11.21,2.461,0.1421,352.27,0.1189,-18.11,4,5
2012BW185,14.85,0.0525,11.01,2.382,0.0758,337.9,0.2735,-9.8,4,5
2012BW37,13.83,0.0904,19.56,2.308,0.0468,335.09,0.3323,-12.93,4,5
2012BZ184,15.03,0.1022,21.57,2.365,0.0616,353.94,0.1539,-19.49,4,50
2012BZ43,15.49,0.0409,8.43,2.42,0.124,336.6,0.2384,-12.73,4,5
2012BZ62,14.94,0.0514,11.15,2.301,0.0713,303.14,0.4121,-6.05,4,5
2012BZ7,14.85,0.0506,10.36,2.441,0.0554,319.14,0.0331,-11.24,4,50
2012BZ96,14.64,0.1184,25.26,2.341,0.1323,365.94,0.1965,-30.8,4,5
2012CT57,15.2,0.0811,16.89,2.399,0.0418,373.57,0.1241,-14.73,4,5
2012DT6,13.33,0.0649,13.67,2.369,0.0262,346.17,0.2632,-9.66,4,5
2012JQ11,13.35,0.0832,17.88,2.323,0.0551,334.85,0.3243,-12.13,4,5
2012KO,13.65,0.0658,14.25,2.307,0.0362,316.22,0.3815,-7.31,4,5
2012MH6,14.45,0.0791,17.94,2.202,0.0358,272.61,0.509,-5.32,5,5
2012MH7,14.02,0.0079,1.74,1.38,0.1149,245.1,0.567,-0.7,5,50
2012PA63,14.71,0.0229,4.75,2.41,0.0596,341.67,0.2352,-7.37,5,5
2012PJ57,14.7,0.0506,10.42,2.427,0.1109,347.09,0.1959,-13.43,5,5
2012PW46,14.32,0.0373,7.8,2.383,0.0767,331.83,0.2899,-8.03,5,5
2012PY16,14.22,0.066,14.68,2.247,0.0398,166.17,0.4692,-4.52,5,50
2012PY53,14.41,0.0433,9.05,2.389,0.0758,336.45,0.2722,-8.87,5,5
2012PZ55,14.33,0.0269,5.62,2.393,0.0303,339.16,0.2605,-6.22,5,5
2012QA66,14.55,0.0583,12.0,2.427,0.0939,356.27,0.159,-13.64,5,5
2012QC78,14.8,0.1138,24.39,2.331,0.0296,4.25,0.1792,-20.49,5,50
2012QF65,14.76,0.0479,10.07,2.374,0.0178,339.3,0.2784,-7.26,5,5
2012QF69,14.18,0.0527,11.67,2.255,0.0362,107.67,0.47,-2.99,5,50
2012QH70,14.69,0.0905,19.15,2.36,0.0713,356.85,0.2294,-16.24,5,50
2012QK22,13.46,0.0805,18.22,2.205,0.0314,275.4,0.5026,-5.66,5,5
2012QM69,14.73,0.1001,21.13,2.366,0.0929,367.35,0.1904,-20.89,5,50
2012QM78,14.84,0.0678,14.02,2.416,0.059,366.67,0.1268,-13.24,5,5
2012QN38,14.51,0.0645,13.77,2.339,0.094,322.27,0.3421,-10.88,5,5
2012QP24,14.2,0.0548,11.63,2.353,0.0419,331.1,0.317,-7.68,5,5
2012QP82,14.58,0.0514,11.05,2.321,0.0686,311.83,0.3827,-6.72,5,5
2012QQ14,13.64,0.1214,27.94,2.169,0.0317,76.26,0.4604,-15.33,5,50
2012QS69,14.58,0.0294,6.65,2.207,0.0972,255.02,0.546,-1.18,5,50
2012QT80,14.86,0.097,22.24,2.177,0.0327,270.92,0.5111,-8.26,5,5
2012QW66,14.38,0.0218,4.81,2.267,0.0395,145.98,0.4753,-0.72,5,50
2012QW76,14.52,0.0588,12.13,2.42,0.0636,360.82,0.1489,-11.97,5,5
2012QW82,14.48,0.0524,11.56,2.263,0.09,284.75,0.4651,-5.3,5,50
2012QX25,14.47,0.0441,9.58,2.297,0.0283,302.29,0.4206,-3.7,5,5
2012QX30,14.84,0.0641,13.68,2.341,0.1021,320.88,0.3434,-11.36,5,5
2012QY63,14.32,0.0588,12.21,2.406,0.0095,357.69,0.1722,-10.13,5,5
2012QY69,14.82,0.0352,7.38,2.384,0.1162,323.11,0.3094,-10.04,5,5
2012RC37,13.89,0.0465,9.74,2.385,0.0532,340.21,0.2649,-8.28,5,5
2012RE39,14.41,0.1142,26.13,2.182,0.0267,290.87,0.4647,-13.49,5,5
2012RQ50,15.11,0.0812,18.45,2.198,0.0326,272.08,0.5106,-5.53,5,5
2012RR50,14.71,0.1165,26.72,2.177,0.0272,290.69,0.4648,-14.06,5,5
2012RW6,13.25,0.0364,7.62,2.381,0.0221,337.41,0.2773,-6.36,5,5
2012SA20,14.79,0.1124,24.38,2.303,0.0072,336.9,0.2625,-18.53,5,5
2012SC80,14.17,0.0815,17.27,2.357,0.0641,348.91,0.2626,-13.65,5,5
2012SD102,14.71,0.1243,26.97,2.3,0.0648,364.37,0.2133,-24.74,5,50
2012SD92,14.89,0.0374,8.35,2.238,0.0416,169.53,0.5049,-0.83,5,50
2012SD93,14.41,0.0401,8.74,2.294,0.066,296.85,0.4311,-4.22,5,5
2012SE43,14.18,0.0157,3.44,2.28,0.0458,207.65,0.4607,-1.13,5,50
2012SE67,14.74,0.0598,12.81,2.332,0.0703,320.65,0.3544,-8.52,5,5
2012SG105,15.07,0.0476,10.25,2.317,0.037,312.05,0.3872,-5.1,5,5
2012SH85,14.31,0.0706,16.23,2.172,0.0341,253.82,0.5553,-2.43,5,5
2012SJ93,15.24,0.0708,14.5,2.439,0.1205,361.69,0.1088,-18.44,5,5
2012SL90,14.73,0.0118,2.42,2.442,0.0623,352.68,0.1459,-8.37,5,5
2012SM89,14.71,0.031,6.42,2.412,0.0831,340.49,0.2365,-8.98,5,5
2012SO85,14.79,0.0614,13.01,2.357,0.0318,337.84,0.296,-8.67,5,5
2012SP101,14.17,0.0608,13.22,2.297,0.0648,306.11,0.407,-6.98,5,5
2012SP87,14.8,0.0415,8.45,2.455,0.0902,360.12,0.0726,-12.3,5,5
2012SP94,14.9,0.0413,9.38,2.197,0.0927,253.3,0.5507,-1.54,5,50
2012SQ24,14.51,0.016,3.44,2.315,0.051,250.16,0.4118,-2.67,5,50
2012SR105,15.17,0.0866,18.45,2.343,0.11,336.35,0.2984,-16.85,5,50
2012SS93,14.57,0.1137,24.17,2.351,0.0171,396.14,0.0921,-21.55,5,5
2012ST88,14.61,0.0452,9.68,2.332,0.0422,317.41,0.3656,-5.57,5,5
2012SU103,14.84,0.0251,5.27,2.375,0.0911,322.45,0.3212,-7.34,5,5
2012SV101,14.58,0.0992,22.52,2.2,0.0418,285.21,0.4766,-10.2,5,5
2012SV27,14.43,0.0288,6.29,2.289,0.0946,288.25,0.4493,-4.34,5,5
2012SV89,14.8,0.0413,8.49,2.429,0.0357,359.44,0.1356,-9.17,5,5
2012SW103,14.43,0.0775,16.84,2.297,0.0317,319.8,0.3768,-9.03,5,5
2012SW25,14.45,0.0826,17.52,2.354,0.1054,338.67,0.2866,-16.19,5,5
2012SW92,14.81,0.0212,4.33,2.439,0.114,340.88,0.2039,-11.1,5,5
2012SX103,14.46,0.0727,15.37,2.362,0.0992,336.89,0.2884,-13.63,5,50
2012SX85,14.65,0.0384,7.82,2.451,0.1275,345.99,0.1677,-14.02,5,5
2012SX89,14.41,0.1018,22.98,2.211,0.0435,221.39,0.456,-11.31,5,50
2012SZ80,14.48,0.0519,10.7,2.423,0.051,360.02,0.1468,-10.6,5,5
2012TA123,14.81,0.0115,2.36,2.434,0.0604,349.58,0.1739,-7.92,5,5
2012TA146,14.46,0.1118,24.5,2.279,0.091,336.46,0.3304,-20.27,5,50
2012TA282,14.43,0.0717,15.61,2.293,0.0581,311.33,0.3963,-8.47,5,5
2012TA323,14.9,0.0953,20.21,2.354,0.0571,363.58,0.2211,-16.85,5,5
2012TA352,14.65,0.0482,10.8,2.228,0.0262,272.72,0.5099,-1.35,5,5
2012TB20,14.06,0.0089,1.97,2.27,0.1066,325.94,0.2924,-8.42,5,5
2012TB202,14.44,0.0783,17.69,2.209,0.0307,276.06,0.5011,-5.38,5,5
2012TC124,15.28,0.0686,14.0,2.449,0.1221,363.27,0.072,-18.53,5,5
2012TC140,14.88,0.0717,14.85,2.409,0.0587,366.59,0.1404,-13.67,5,5
2012TC146,14.45,0.1016,22.07,2.299,0.0938,334.62,0.3277,-18.15,5,50
2012TC359,14.96,0.1184,25.22,2.345,0.0427,242.19,0.0739,-23.63,5,50
2012TD124,14.84,0.0592,12.17,2.428,0.0315,369.84,0.0712,-11.49,5,5
2012TD184,15.03,0.0752,16.98,2.212,0.0404,169.32,0.5015,-4.96,5,50
2012TD297,15.16,0.0495,11.32,2.185,0.1118,248.16,0.5557,-3.27,5,50
2012TD351,14.75,0.0231,4.97,2.315,0.049,241.53,0.4088,-2.99,5,50
2012TE14,13.91,0.0296,6.85,2.156,0.049,235.76,0.6026,2.71,5,5
2012TE391,14.32,0.057,12.55,2.27,0.0392,294.35,0.4477,-4.46,5,5
2012TF124,14.68,0.1276,27.65,2.303,0.0394,210.04,0.1692,-25.05,5,50
2012TF140,14.4,0.0903,18.86,2.392,0.0815,371.75,0.1417,-18.31,5,50
2012TF52,14.92,0.0301,6.18,2.436,0.0639,354.1,0.1499,-9.2,5,5
2012TG124,14.28,0.0818,18.32,2.23,0.0333,62.21,0.4676,-6.93,5,50
2012TG351,14.93,0.0515,10.55,2.437,0.0883,358.29,0.1305,-12.73,5,5
2012TH297,14.66,0.0768,17.14,2.237,0.0373,141.48,0.4674,-6.11,5,50
2012TH324,15.03,0.0421,9.4,2.236,0.0409,164.88,0.5041,-1.15,5,50
2012TH35,14.82,0.0497,10.24,2.423,0.1225,341.71,0.2185,-13.92,5,5
2012TH363,14.77,0.0704,14.73,2.388,0.0243,359.69,0.2004,-11.51,5,5
2012TH391,14.87,0.084,17.48,2.402,0.1096,361.48,0.1705,-18.79,5,50
2012TJ124,12.96,0.037,7.71,2.399,0.0514,342.45,0.2446,-7.77,5,5
2012TJ15,14.36,0.0708,15.68,2.255,0.0315,8.32,0.4512,-5.6,5,50
2012TJ309,14.35,0.0247,5.19,2.374,0.1139,317.27,0.3328,-8.59,5,5
2012TJ324,14.62,0.0386,8.54,2.256,0.0401,156.93,0.4824,-1.49,5,50
2012TJ35,15.02,0.0684,14.16,2.411,0.0674,363.06,0.1533,-13.46,5,5
2012TJ356,14.54,0.103,21.6,2.381,0.1158,369.94,0.1501,-24.6,5,50
2012TJ386,14.88,0.0548,12.1,2.261,0.0287,290.1,0.4614,-3.57,5,5
2012TJ397,15.24,0.0692,14.7,2.349,0.0852,331.85,0.3133,-11.52,5,50
2012TJ398,15.47,0.0469,9.78,2.394,0.0963,335.83,0.2678,-10.57,5,5
2012TK20,14.67,0.0941,19.67,2.389,0.0094,382.24,0.0467,-17.05,5,5
2012TK298,14.83,0.085,17.66,2.402,0.0586,376.15,0.1026,-16.37,5,5
2012TK324,14.4,0.0504,11.2,2.249,0.0422,182.0,0.4828,-2.61,5,50
2012TK351,14.43,0.0758,17.02,2.222,0.0249,281.4,0.4881,-5.3,5,5
2012TK398,15.18,0.0237,4.89,2.425,0.1031,338.89,0.2278,-9.99,5,5
2012TL15,14.07,0.0827,17.08,2.42,0.0846,375.9,0.049,-17.99,5,5
2012TL182,14.46,0.0704,14.84,2.368,0.0871,340.14,0.2771,-12.86,5,5
2012TL243,14.43,0.0655,13.9,2.354,0.1066,326.98,0.3192,-12.32,5,50
2012TL324,14.64,0.0761,16.56,2.294,0.0369,316.56,0.3859,-8.7,5,5
2012TL387,14.88,0.0335,6.88,2.434,0.0729,352.3,0.1637,-9.72,5,5
2012TL47,14.86,0.0454,9.28,2.445,0.0806,360.32,0.0995,-11.87,5,5
2012TM124,14.78,0.1288,27.87,2.309,0.055,346.86,0.1402,-27.05,5,50
2012TM178,14.84,0.0914,20.66,2.208,0.0385,162.62,0.4793,-8.46,5,50
2012TM211,13.84,0.0817,17.88,2.283,0.0786,310.19,0.3982,-11.08,5,5
2012TM263,14.66,0.1166,25.11,2.32,0.041,223.94,0.2022,-21.31,5,50
2012TM368,14.95,0.0991,20.86,2.373,0.0418,381.48,0.1319,-18.29,5,5
2012TM39,14.71,0.0858,18.37,2.334,0.0519,343.21,0.2964,-13.12,5,5
2012TM396,14.98,0.045,9.26,2.429,0.079,353.51,0.1676,-10.99,5,5
2012TN,14.94,0.0543,11.09,2.445,0.0755,366.68,0.0322,-12.92,5,5
2012TN14,14.57,0.0528,11.1,2.373,0.1034,328.45,0.3037,-10.95,5,5
2012TN143,14.82,0.0388,8.09,2.394,0.1172,327.75,0.2887,-10.9,5,5
2012TN269,14.06,0.0871,19.76,2.2,0.0381,276.15,0.4996,-7.0,5,5
2012TN300,14.23,0.0941,19.82,2.373,0.0153,377.75,0.1501,-16.29,5,5
2012TN5,13.6,0.0348,7.22,2.406,0.0777,340.23,0.2451,-8.81,5,5
2012TN53,14.8,0.0436,9.6,2.269,0.0143,289.99,0.4607,-2.33,5,5
2012TO400,15.03,0.0862,18.55,2.32,0.0225,339.29,0.3177,-11.8,5,5
2012TO405,15.09,0.0904,19.05,2.371,0.0156,371.62,0.1781,-15.14,5,5
2012TP146,13.5,0.0805,18.04,2.228,0.0304,287.16,0.4729,-6.64,5,5
2012TP261,14.76,0.0418,8.64,2.416,0.0449,228.36,0.1836,-8.68,5,50
2012TP390,15.34,0.0776,16.07,2.41,0.0698,369.82,0.1228,-15.45,5,5
2012TP4,13.72,0.0796,17.96,2.213,0.0359,113.5,0.4951,-5.57,5,50
2012TP52,14.32,0.1158,25.03,2.312,0.0297,374.0,0.2264,-20.58,5,5
2012TP64,14.69,0.0374,8.21,2.272,0.0397,154.85,0.461,-2.04,5,50
2012TQ126,13.86,0.0528,11.81,2.231,0.0375,126.78,0.5015,-2.07,5,50
2012TQ140,14.77,0.0158,3.24,2.435,0.098,342.72,0.2017,-9.73,5,5
2012TQ351,14.61,0.0848,17.7,2.393,0.0588,371.54,0.1441,-15.94,5,5
2012TQ360,14.99,0.1081,22.82,2.365,0.054,327.21,0.0949,-21.19,5,50
2012TQ81,14.18,0.0697,15.63,2.226,0.0668,277.34,0.492,-5.59,5,5
2012TS164,14.58,0.0455,10.43,2.18,0.0737,247.87,0.5677,-0.37,5,50
2012TS202,15.22,0.098,20.97,2.333,0.0668,353.64,0.2655,-17.09,5,5
2012TS245,13.5,0.0933,20.6,2.262,0.0439,313.62,0.4018,-11.49,5,5
2012TS359,14.77,0.0764,15.87,2.405,0.0741,365.18,0.154,-15.12,5,5
2012TS371,14.98,0.1032,22.43,2.298,0.0881,336.47,0.3252,-18.03,5,50
2012TS372,14.38,0.0814,17.62,2.307,0.059,324.91,0.3567,-11.17,5,5
2012TS382,14.77,0.0494,10.09,2.444,0.1065,355.6,0.1325,-13.61,5,50
2012TS398,15.37,0.0352,7.33,2.399,0.0763,337.59,0.2596,-8.47,5,5
2012TT139,14.87,0.0416,8.51,2.439,0.0823,355.61,0.14,-11.21,5,5
2012TT345,14.71,0.0429,8.79,2.437,0.1038,349.59,0.1726,-12.39,5,5
2012TT368,15.01,0.1171,25.79,2.266,0.0399,346.52,0.322,-19.09,5,5
2012TT4,14.03,0.0828,18.75,2.204,0.054,254.58,0.5009,-6.58,5,50
2012TU122,15.1,0.0384,8.03,2.391,0.0768,335.61,0.2722,-8.5,5,5
2012TU203,14.87,0.0499,10.25,2.431,0.0782,357.17,0.1472,-11.71,5,5
2012TU269,14.56,0.0455,9.31,2.439,0.0965,353.79,0.1497,-12.42,5,5
2012TU369,15.04,0.0371,7.87,2.356,0.0573,323.11,0.3356,-6.12,5,5
2012TU395,14.95,0.0399,8.48,2.351,0.0777,319.1,0.347,-7.0,5,5
2012TU79,14.91,0.0992,20.92,2.369,0.0432,238.52,0.144,-17.92,5,50
2012TU84,14.74,0.0216,4.57,2.365,0.1415,306.85,0.3599,-10.02,5,5
2012TV122,14.51,0.0452,9.61,2.35,0.1059,315.12,0.3535,-9.07,5,5
2012TV173,14.48,0.0519,10.62,2.438,0.0733,362.71,0.0997,-12.13,5,5
2012TV284,14.14,0.0632,13.32,2.371,0.0107,346.92,0.2591,-9.32,5,5
2012TV350,14.27,0.0996,22.19,2.243,0.0325,70.93,0.4163,-11.56,5,50
2012TV351,14.59,0.0533,11.82,2.253,0.038,138.3,0.4738,-2.99,5,50
2012TV51,14.19,0.0863,19.24,2.239,0.0486,250.08,0.4469,-8.97,5,50
2012TW122,14.43,0.057,11.97,2.378,0.089,335.73,0.2819,-10.95,5,5
2012TW224,14.49,0.0647,14.06,2.298,0.0071,288.29,0.3946,-6.37,5,5
2012TW350,14.52,0.0937,20.16,2.32,0.013,347.9,0.2953,-13.61,5,5
2012TW356,14.49,0.0318,6.54,2.426,0.0671,349.57,0.1865,-8.99,5,5
2012TW63,14.73,0.0578,12.92,2.232,0.0386,143.95,0.497,-2.81,5,50
2012TW79,14.94,0.1279,27.56,2.317,0.044,260.82,0.1069,-26.35,5,50
2012TX123,13.82,0.03,6.14,2.437,0.0996,346.32,0.185,-10.82,5,5
2012TX147,13.9,0.0689,14.54,2.367,0.0067,308.21,0.256,-10.11,5,5
2012TX362,14.65,0.0916,19.71,2.32,0.0116,345.3,0.3025,-13.02,5,5
2012TX371,15.28,0.0248,5.54,2.234,0.1127,263.81,0.5167,-2.88,5,50
2012TX396,14.8,0.0411,8.5,2.412,0.0335,352.14,0.1949,-8.36,5,5
2012TY148,15.12,0.0452,9.38,2.409,0.0739,346.35,0.2205,-9.92,5,5
2012TY51,14.37,0.0369,7.54,2.442,0.0969,351.27,0.1564,-11.56,5,5
2012TZ122,14.18,0.0478,9.88,2.416,0.1008,344.29,0.2187,-11.93,5,5
2012TZ123,14.92,0.0348,7.13,2.433,0.0662,353.61,0.1593,-9.52,5,5
2012TZ219,14.01,0.0512,11.65,2.195,0.0764,255.96,0.5471,-1.69,5,50
2012TZ243,14.59,0.0604,13.39,2.251,0.0261,287.54,0.4696,-3.88,5,5
2012TZ3,14.07,0.015,3.15,2.377,0.1095,317.85,0.3299,-7.91,5,5
2012TZ344,14.44,0.0947,21.36,2.213,0.0781,285.7,0.4682,-11.07,5,50
2012TZ373,15.01,0.0296,6.34,2.33,0.0549,310.36,0.3837,-4.34,5,5
2012TZ75,15.02,0.0144,2.81,2.236,0.134,346.81,0.125,-13.58,5,50
2012UA114,14.38,0.1025,23.21,2.205,0.0307,291.72,0.4627,-11.02,5,5
2012UA256,14.76,0.0828,17.95,2.303,0.0453,325.56,0.3589,-10.79,5,5
2012UB202,14.5,0.113,24.06,2.345,0.0202,390.86,0.1309,-21.01,5,5
2012UB208,14.49,0.1406,33.02,2.126,0.0448,239.33,0.4428,-22.52,5,50
2012UF200,13.94,0.117,26.88,2.174,0.0205,289.69,0.4675,-13.97,5,5
2012UG207,14.45,0.1101,23.64,2.325,0.0291,4.25,0.2179,-18.83,5,50
2012UH250,14.53,0.0596,12.41,2.399,0.0998,343.43,0.2396,-12.92,5,5
2012UJ18,14.21,0.0533,11.45,2.325,0.0436,317.58,0.3688,-6.33,5,5
2012UJ257,14.91,0.1167,24.81,2.35,0.037,398.75,0.0727,-23.08,5,5
2012UO18,14.35,0.0335,6.83,2.452,0.1209,346.65,0.164,-13.08,5,5
2012UO259,15.01,0.0825,18.42,2.235,0.0407,182.56,0.459,-7.57,5,50
2012UP,14.42,0.0551,12.02,2.291,0.083,298.5,0.4247,-6.68,5,5
2012UP158,14.33,0.1141,26.17,2.178,0.0525,264.73,0.4702,-13.96,5,50
2012UP225,14.61,0.0962,20.24,2.374,0.0295,380.12,0.1365,-17.18,5,5
2012UP257,14.78,0.1036,22.09,2.342,0.0378,176.17,0.2067,-17.85,5,50
2012UR239,14.96,0.0572,12.26,2.332,0.0703,319.19,0.3581,-8.1,4,5
2012UV199,13.91,0.1173,26.68,2.195,0.0368,302.57,0.4368,-15.52,5,5
2012UV255,15.17,0.0297,5.99,2.475,0.1276,352.59,0.0818,-14.15,5,50
2012UW252,14.68,0.1173,25.16,2.328,0.0401,215.85,0.1651,-22.18,4,50
2012UX207,14.7,0.0867,18.7,2.315,0.0535,334.18,0.3305,-12.55,5,5
2012VD124,14.14,0.1092,23.62,2.308,0.0276,360.63,0.2674,-17.94,5,5
2012VG114,14.94,0.1028,21.56,2.38,0.0745,383.6,0.0857,-21.47,5,50
2012VH2,12.95,0.084,18.41,2.278,0.0184,315.81,0.3944,-9.37,5,5
2012VJ134,14.78,0.1001,22.59,2.21,0.036,146.96,0.4591,-10.66,5,50
2012WZ39,13.88,0.0911,19.92,2.284,0.0329,324.23,0.371,-11.61,5,5
2012XM168,14.62,0.0584,12.53,2.325,0.0197,321.63,0.3601,-6.59,4,5
2012XU174,14.89,0.1073,22.57,2.374,0.0591,391.46,0.0603,-21.74,4,5
2012XZ166,13.54,0.0891,20.1,2.213,0.0449,216.95,0.4797,-7.93,4,50
2012YC16,14.56,0.0917,19.76,2.317,0.0168,344.01,0.307,-13.0,4,5
2012YC22,15.15,0.0609,12.45,2.445,0.1002,363.71,0.0789,-15.29,4,5
2012YJ28,15.2,0.0738,15.19,2.422,0.1419,350.6,0.1786,-19.72,4,50
2012YK16,14.32,0.0308,6.72,2.292,0.0893,290.97,0.4433,-4.15,4,50
2012YM16,14.91,0.039,8.12,2.398,0.1279,326.39,0.2882,-11.84,4,5
2012YM23,14.72,0.0985,20.71,2.376,0.0527,380.4,0.1308,-18.66,4,5
2012YN13,14.66,0.0699,14.85,2.351,0.1104,327.12,0.3197,-13.27,4,50
2012YO17,14.66,0.0971,20.41,2.376,0.0368,381.25,0.1278,-17.69,4,5
2012YO25,15.21,0.0969,20.31,2.382,0.0124,386.98,0.0792,-17.49,4,5
2012YP25,15.08,0.0875,18.22,2.398,0.0492,379.06,0.0931,-16.52,4,5
2012YR18,14.79,0.1437,32.23,2.227,0.0473,295.95,0.2549,-29.29,4,50
2012YR23,14.98,0.1338,29.2,2.288,0.0356,150.39,0.1623,-26.9,4,50
2012YS25,15.01,0.1237,26.46,2.335,0.0365,164.35,0.057,-24.83,4,50
2012YS26,14.96,0.1008,21.39,2.353,0.0746,365.87,0.2117,-19.32,4,5
2012YU21,15.11,0.0811,16.8,2.411,0.0432,379.32,0.0459,-15.32,4,5
2012YU26,14.89,0.0687,14.26,2.405,0.0431,364.93,0.1542,-12.4,4,5
2012YV20,14.49,0.1025,22.07,2.319,0.0467,355.14,0.2736,-16.89,4,5
2013AA16,13.31,0.0746,16.5,2.258,0.0367,298.0,0.4415,-6.86,4,5
2013AA173,14.94,0.0363,7.57,2.396,0.0503,341.14,0.2516,-7.55,4,5
2013AA184,15.04,0.0829,17.28,2.396,0.0412,373.8,0.1294,-14.97,4,5
2013AA79,14.74,0.0442,9.18,2.402,0.0499,346.98,0.2266,-8.64,4,5
2013AB153,15.19,0.0884,19.06,2.316,0.0549,336.1,0.3248,-13.08,4,5
2013AB184,14.57,0.0617,12.81,2.407,0.1059,347.4,0.2174,-13.92,4,50
2013AB195,14.52,0.0452,9.41,2.398,0.0782,340.71,0.2505,-9.6,4,5
2013AC136,14.54,0.0715,14.86,2.401,0.0307,366.66,0.1539,-12.45,4,5
2013AC148,15.96,0.072,15.01,2.396,0.0887,353.61,0.2096,-14.53,4,5
2013AC158,15.99,0.0879,18.44,2.38,0.0883,361.81,0.1973,-17.77,4,50
2013AC172,15.15,0.068,14.34,2.369,0.0606,344.21,0.2672,-11.17,4,5
2013AC196,15.02,0.141,30.94,2.277,0.0153,412.94,0.1162,-29.79,4,5
2013AC203,14.98,0.002,1.05,0.297,0.1018,352.8,0.0964,-11.01,4,5
2013AC70,14.35,0.0575,12.31,2.333,0.0765,319.04,0.3571,-8.49,4,5
2013AD175,15.08,0.0778,16.7,2.326,0.031,334.59,0.3256,-10.36,4,5
2013AE108,14.68,0.0781,16.88,2.309,0.0677,321.77,0.3626,-10.87,4,5
2013AE134,14.25,0.0856,18.42,2.319,0.0556,335.11,0.3255,-12.55,4,5
2013AF,14.63,0.0203,4.23,2.37,0.1721,306.74,0.3383,-13.67,4,5
2013AG1,14.13,0.0704,15.1,2.327,0.0948,320.05,0.3537,-11.49,4,5
2013AG139,14.27,0.0385,8.21,2.343,0.0791,315.09,0.3619,-6.59,4,5
2013AG171,14.9,0.0522,10.93,2.385,0.0825,337.58,0.2716,-10.19,4,5
2013AH131,14.04,0.0206,4.58,2.247,0.0606,264.08,0.5027,-0.52,4,50
2013AH197,14.79,0.0521,10.76,2.415,0.0758,352.02,0.1928,-11.19,4,5
2013AJ135,15.1,0.077,16.35,2.352,0.0748,340.56,0.2886,-12.9,4,5
2013AJ205,14.81,0.0259,5.28,2.443,0.0088,352.55,0.0773,-8.13,4,5
2013AK123,15.1,0.0438,8.98,2.433,0.0807,354.42,0.1563,-11.12,4,5
2013AK208,15.06,0.0443,9.16,2.417,0.0983,343.77,0.2196,-11.37,4,5
2013AK210,15.2,0.0342,6.93,2.46,0.1035,355.4,0.0985,-12.44,4,5
2013AL138,15.08,0.114,25.05,2.273,0.0362,345.9,0.3217,-18.16,4,5
2013AL182,16.05,0.0826,17.7,2.33,0.0261,340.82,0.3076,-11.46,4,5
2013AL196,14.93,0.0422,8.58,2.454,0.0948,359.35,0.0838,-12.44,4,50
2013AL205,14.79,0.0438,9.35,2.338,0.081,314.41,0.366,-7.03,4,5
2013AM131,13.63,0.0336,7.26,2.315,0.0512,305.57,0.403,-3.97,4,5
2013AM134,14.75,0.0615,13.28,2.313,0.0948,309.28,0.387,-9.29,4,5
2013AM192,14.85,0.0279,5.71,2.443,0.0548,358.03,0.1122,-9.06,4,5
2013AM193,14.78,0.0586,12.27,2.387,0.0948,339.2,0.2637,-11.95,4,5
2013AN135,14.81,0.126,27.44,2.296,0.0896,370.01,0.2316,-26.91,4,50
2013AN199,14.56,0.1038,21.92,2.365,0.0462,269.16,0.1274,-19.41,4,50
2013AO150,15.48,0.1517,34.33,2.207,0.0273,4.25,0.2227,-32.15,4,50
2013AO160,15.43,0.044,9.09,2.42,0.1049,342.92,0.2194,-11.83,4,5
2013AO194,14.77,0.0655,13.38,2.444,0.1011,367.19,0.0452,-16.02,4,50
2013AO205,15.2,0.0049,1.23,1.867,0.0712,357.02,0.0804,-9.27,4,5
2013AP140,15.3,0.0951,20.91,2.27,0.0183,321.55,0.3832,-11.73,4,5
2013AP208,15.2,0.0235,4.83,2.43,0.0246,354.62,0.1556,-7.51,4,5
2013AQ208,14.77,0.0556,11.61,2.388,0.0045,187.82,0.2328,-8.82,4,5
2013AQ29,14.12,0.072,16.82,2.138,0.0356,237.02,0.5923,-1.26,4,5
2013AQ83,13.45,0.0391,8.81,2.219,0.0702,263.64,0.5281,-1.28,4,5
2013AR140,15.11,0.078,16.63,2.342,0.0601,339.32,0.3004,-12.02,4,5
2013AR195,14.98,0.0422,8.71,2.419,0.0993,343.26,0.2194,-11.24,4,5
2013AS143,15.61,0.0715,15.35,2.327,0.0405,329.19,0.3385,-9.32,4,5
2013AS172,16.23,0.0895,18.81,2.376,0.0393,371.44,0.1704,-15.67,4,5
2013AS49,13.92,0.0934,20.68,2.256,0.0589,308.91,0.4119,-11.82,4,5
2013AS79,15.05,0.1395,30.5,2.286,0.0601,370.43,0.1213,-31.07,4,50
2013AT134,14.77,0.0161,3.31,2.432,0.0706,347.82,0.184,-8.39,4,5
2013AT195,14.73,0.0396,8.22,2.408,0.1285,330.34,0.2683,-12.41,4,5
2013AT198,14.98,0.0617,12.78,2.411,0.0361,363.23,0.1517,-11.22,4,5
2013AT207,14.96,0.0206,4.22,2.441,0.0218,359.12,0.1054,-7.83,4,5
2013AU135,15.15,0.0589,12.39,2.373,0.09,334.59,0.2883,-11.11,4,5
2013AU160,14.85,0.0801,17.23,2.322,0.0495,332.27,0.3324,-11.16,4,5
2013AU162,15.82,0.0606,12.62,2.397,0.0509,353.88,0.2086,-10.79,4,5
2013AU198,15.21,0.028,5.64,2.481,0.131,352.77,0.0584,-14.63,4,5
2013AV196,14.67,0.0533,11.11,2.393,0.0135,350.92,0.2258,-8.75,4,5
2013AV205,14.87,0.0279,5.81,2.398,0.0442,340.12,0.2527,-6.77,4,5
2013AV210,14.95,0.0467,10.02,2.327,0.1153,304.91,0.3883,-8.98,4,5
2013AW144,14.86,0.0901,19.45,2.313,0.0596,335.71,0.3263,-13.6,4,5
2013AW164,15.45,0.0265,5.42,2.446,0.1357,338.19,0.2045,-13.26,4,5
2013AW192,14.13,0.0635,13.65,2.322,0.0714,318.1,0.3665,-8.77,4,5
2013AW202,15.15,0.0165,3.36,2.461,0.0797,357.58,0.0674,-10.06,4,5
2013AW204,14.88,0.038,7.73,2.456,0.0861,360.15,0.0665,-11.75,4,5
2013AX136,15.12,0.0369,7.51,2.453,0.1067,353.36,0.1276,-12.41,4,50
2013AX142,15.75,0.0865,18.94,2.28,0.0358,317.62,0.3882,-10.35,4,5
2013AX147,15.08,0.0461,9.58,2.404,0.078,343.72,0.235,-9.98,4,5
2013AX201,14.52,0.0745,16.07,2.314,0.0762,320.43,0.3621,-10.73,4,5
2013AX204,14.94,0.0614,12.97,2.366,0.0351,341.76,0.2781,-9.12,4,5
2013AY144,15.12,0.0874,19.26,2.265,0.004,133.22,0.4079,-9.45,4,5
2013AY147,15.99,0.0713,15.24,2.336,0.0474,332.79,0.3232,-9.88,4,5
2013AY183,15.43,0.0238,5.24,2.266,0.0327,6.65,0.4764,-0.61,4,50
2013AZ183,14.62,0.0604,12.58,2.398,0.0236,357.4,0.1947,-10.2,4,5
2013AZ31,13.01,0.0604,12.77,2.36,0.0825,331.29,0.3079,-10.4,5,5
2013BA109,14.88,0.0269,6.62,2.031,0.1056,177.39,0.7139,5.38,4,50
2013BA50,14.43,0.048,9.81,2.444,0.0718,363.28,0.0783,-11.78,4,5
2013BA75,14.54,0.0747,15.62,2.389,0.0671,357.74,0.2047,-13.71,4,5
2013BB106,14.53,0.0212,4.33,2.447,0.1011,348.19,0.1622,-10.59,4,50
2013BB16,15.14,0.0572,11.75,2.429,0.0041,161.1,0.055,-10.93,4,5
2013BB45,13.97,0.0703,14.92,2.352,0.0579,338.08,0.2979,-10.73,4,5
2013BB51,14.77,0.0737,15.31,2.405,0.0372,369.96,0.1311,-13.24,4,5
2013BC1,13.11,0.0793,16.83,2.351,0.0519,345.87,0.2772,-12.36,4,5
2013BC102,15.08,0.0935,19.6,2.383,0.0176,382.67,0.1056,-16.64,4,5
2013BC17,14.97,0.0358,7.35,2.435,0.0427,206.27,0.1193,-8.86,4,50
2013BC82,15.13,0.0641,13.27,2.411,0.0483,363.0,0.1541,-11.92,4,5
2013BC99,15.05,0.05,10.44,2.392,0.0041,148.57,0.2323,-8.2,4,5
2013BE110,14.89,0.0476,9.93,2.396,0.0711,342.46,0.2471,-9.53,4,5
2013BE90,14.62,0.1075,25.18,2.132,0.0047,48.29,0.5451,-8.74,4,5
2013BF105,14.79,0.0614,12.68,2.418,0.0867,356.56,0.1704,-13.4,4,5
2013BF91,14.69,0.058,12.11,2.394,0.0828,344.55,0.2423,-11.5,4,5
2013BG1,14.65,0.0951,19.94,2.381,0.0206,383.42,0.1056,-17.03,4,5
2013BG2,14.98,0.0787,16.38,2.402,0.0487,371.25,0.1312,-14.49,4,5
2013BH102,15.02,0.0932,19.93,2.334,0.0448,248.39,0.2704,-14.65,4,50
2013BH51,14.86,0.0608,12.52,2.425,0.0924,357.38,0.1573,-13.88,4,5
2013BJ102,14.57,0.0721,15.47,2.326,0.0469,328.35,0.3407,-9.56,4,5
2013BJ98,14.44,0.1167,26.06,2.237,0.0307,33.88,0.3732,-16.95,4,50
2013BK102,14.83,0.0716,14.84,2.41,0.0594,331.63,0.1337,-13.56,4,50
2013BK107,14.88,0.0756,16.19,2.331,0.0675,330.5,0.3298,-11.28,4,5
2013BK109,14.99,0.0359,8.06,2.226,0.0486,215.95,0.521,-0.34,4,50
2013BL102,15.2,0.0769,15.88,2.417,0.0466,377.53,0.0362,-14.75,4,5
2013BL17,14.59,0.0727,15.07,2.408,0.044,369.44,0.1282,-13.34,4,5
2013BL38,14.97,0.0733,15.12,2.421,0.0576,373.77,0.0654,-14.51,4,5
2013BL90,14.79,0.0594,13.02,2.279,0.0706,296.7,0.4349,-6.26,4,5
2013BL98,14.75,0.0829,17.28,2.396,0.0417,373.93,0.1283,-15.01,4,5
2013BM102,14.9,0.0356,7.24,2.456,0.0772,361.32,0.0488,-11.1,4,5
2013BM104,14.86,0.0422,8.68,2.425,0.0853,349.19,0.1905,-10.77,4,5
2013BM89,14.84,0.1027,22.52,2.279,0.0736,328.73,0.3552,-16.07,4,50
2013BN1,15.37,0.07,14.29,2.446,0.1119,367.69,0.0305,-17.86,4,50
2013BN16,15.07,0.0977,20.53,2.376,0.0457,380.97,0.1276,-18.18,4,5
2013BN90,14.67,0.0737,15.46,2.38,0.0084,350.08,0.2101,-11.65,4,5
2013BN98,15.07,0.0649,13.85,2.339,0.0738,326.0,0.3363,-9.84,4,5
2013BO107,14.88,0.054,11.42,2.359,0.0937,325.01,0.3244,-9.91,4,5
2013BO17,14.87,0.0621,12.72,2.437,0.1725,335.67,0.214,-21.3,4,5
2013BO41,14.92,0.0701,14.46,2.421,0.0746,366.87,0.1102,-14.37,4,50
2013BO82,14.92,0.0729,15.12,2.409,0.048,369.59,0.1253,-13.56,4,5
2013BO90,14.55,0.0891,19.03,2.337,0.0354,350.56,0.2754,-13.61,4,5
2013BP102,15.09,0.1186,25.46,2.326,0.0281,4.25,0.1579,-22.11,4,50
2013BP104,15.07,0.1191,25.62,2.323,0.0378,186.47,0.1731,-22.3,4,50
2013BP26,14.34,0.0559,11.98,2.331,0.0313,322.47,0.3541,-6.66,4,5
2013BP90,14.49,0.0561,12.29,2.277,0.0296,297.98,0.4376,-4.42,4,5
2013BQ108,15.31,0.0726,15.42,2.351,0.1103,328.89,0.3141,-14.12,4,5
2013BQ90,14.63,0.0332,7.23,2.294,0.0548,266.89,0.4347,-2.99,4,50
2013BR102,15.13,0.1107,24.69,2.24,0.0569,304.32,0.3926,-15.82,4,50
2013BS105,14.8,0.0897,19.15,2.339,0.0265,353.03,0.2678,-13.66,4,5
2013BT16,15.25,0.0706,14.47,2.437,0.1021,367.67,0.0704,-16.71,4,50
2013BT89,13.88,0.0712,15.97,2.227,0.0597,279.34,0.4884,-5.62,4,5
2013BU18,15.15,0.1152,24.47,2.352,0.0246,398.93,0.0674,-22.28,4,5
2013BU99,15.08,0.08,17.17,2.326,0.0565,333.64,0.3254,-11.6,4,5
2013BV68,14.25,0.0676,13.99,2.412,0.0542,365.26,0.1421,-12.81,4,5
2013BV82,14.52,0.0798,16.78,2.374,0.0892,349.82,0.2427,-15.32,4,5
2013BW17,14.68,0.0534,10.75,2.48,0.1797,343.79,0.1247,-22.01,4,50
2013BW18,15.35,0.074,15.38,2.405,0.0905,358.96,0.1791,-15.53,4,5
2013BW26,14.99,0.0652,13.72,2.373,0.0851,339.16,0.2765,-11.93,4,5
2013BW89,14.87,0.0705,14.7,2.395,0.1114,346.48,0.2318,-15.41,4,50
2013BW99,14.63,0.0725,15.1,2.396,0.0577,360.96,0.1848,-13.16,4,5
2013BX101,14.79,0.0936,19.67,2.378,0.0517,375.34,0.1509,-17.29,4,5
2013BX107,15.19,0.045,9.27,2.425,0.0164,360.98,0.1353,-9.13,4,5
2013BX16,14.99,0.0845,17.88,2.361,0.0083,348.09,0.2297,-13.13,4,5
2013BX18,15.34,0.0769,15.98,2.404,0.0457,370.97,0.1286,-14.08,4,5
2013BX44,14.65,0.0745,15.75,2.363,0.0407,349.49,0.2578,-11.58,4,5
2013BY101,15.0,0.0849,17.7,2.394,0.0436,374.87,0.1266,-15.46,4,5
2013BY107,15.35,0.0499,10.11,2.465,0.1295,355.64,0.0877,-16.39,4,5
2013BY44,14.87,0.0603,12.82,2.349,0.0497,331.53,0.3184,-8.57,4,5
2013BY68,14.56,0.0189,3.89,2.422,0.0995,337.71,0.235,-9.38,4,5
2013BY91,15.12,0.0374,7.61,2.453,0.0976,355.6,0.1126,-12.14,4,5
2013BZ101,14.71,0.0843,17.59,2.394,0.0462,373.91,0.1314,-15.42,4,5
2013BZ49,14.77,0.0669,14.03,2.38,0.0498,350.03,0.2408,-11.05,4,5
2013BZ55,14.59,0.0794,16.52,2.402,0.0528,371.38,0.1298,-14.8,4,5
2013CA133,14.71,0.0728,15.38,2.365,0.0924,339.41,0.2801,-13.53,4,5
2013CA21,13.78,0.0311,6.97,2.227,0.0455,195.82,0.521,0.07,4,50
2013CA219,14.92,0.0773,15.94,2.42,0.1069,364.47,0.13,-17.85,4,50
2013CA255,14.9,0.0824,17.18,2.396,0.0416,373.59,0.1294,-14.91,4,5
2013CB255,14.89,0.0872,18.22,2.391,0.0544,316.28,0.1323,-16.08,4,50
2013CB261,15.13,0.0683,14.69,2.322,0.071,321.06,0.3579,-9.63,4,5
2013CC249,14.88,0.0447,9.15,2.438,0.0794,357.38,0.1324,-11.41,4,5
2013CD100,14.8,0.0481,9.93,2.419,0.0288,358.96,0.1571,-9.41,4,5
2013CD256,15.01,0.0776,16.19,2.393,0.1081,352.16,0.2151,-16.65,4,50
2013CD65,13.86,0.0734,15.51,2.365,0.0491,348.28,0.2596,-11.67,4,5
2013CE133,14.19,0.0628,13.94,2.248,0.0234,287.62,0.4701,-4.12,4,5
2013CE221,14.95,0.0568,11.6,2.444,0.0952,362.46,0.0888,-14.27,4,5
2013CE88,13.04,0.0665,15.43,2.152,0.0788,240.01,0.5806,-2.27,4,50
2013CF223,15.18,0.0458,9.41,2.431,0.0456,361.4,0.1212,-10.04,4,5
2013CF237,14.74,0.0523,10.94,2.388,0.0586,343.46,0.2524,-9.35,4,5
2013CF239,14.92,0.0617,12.75,2.416,0.094,353.7,0.1849,-13.72,4,5
2013CF245,14.83,0.0167,3.45,2.419,0.0753,341.51,0.2253,-8.01,4,5
2013CF251,14.84,0.0681,13.97,2.434,0.0903,367.69,0.0779,-15.65,4,5
2013CG223,15.21,0.1135,24.1,2.353,0.0333,395.15,0.0924,-21.92,4,5
2013CG253,15.16,0.1039,21.94,2.365,0.0418,223.83,0.1261,-19.17,4,50
2013CG255,15.03,0.1266,27.54,2.296,0.012,387.54,0.1967,-23.8,4,5
2013CG259,15.0,0.1011,21.2,2.381,0.0238,391.67,0.0324,-18.86,4,5
2013CG264,14.86,0.075,15.59,2.401,0.0529,366.88,0.1522,-13.8,4,5
2013CH255,15.12,0.096,20.24,2.37,0.0338,71.23,0.1507,-16.76,4,50
2013CH6,14.43,0.0343,7.05,2.426,0.0325,355.44,0.1602,-8.26,4,5
2013CJ104,15.03,0.011,2.26,2.395,0.0948,353.32,0.1048,-10.58,4,5
2013CJ223,15.17,0.0856,18.16,2.353,0.0775,348.05,0.2662,-15.13,4,5
2013CJ255,15.6,0.0695,14.35,2.418,0.0781,364.4,0.136,-14.45,4,5
2013CJ26,14.97,0.0608,12.59,2.414,0.0938,352.18,0.194,-13.46,4,5
2013CJ28,14.74,0.0934,19.58,2.383,0.0455,378.75,0.1276,-17.23,4,5
2013CJ30,14.22,0.0472,9.68,2.436,0.2051,316.81,0.2651,-22.32,4,5
2013CK128,14.06,0.038,8.24,2.306,0.068,300.97,0.4163,-4.56,4,5
2013CK222,14.65,0.0708,15.0,2.356,0.0371,343.46,0.2811,-10.42,4,5
2013CK80,14.82,0.11,23.59,2.329,0.0292,4.25,0.2074,-19.01,4,50
2013CL223,15.54,0.1093,23.09,2.365,0.0512,310.37,0.0796,-21.47,4,50
2013CM223,15.41,0.0954,20.02,2.381,0.057,333.9,0.1299,-17.93,4,50
2013CM254,14.61,0.0329,6.77,2.429,0.0411,355.53,0.1543,-8.47,4,5
2013CN180,13.62,0.1111,24.34,2.282,0.0419,227.84,0.317,-17.4,4,50
2013CN209,14.07,0.0359,7.7,2.33,0.1044,304.95,0.3896,-7.17,4,5
2013CN210,14.76,0.0565,11.54,2.444,0.1197,355.13,0.1353,-15.67,4,50
2013CN223,14.96,0.0812,16.91,2.397,0.0473,371.85,0.1361,-14.82,4,5
2013CN264,15.05,0.1007,21.23,2.369,0.0445,250.81,0.138,-18.26,4,50
2013CO236,14.69,0.052,10.95,2.371,0.0444,337.39,0.2864,-8.11,4,5
2013CO254,14.93,0.1154,24.81,2.324,0.0402,221.16,0.1966,-21.09,4,50
2013CO260,15.15,0.0714,14.8,2.409,0.0447,368.95,0.1279,-13.17,4,5
2013CP264,15.41,0.0309,6.33,2.439,0.0883,350.0,0.1671,-10.38,4,5
2013CP56,13.46,0.032,6.67,2.401,0.0233,344.34,0.2364,-6.82,4,5
2013CQ141,14.76,0.0783,16.52,2.369,0.094,345.29,0.2605,-14.83,4,50
2013CQ221,14.93,0.0745,17.1,2.177,0.0507,257.09,0.5447,-3.81,4,5
2013CQ232,14.66,0.0314,6.46,2.424,0.0658,337.25,0.1883,-8.68,4,50
2013CQ243,14.67,0.0899,19.53,2.297,0.0709,325.24,0.3578,-13.31,4,5
2013CQ253,14.74,0.0546,11.29,2.417,0.15,332.86,0.2484,-16.73,4,5
2013CR221,14.76,0.0472,10.57,2.229,0.041,164.85,0.5094,-1.4,4,50
2013CR79,14.77,0.0951,20.71,2.293,0.0619,329.98,0.349,-14.13,4,5
2013CS223,14.32,0.0596,13.06,2.279,0.1061,291.91,0.4382,-8.29,4,5
2013CS69,13.94,0.0545,12.11,2.246,0.0792,279.07,0.4838,-4.6,4,5
2013CT220,14.91,0.1051,22.19,2.366,0.0565,336.1,0.1283,-20.13,4,50
2013CT223,14.65,0.0537,11.09,2.417,0.0431,359.82,0.1568,-10.4,4,5
2013CT239,15.06,0.0261,5.25,2.481,0.1548,343.62,0.1298,-16.32,4,5
2013CT250,14.95,0.1013,21.59,2.342,0.0867,359.47,0.2382,-19.81,4,50
2013CT254,15.21,0.0838,17.79,2.352,0.0935,342.07,0.2809,-15.59,4,5
2013CT264,14.71,0.0884,19.24,2.293,0.0332,326.61,0.3616,-11.35,4,5
2013CT99,15.16,0.0412,8.48,2.428,0.1198,341.4,0.2148,-12.66,4,50
2013CU,14.81,0.0429,9.43,2.274,0.0724,288.24,0.4573,-3.95,4,5
2013CU193,14.23,0.09,19.22,2.337,0.0834,343.3,0.2886,-15.94,4,5
2013CU235,14.21,0.064,13.32,2.398,0.0429,357.8,0.1936,-11.18,4,5
2013CU96,14.96,0.0598,12.3,2.429,0.0294,371.02,0.0538,-11.61,4,5
2013CV144,15.48,0.0205,4.16,2.455,0.0822,355.23,0.1068,-10.08,4,5
2013CV244,14.79,0.1095,23.32,2.345,0.0496,297.16,0.1706,-20.34,4,50
2013CV99,14.82,0.0752,15.62,2.405,0.0455,370.17,0.13,-13.79,4,5
2013CW250,14.9,0.0894,19.64,2.274,0.0501,267.78,0.3929,-10.97,4,50
2013CW258,15.14,0.0626,12.89,2.426,0.0767,363.48,0.124,-13.48,4,5
2013CW59,13.87,0.0594,13.36,2.222,0.0297,273.5,0.5084,-2.61,4,5
2013CX217,15.4,0.0348,7.06,2.46,0.0981,357.19,0.0834,-12.2,4,5
2013CY100,15.22,0.0383,7.77,2.462,0.1058,357.17,0.0786,-13.12,4,5
2013CY43,14.94,0.0549,11.36,2.415,0.0504,358.36,0.1675,-10.67,4,5
2013CY69,14.7,0.0491,10.02,2.446,0.0939,359.23,0.106,-13.08,4,5
2013CY92,15.07,0.0549,11.32,2.421,0.0194,364.96,0.1219,-10.34,4,5
2013CZ129,13.3,0.1115,25.58,2.175,0.0428,282.85,0.4804,-12.76,4,5
2013CZ141,14.87,0.0769,15.95,2.407,0.0526,371.66,0.1177,-14.49,4,5
2013CZ144,14.97,0.0508,10.36,2.452,0.0939,362.42,0.0641,-13.6,4,5
2013CZ189,13.73,0.0815,17.09,2.382,0.0477,269.4,0.1878,-13.93,4,50
2013CZ210,14.79,0.047,9.78,2.399,0.0433,347.83,0.2273,-8.67,4,5
2013DN22,15.2,0.0889,18.53,2.396,0.0784,372.56,0.1298,-17.94,4,50
2013DS22,15.23,0.111,23.57,2.352,0.0494,387.3,0.1342,-21.54,4,5
2013DU6,14.71,0.0771,17.41,2.211,0.0429,192.95,0.5007,-5.3,4,50
2013DX13,14.37,0.0771,16.53,2.33,0.0555,333.32,0.3243,-11.1,4,5
2013EB181,15.1,0.0872,18.2,2.393,0.0659,372.62,0.1386,-16.88,4,5
2013EE131,15.15,0.092,19.22,2.391,0.0248,384.38,0.074,-16.75,4,5
2013EE141,15.56,0.0342,6.98,2.445,0.0327,364.07,0.0501,-9.15,4,5
2013EF137,14.73,0.07,14.47,2.414,0.0476,369.36,0.1166,-13.17,4,5
2013EH131,15.38,0.0262,5.29,2.469,0.1163,352.47,0.0984,-12.91,4,5
2013EK147,14.98,0.0841,17.48,2.402,0.0284,380.42,0.0686,-15.28,4,5
2013EK154,15.08,0.074,15.32,2.412,0.0656,368.55,0.1253,-14.57,4,5
2013EL154,15.12,0.0758,15.74,2.404,0.0439,370.24,0.1324,-13.79,4,5
2013EL176,14.88,0.0553,11.36,2.431,0.0367,368.36,0.0706,-11.16,4,5
2013EM182,15.02,0.0952,20.0,2.378,0.0378,379.82,0.1308,-17.29,4,5
2013EN182,15.15,0.1076,22.84,2.353,0.0395,383.97,0.1491,-20.03,4,5
2013EN28,14.43,0.091,19.81,2.295,0.0738,325.03,0.3583,-13.71,4,5
2013EP43,14.78,0.0959,20.1,2.384,0.0741,375.33,0.1308,-19.15,4,50
2013EP9,15.02,0.0853,18.62,2.286,0.0142,321.21,0.3786,-9.94,4,5
2013EQ144,15.7,0.0464,9.51,2.437,0.0891,356.01,0.1425,-11.85,4,50
2013ER35,14.92,0.1443,31.68,2.275,0.0401,218.98,0.0654,-32.08,4,50
2013ET180,14.71,0.0687,15.06,2.28,0.05,303.9,0.4201,-7.06,4,5
2013ET185,14.81,0.0834,19.02,2.19,0.0499,267.87,0.5179,-6.07,4,5
2013EU147,15.28,0.1357,29.45,2.302,0.0302,16.6,0.0445,-28.54,4,50
2013EV19,14.62,0.1095,24.19,2.26,0.037,331.38,0.3609,-15.96,4,5
2013EW130,15.51,0.0454,9.94,2.279,0.0462,219.89,0.4467,-3.3,4,50
2013EX173,14.84,0.1423,31.13,2.285,0.066,393.92,0.0782,-33.05,4,50
2013EZ130,15.33,0.0483,9.94,2.424,0.0346,360.91,0.1381,-9.77,4,5
2013EZ141,15.08,0.0252,5.17,2.431,0.0276,355.4,0.1497,-7.72,4,5
2013NN24,15.05,0.0046,1.13,0.634,0.0796,281.29,0.4754,-1.79,5,50
2013NS24,14.58,0.0686,13.9,2.463,0.1504,358.05,0.0692,-21.72,5,5
2013OS11,15.15,0.0226,4.97,2.268,0.0492,229.45,0.4748,-1.08,5,50
2013RE149,14.73,0.108,23.05,2.341,0.0602,348.92,0.197,-20.24,5,50
2013RF134,14.57,0.0956,21.32,2.239,0.0303,9.2,0.4295,-10.4,5,50
2013RG120,14.48,0.0125,2.66,2.279,0.1456,306.55,0.3572,-10.12,5,5
2013RG178,14.64,0.0759,16.68,2.272,0.032,306.2,0.4185,-7.62,5,5
2013RH158,14.74,0.0706,15.0,2.349,0.0372,339.83,0.2963,-10.05,5,5
2013RL131,14.5,0.0561,11.83,2.368,0.0789,332.9,0.2988,-9.85,5,5
2013RO26,14.26,0.1272,27.51,2.31,0.0522,324.13,0.152,-26.24,5,50
2013RR131,14.26,0.0984,22.32,2.202,0.0284,286.34,0.4758,-9.69,5,5
2013RR148,14.61,0.114,24.73,2.303,0.0266,365.75,0.2564,-19.41,5,5
2013RS131,14.78,0.0877,18.23,2.402,0.0395,383.01,0.0432,-16.47,5,5
2013RS148,14.78,0.0835,18.36,2.272,0.0231,311.98,0.4055,-9.07,5,5
2013RT111,14.97,0.105,21.94,2.39,0.108,383.18,0.0634,-25.33,5,50
2013RW148,14.76,0.1458,32.31,2.254,0.0034,116.94,0.1438,-31.07,5,5
2013RW149,14.64,0.066,13.67,2.409,0.0475,363.95,0.1522,-12.19,5,5
2013RX131,14.27,0.044,9.74,2.255,0.0406,163.17,0.4792,-2.04,5,50
2013RZ149,15.11,0.1053,22.86,2.3,0.028,350.35,0.2991,-16.32,5,5
2013RZ160,14.45,0.1252,27.2,2.3,0.0387,199.86,0.2029,-23.66,5,50
2013SG7,14.86,0.0488,10.85,2.245,0.0299,280.34,0.488,-2.16,5,5
2013SG99,14.88,0.0402,8.21,2.445,0.1643,331.88,0.2242,-17.05,5,5
2013SH99,14.49,0.0465,9.84,2.359,0.0838,323.95,0.3283,-8.39,5,5
2013SJ108,14.56,0.0491,10.61,2.313,0.0534,309.2,0.3948,-5.54,5,5
2013SK4,13.81,0.091,19.68,2.31,0.0801,331.14,0.3356,-14.72,5,5
2013SL99,15.63,0.0655,13.84,2.364,0.0761,337.29,0.2895,-11.15,5,5
2013SP62,13.84,0.111,25.02,2.217,0.0425,222.23,0.4248,-14.27,5,50
2013SP94,14.58,0.1388,30.37,2.283,0.0374,408.06,0.1271,-29.63,5,5
2013SR110,14.36,0.0357,7.76,2.299,0.1047,292.28,0.4332,-5.91,5,5
2013SU111,14.31,0.0484,10.31,2.346,0.0286,325.86,0.3365,-6.23,5,5
2013SZ110,15.05,0.0593,12.69,2.333,0.0898,317.35,0.3592,-9.44,5,5
2013SZ85,14.1,0.0734,16.34,2.242,0.0335,61.62,0.4646,-5.64,5,50
2013TA159,15.02,0.0514,10.63,2.413,0.1197,339.54,0.236,-13.57,5,5
2013TA223,15.11,0.0053,1.21,1.236,0.0974,355.52,0.0583,-10.99,5,5
2013TB223,14.84,0.1454,31.96,2.272,0.0388,421.11,0.0651,-32.79,5,5
2013TC219,14.74,0.1106,23.51,2.349,0.0396,386.59,0.1429,-20.86,5,5
2013TD108,14.85,0.0552,11.25,2.452,0.1839,332.61,0.2083,-21.8,5,5
2013TD176,14.55,0.0552,11.67,2.361,0.086,328.74,0.3143,-9.62,5,50
2013TD199,14.9,0.0608,12.5,2.429,0.0923,358.94,0.1441,-14.04,5,5
2013TE159,15.29,0.0473,10.58,2.231,0.0394,148.35,0.5078,-1.39,5,50
2013TE205,14.43,0.0689,15.67,2.195,0.0316,15.57,0.5311,-2.76,5,50
2013TF111,13.9,0.037,8.08,2.288,0.0661,293.08,0.443,-3.65,5,5
2013TF197,14.71,0.1012,21.28,2.376,0.0486,385.64,0.1012,-19.4,5,5
2013TF224,14.71,0.0267,5.41,2.461,0.1174,349.91,0.1321,-12.49,5,50
2013TJ248,15.02,0.0668,13.82,2.414,0.0655,363.5,0.1468,-13.2,5,5
2013TK119,14.67,0.1166,25.37,2.295,0.0326,364.72,0.2631,-20.12,5,5
2013TK199,14.72,0.087,18.44,2.356,0.0354,357.93,0.2394,-13.91,5,5
2013TM113,13.92,0.0422,9.56,2.203,0.0877,256.53,0.5436,-1.63,5,50
2013TN137,13.36,0.0192,4.31,2.222,0.0083,252.52,0.5321,1.36,5,5
2013TN159,14.8,0.0678,14.08,2.406,0.0448,364.46,0.1547,-12.32,5,5
2013TO10,13.32,0.0522,11.55,2.257,0.0415,178.55,0.4697,-3.11,5,50
2013TO127,13.92,0.11,24.84,2.213,0.0448,243.18,0.4361,-13.53,5,50
2013TO159,14.52,0.0257,5.68,2.26,0.0409,162.6,0.4829,-0.69,5,50
2013TO60,14.02,0.0543,11.18,2.426,0.0782,357.39,0.1552,-12.12,5,5
2013TP153,14.55,0.0425,9.09,2.335,0.0553,316.45,0.3652,-5.77,5,5
2013TP159,15.13,0.0723,15.22,2.371,0.082,344.23,0.2632,-13.12,5,5
2013TP249,14.44,0.0062,1.54,2.122,0.0843,329.97,0.2834,-7.17,5,5
2013TQ56,14.45,0.0251,5.49,2.281,0.0801,286.74,0.4581,-2.88,5,50
2013TR211,14.64,0.0773,17.33,2.229,0.0651,280.87,0.4776,-7.01,5,50
2013TR217,14.8,0.0308,7.17,2.144,0.0581,217.28,0.6144,2.97,5,50
2013TR218,14.72,0.0553,12.38,2.228,0.0404,163.44,0.5038,-2.31,5,50
2013TR221,14.87,0.0277,5.66,2.449,0.0695,357.71,0.1019,-9.81,5,5
2013TR56,14.53,0.0674,13.87,2.428,0.0968,362.89,0.1247,-15.36,5,50
2013TR74,13.33,0.0692,15.27,2.263,0.0371,297.3,0.4422,-6.08,5,5
2013TS159,14.51,0.0657,13.9,2.359,0.0545,338.97,0.2903,-10.09,5,5
2013TS20,14.75,0.0931,19.63,2.37,0.0306,4.99,0.17,-15.62,5,50
2013TT183,14.35,0.0376,8.03,2.334,0.1124,305.43,0.3849,-8.0,5,5
2013TT205,14.63,0.0309,6.52,2.364,0.0376,326.7,0.3216,-5.37,5,5
2013TT220,14.53,0.0521,10.82,2.405,0.0233,355.2,0.1939,-9.23,5,5
2013TU159,13.86,0.0251,5.56,2.256,0.0416,168.53,0.4886,-0.54,5,50
2013TU188,13.79,0.0212,4.69,2.255,0.0401,150.99,0.4913,-0.22,5,50
2013TU206,14.68,0.0395,8.8,2.24,0.0415,167.52,0.5018,-1.0,5,50
2013TV114,15.02,0.0406,8.26,2.455,0.0769,363.28,0.0111,-11.59,5,5
2013TV232,14.31,0.0585,13.48,2.167,0.0674,245.59,0.5711,-1.38,5,5
2013TW151,15.18,0.0199,4.05,2.454,0.0994,350.51,0.1388,-10.84,5,5
2013TW200,14.47,0.1219,28.01,2.174,0.025,296.12,0.4526,-15.83,5,5
2013TX200,14.35,0.0491,10.8,2.273,0.0747,289.61,0.4535,-4.75,5,5
2013TY158,15.21,0.014,3.0,2.329,0.1321,295.61,0.4075,-7.55,5,5
2013TZ158,15.28,0.0252,5.23,2.408,0.0795,338.04,0.2485,-8.2,5,5
2013TZ214,14.46,0.083,19.08,2.172,0.0043,102.61,0.5402,-4.42,5,5
2013TZ218,14.74,0.0569,12.69,2.239,0.0403,164.66,0.488,-2.83,5,50
2013TZ30,14.58,0.0832,18.57,2.239,0.0492,248.5,0.4544,-8.04,5,50
2013TZ79,13.5,0.1099,24.99,2.196,0.0353,294.31,0.456,-13.03,5,5
2013UA44,14.56,0.0724,16.04,2.255,0.0493,294.51,0.4489,-6.7,5,5
2013UC37,14.46,0.091,20.41,2.227,0.0277,293.84,0.4571,-8.9,5,5
2013UD45,14.61,0.0288,5.87,2.451,0.1063,350.06,0.1479,-11.57,5,50
2013UD49,14.84,0.0171,3.7,2.311,0.0429,189.25,0.4152,-2.35,5,50
2013UE46,14.86,0.0669,14.16,2.36,0.115,327.81,0.3109,-13.65,5,5
2013UF9,13.34,0.0967,21.17,2.28,0.0502,326.13,0.3654,-13.47,5,5
2013UG36,14.66,0.0313,7.26,2.152,0.0512,234.21,0.6058,2.67,5,5
2013UH35,14.47,0.0147,3.17,2.313,0.0438,197.78,0.4133,-2.35,5,50
2013UH44,14.73,0.0611,13.55,2.252,0.0338,288.16,0.4674,-4.19,5,5
2013UL42,14.48,0.0449,10.04,2.234,0.0398,150.59,0.5055,-1.27,5,50
2013UN35,14.55,0.0504,10.65,2.364,0.0854,327.35,0.3157,-9.19,5,5
2013UO36,14.26,0.0385,8.57,2.241,0.0412,164.77,0.5012,-0.9,5,50
2013UX57,15.16,0.0461,9.55,2.41,0.0869,344.39,0.2258,-10.68,5,5
2013UZ36,14.66,0.0875,18.67,2.34,0.0827,342.36,0.2896,-15.31,5,5
2013VB19,13.31,0.0553,11.86,2.329,0.0417,320.55,0.3592,-6.74,5,5
2013VB60,14.72,0.0236,4.81,2.446,0.0879,351.17,0.1485,-10.15,5,5
2013VC52,14.65,0.0615,13.89,2.211,0.0324,269.13,0.5189,-2.55,5,5
2013VD54,14.83,0.0467,9.85,2.367,0.0255,334.76,0.2976,-6.87,5,5
2013VF47,14.26,0.0508,11.3,2.243,0.0421,181.67,0.4899,-2.4,5,50
2013VG24,14.48,0.0639,13.73,2.323,0.1392,305.63,0.3798,-13.34,5,50
2013VG60,14.66,0.0665,14.95,2.221,0.0263,276.2,0.5011,-3.62,5,5
2013VH24,14.68,0.0157,3.25,2.411,0.0254,344.65,0.2232,-6.28,5,5
2013VL87,15.06,0.0742,16.04,2.31,0.0191,324.67,0.3605,-8.72,5,5
2013VN86,14.78,0.1081,23.01,2.346,0.0266,382.54,0.165,-19.53,5,5
2013VQ87,14.85,0.0947,19.88,2.38,0.0298,381.37,0.1195,-17.05,5,5
2013VS67,14.92,0.0245,5.04,2.43,0.0673,349.02,0.1834,-8.61,5,5
2013VT64,14.56,0.0373,8.37,2.223,0.0313,4.25,0.5234,0.15,5,50
2013VT78,14.63,0.0629,14.18,2.212,0.0432,190.34,0.5154,-3.03,5,50
2013VV14,14.69,0.0485,10.73,2.255,0.0256,285.06,0.475,-2.45,5,5
2013VV46,14.47,0.0996,21.36,2.329,0.0968,346.14,0.2817,-19.27,5,5
2013VV85,14.22,0.0455,10.12,2.245,0.0512,239.03,0.4914,-2.04,5,50
2013VW65,14.92,0.0265,5.87,2.251,0.1022,272.12,0.4967,-2.99,5,50
2013VX55,14.37,0.069,14.32,2.405,0.1375,340.53,0.2358,-17.87,5,5
2013VX75,14.62,0.0439,8.98,2.443,0.0715,360.88,0.0989,-11.2,5,5
2013VX86,15.29,0.0347,7.07,2.453,0.0901,356.61,0.105,-11.47,5,5
2013VY85,14.8,0.0157,3.27,2.408,0.0495,340.88,0.2399,-6.62,5,5
2013VZ59,14.11,0.0794,17.73,2.237,0.0418,193.98,0.463,-6.86,5,50
2013WE145,14.16,0.1287,31.62,2.032,0.0398,136.18,0.6054,-11.49,5,50
2013WF110,15.17,0.0669,14.21,2.351,0.1034,326.39,0.3231,-12.38,5,5
2013WJ25,13.9,0.055,11.52,2.386,0.0824,339.49,0.2651,-10.65,5,5
2013WS145,14.14,0.1085,24.76,2.186,0.043,213.17,0.4713,-12.37,5,50
2013XE26,14.42,0.0031,1.13,0.423,0.1,269.95,0.5041,-1.94,5,50
2014BE90,14.74,0.1185,25.7,2.303,0.0127,374.83,0.2313,-20.82,4,5
2014BR87,15.0,0.0886,18.21,2.428,0.1825,346.69,0.1479,-29.33,4,50
2014BS82,14.75,0.042,8.74,2.403,0.043,347.52,0.223,-8.27,4,5
2014CB33,14.74,0.0489,10.15,2.405,0.0537,349.95,0.2131,-9.47,4,5
2014CE35,14.18,0.0634,14.68,2.158,0.0635,238.42,0.5779,-1.39,4,50
2014CL35,14.7,0.0786,16.35,2.401,0.0407,372.12,0.128,-14.21,4,5
2014CW23,14.45,0.1002,22.63,2.213,0.0311,29.82,0.4581,-10.36,4,50
2014DA191,14.69,0.0741,15.36,2.409,0.0159,374.51,0.0941,-13.16,4,5
2014DB144,14.71,0.1123,24.61,2.282,0.0709,341.53,0.321,-19.01,4,50
2014DB191,14.88,0.0435,8.94,2.426,0.0817,351.22,0.1804,-10.82,4,5
2014DC123,13.46,0.0753,16.79,2.24,0.0399,173.43,0.465,-6.16,4,50
2014DC194,14.66,0.0676,13.95,2.419,0.0692,365.61,0.1272,-13.74,4,5
2014DC77,14.08,0.0737,15.88,2.318,0.0754,322.03,0.3564,-10.73,4,5
2014DD95,14.92,0.1035,21.85,2.366,0.0529,317.44,0.1312,-19.61,4,50
2014DE188,14.66,0.0658,13.57,2.421,0.068,365.27,0.1255,-13.42,4,5
2014DE82,14.38,0.0234,5.24,2.227,0.0467,202.46,0.526,0.57,4,50
2014DF91,14.93,0.0475,9.9,2.398,0.0697,343.38,0.2427,-9.54,4,5
2014DG160,13.99,0.1142,27.87,2.045,0.0268,204.97,0.6269,-6.9,4,5
2014DH121,14.86,0.0399,8.26,2.409,0.0828,342.2,0.2344,-9.68,4,5
2014DH181,14.8,0.0292,5.99,2.429,0.0261,355.87,0.1511,-7.9,4,5
2014DH201,14.81,0.0269,5.85,2.299,0.0621,287.47,0.431,-2.99,4,50
2014DJ117,13.95,0.0652,13.64,2.386,0.0676,348.9,0.2369,-11.69,4,5
2014DJ184,14.73,0.0959,21.19,2.261,0.0463,315.43,0.3973,-12.24,4,5
2014DK179,14.8,0.0352,7.17,2.45,0.0922,355.08,0.1214,-11.49,4,5
2014DK184,14.7,0.0173,3.86,2.239,0.0574,252.81,0.5102,0.05,4,50
2014DK87,14.62,0.0511,11.0,2.317,0.0907,306.96,0.3925,-7.61,4,5
2014DK92,14.95,0.0791,16.76,2.358,0.0435,350.31,0.26,-12.39,4,5
2014DL138,15.17,0.0792,16.36,2.417,0.0568,378.1,0.0222,-15.65,4,5
2014DL191,15.06,0.0982,20.65,2.376,0.0534,379.99,0.1326,-18.62,4,5
2014DL197,14.71,0.0579,11.89,2.433,0.0916,359.44,0.1328,-13.74,4,5
2014DL202,14.9,0.0432,8.84,2.44,0.0692,359.65,0.1145,-10.87,4,5
2014DL44,14.89,0.0793,16.52,2.399,0.0344,372.67,0.1292,-14.12,4,5
2014DM177,14.63,0.0306,6.31,2.417,0.021,351.26,0.1908,-7.39,4,5
2014DM81,14.61,0.0616,13.08,2.351,0.0421,333.87,0.3111,-8.63,4,5
2014DN190,14.71,0.043,8.81,2.439,0.1087,349.78,0.169,-12.62,4,50
2014DN197,14.99,0.0638,13.21,2.41,0.0407,363.68,0.1517,-11.64,4,5
2014DO194,14.92,0.0527,10.79,2.437,0.0705,363.34,0.0977,-12.08,4,5
2014DO49,14.87,0.0436,9.01,2.416,0.0927,344.27,0.2196,-10.91,4,5
2014DP123,14.42,0.0852,18.32,2.321,0.0252,338.73,0.3184,-11.65,4,5
2014DP190,14.73,0.0888,18.78,2.36,0.034,77.92,0.2173,-14.32,4,50
2014DP83,14.74,0.0536,11.13,2.403,0.0806,346.44,0.2271,-11.09,4,5
2014DQ187,14.9,0.0674,13.94,2.415,0.0689,363.47,0.1461,-13.48,4,5
2014DR191,14.59,0.1143,24.38,2.342,0.0474,282.93,0.1468,-21.83,4,50
2014DR196,14.84,0.0881,18.51,2.376,0.0311,370.47,0.1752,-15.05,4,5
2014DT189,14.7,0.0651,14.84,2.188,0.0463,201.94,0.5422,-2.34,4,50
2014DT94,15.22,0.0972,20.56,2.362,0.0729,364.56,0.2018,-18.17,4,50
2014DU166,14.85,0.0309,6.37,2.424,0.0611,349.69,0.188,-8.63,4,5
2014DU174,14.77,0.0848,18.1,2.34,0.0788,340.73,0.2951,-14.44,4,5
2014DV114,14.01,0.0228,4.63,2.456,0.1293,342.75,0.1747,-12.94,4,5
2014DV143,15.01,0.0344,7.07,2.43,0.0926,346.73,0.1928,-10.55,4,5
2014DV191,15.13,0.0502,10.31,2.43,0.0972,352.18,0.1713,-12.68,4,5
2014DV58,14.94,0.0753,15.63,2.405,0.0403,370.91,0.1264,-13.64,4,5
2014DV90,15.16,0.0467,9.61,2.429,0.0165,363.87,0.1091,-9.55,4,5
2014DW143,15.29,0.0679,13.82,2.454,0.1426,357.19,0.1016,-20.38,4,5
2014DW179,14.98,0.0521,10.86,2.396,0.0243,350.78,0.2232,-8.82,4,5
2014DX190,14.58,0.0471,10.04,2.341,0.0928,314.95,0.361,-8.18,4,5
2014DY166,15.01,0.0134,2.72,2.454,0.0965,352.83,0.1101,-10.71,4,5
2014DY187,14.94,0.0563,11.63,2.415,0.0343,361.39,0.1536,-10.47,4,5
2014EA167,15.12,0.0814,16.95,2.4,0.053,372.49,0.1282,-15.23,4,5
2014EA188,15.19,0.016,3.28,2.432,0.0123,354.67,0.1504,-7.11,4,5
2014EA201,15.19,0.0505,10.35,2.436,0.0488,365.56,0.0816,-10.94,4,5
2014EA88,14.73,0.0286,5.9,2.426,0.0166,355.03,0.16,-7.62,4,5
2014EB154,15.29,0.0316,6.48,2.432,0.042,356.11,0.1463,-8.5,4,5
2014EB165,14.86,0.0858,17.9,2.393,0.0506,374.19,0.1318,-15.87,4,5
2014EB193,15.15,0.1067,22.57,2.36,0.0609,355.34,0.1359,-20.99,4,50
2014EB222,15.19,0.0161,3.26,2.461,0.114,349.6,0.1251,-11.96,4,5
2014EB233,15.34,0.1402,30.63,2.286,0.0512,323.21,0.0959,-31.01,4,50
2014EC106,15.11,0.0656,13.61,2.409,0.0469,363.62,0.1542,-12.09,4,5
2014EC133,15.1,0.0357,7.39,2.412,0.1092,335.45,0.2521,-10.78,4,5
2014EC143,14.97,0.0794,16.57,2.394,0.0765,362.25,0.1812,-15.46,4,5
2014EC156,15.23,0.046,9.52,2.415,0.0917,345.14,0.2179,-11.12,4,5
2014EC189,14.87,0.0651,13.52,2.405,0.0698,357.01,0.1878,-12.63,4,5
2014EC190,14.99,0.0763,16.14,2.36,0.05,279.88,0.263,-11.81,4,50
2014EC196,14.76,0.1252,27.08,2.309,0.0083,379.39,0.1671,-23.81,4,5
2014EC220,15.14,0.0747,15.51,2.405,0.043,369.77,0.1331,-13.57,4,5
2014EC75,15.11,0.0647,13.87,2.328,0.0201,326.61,0.3459,-7.73,4,5
2014EC90,14.4,0.0267,5.45,2.443,0.1003,348.21,0.1684,-10.72,4,50
2014ED116,15.37,0.0831,17.46,2.377,0.0517,362.56,0.2023,-14.46,4,5
2014ED128,15.31,0.0774,16.07,2.405,0.1804,330.98,0.2488,-24.37,4,50
2014ED145,14.99,0.0396,8.08,2.449,0.0879,357.44,0.1096,-11.69,4,5
2014ED152,14.83,0.0328,7.28,2.248,0.0505,232.82,0.4957,-1.01,4,50
2014ED244,14.9,0.0729,15.73,2.314,0.0656,320.97,0.3627,-9.91,4,5
2014ED54,14.92,0.0486,10.35,2.342,0.0472,322.84,0.3454,-6.53,4,5
2014ED55,14.71,0.0284,5.88,2.409,0.0629,342.05,0.2353,-7.8,4,5
2014EE137,15.16,0.0489,10.05,2.429,0.0429,362.58,0.1188,-10.28,4,5
2014EE143,15.34,0.0684,14.16,2.411,0.0479,272.33,0.1309,-12.57,4,50
2014EE148,15.16,0.0901,18.85,2.387,0.0447,376.91,0.1299,-16.5,4,5
2014EE152,14.84,0.0659,14.25,2.308,0.0058,258.15,0.3769,-6.97,4,5
2014EE159,14.85,0.048,9.79,2.449,0.0894,360.92,0.0863,-12.82,4,5
2014EE166,15.04,0.0145,2.98,2.428,0.0441,349.87,0.1811,-7.32,4,5
2014EE169,14.99,0.0467,9.61,2.425,0.0494,358.29,0.1509,-9.94,4,5
2014EE180,14.8,0.1082,23.37,2.312,0.0082,351.85,0.2594,-17.56,4,5
2014EE214,14.82,0.0504,10.68,2.358,0.0841,325.0,0.3263,-8.86,4,5
2014EE220,15.07,0.0284,5.84,2.427,0.0256,354.85,0.1592,-7.75,4,5
2014EE244,15.37,0.0837,17.24,2.425,0.1218,367.5,0.0986,-21.02,4,50
2014EE64,14.5,0.0481,11.16,2.151,0.0404,141.22,0.5998,1.72,4,50
2014EE70,15.13,0.0481,9.92,2.423,0.0473,358.68,0.1519,-10.0,4,5
2014EF145,15.1,0.066,13.59,2.426,0.0463,372.43,0.0526,-12.97,4,5
2014EF190,15.09,0.045,9.32,2.414,0.09,344.79,0.22,-10.87,4,5
2014EF89,15.15,0.0828,17.23,2.401,0.0659,358.37,0.1283,-15.87,4,50
2014EG119,15.12,0.1439,31.76,2.262,0.0503,319.91,0.1458,-31.86,4,50
2014EG122,14.85,0.0291,5.97,2.431,0.025,356.79,0.1428,-7.97,4,5
2014EG132,14.54,0.0272,5.58,2.434,0.0446,355.24,0.1468,-8.31,4,5
2014EG144,14.82,0.0554,11.43,2.422,0.0129,365.88,0.1152,-10.38,4,5
2014EG202,14.97,0.1039,21.96,2.364,0.0311,13.18,0.1218,-18.78,4,50
2014EG203,14.55,0.0746,15.4,2.419,0.0961,365.67,0.1262,-16.65,4,50
2014EG215,14.92,0.0879,18.41,2.385,0.0408,373.92,0.1472,-15.7,4,5
2014EG221,14.88,0.0362,7.41,2.44,0.1203,343.2,0.1946,-12.78,4,5
2014EG72,14.93,0.0094,1.99,2.354,0.0554,319.21,0.3438,-4.55,4,5
2014EH130,15.28,0.0285,5.99,2.378,0.1304,315.71,0.3311,-10.19,4,5
2014EH171,15.34,0.0216,4.43,2.435,0.0131,357.16,0.1316,-7.53,4,5
2014EH207,15.12,0.0811,16.88,2.4,0.0534,371.85,0.1321,-15.13,4,5
2014EH254,14.56,0.0509,11.19,2.272,0.0776,289.23,0.4542,-5.06,4,5
2014EH76,15.04,0.0253,5.22,2.423,0.04,350.62,0.1851,-7.59,4,5
2014EJ119,15.15,0.0203,4.18,2.431,0.0248,354.33,0.1549,-7.38,4,5
2014EJ164,15.15,0.0627,12.96,2.416,0.0592,362.4,0.1489,-12.27,4,5
2014EJ169,15.14,0.0327,6.72,2.429,0.0349,356.03,0.1519,-8.31,4,5
2014EJ183,14.5,0.0441,9.11,2.419,0.0711,350.88,0.1912,-10.13,4,5
2014EJ207,15.13,0.0811,16.9,2.397,0.0416,372.47,0.1341,-14.61,4,5
2014EJ217,14.79,0.048,10.07,2.38,0.018,341.76,0.2663,-7.5,4,5
2014EJ233,15.15,0.0738,15.33,2.405,0.0388,370.08,0.1296,-13.33,4,5
2014EJ62,14.87,0.0836,18.21,2.292,0.0321,321.82,0.374,-10.12,4,5
2014EJ64,15.41,0.0627,13.04,2.4,0.0135,360.4,0.181,-10.53,4,5
2014EK104,14.98,0.1026,21.67,2.365,0.0525,317.49,0.1418,-19.28,4,50
2014EK227,14.98,0.0894,19.17,2.329,0.0376,346.12,0.2931,-13.35,4,5
2014EK246,14.92,0.0951,19.96,2.38,0.0485,379.29,0.1294,-17.76,4,5
2014EK248,14.84,0.029,5.93,2.438,0.0365,358.7,0.118,-8.46,4,5
2014EK51,13.4,0.0806,16.69,2.412,0.1379,351.89,0.1882,-21.07,4,5
2014EK55,14.78,0.1007,21.21,2.372,0.0449,382.92,0.1256,-18.86,4,5
2014EK67,15.0,0.0647,13.4,2.413,0.0774,358.93,0.1673,-13.14,4,50
2014EK84,14.95,0.1087,23.07,2.354,0.0125,389.33,0.125,-19.88,4,5
2014EL150,15.16,0.0827,17.57,2.35,0.0238,351.72,0.2632,-12.39,4,5
2014EL151,14.67,0.0931,19.73,2.359,0.0358,132.35,0.2068,-15.35,4,50
2014EL165,14.87,0.008,1.74,2.299,0.0518,319.84,0.3419,-4.45,4,5
2014EL187,14.85,0.0825,17.19,2.396,0.0424,373.55,0.1293,-14.94,4,5
2014EL194,15.16,0.0733,15.19,2.408,0.0415,370.39,0.123,-13.39,4,5
2014EL196,14.94,0.0525,10.83,2.423,0.0939,351.3,0.1852,-12.54,4,5
2014EL198,14.94,0.0697,14.42,2.415,0.0772,363.75,0.1435,-14.37,4,5
2014EL21,14.77,0.0386,7.75,2.483,0.1618,344.98,0.1188,-18.29,4,5
2014EL241,15.32,0.0705,14.62,2.41,0.0459,368.4,0.1291,-13.07,4,5
2014EL60,14.95,0.0809,16.86,2.397,0.0395,372.9,0.1308,-14.54,4,5
2014EL63,15.26,0.0376,7.75,2.422,0.0789,347.8,0.1969,-9.7,4,50
2014EL70,14.97,0.0314,6.46,2.429,0.0297,355.93,0.1526,-8.1,4,5
2014EM120,14.99,0.0634,13.08,2.422,0.0279,370.91,0.0804,-11.9,4,5
2014EM169,15.04,0.0306,6.3,2.428,0.0262,355.96,0.1524,-7.98,4,5
2014EM223,15.16,0.0683,14.16,2.41,0.0297,368.61,0.1276,-12.25,4,5
2014EM36,13.98,0.0835,17.39,2.396,0.0458,373.87,0.1285,-15.26,4,5
2014EN131,14.91,0.0748,16.39,2.28,0.05,307.93,0.4099,-8.25,4,5
2014EN156,14.94,0.0489,10.02,2.436,0.0471,364.81,0.0876,-10.67,4,5
2014EN181,15.17,0.0577,11.87,2.427,0.0438,366.66,0.1008,-11.47,4,5
2014EN215,14.54,0.0414,8.6,2.403,0.1075,334.57,0.2627,-10.94,4,5
2014EN257,14.68,0.0641,14.54,2.201,0.0817,262.16,0.5276,-4.34,4,5
2014EN5,13.53,0.0846,19.0,2.224,0.0356,287.18,0.4725,-7.44,4,5
2014EO136,15.28,0.0024,-22.3,0.0,0.1514,339.7,0.1628,-14.48,4,50
2014EO137,15.13,0.027,5.56,2.429,0.0289,354.95,0.1556,-7.78,4,5
2014EO146,15.16,0.0586,12.26,2.386,0.0053,244.75,0.2308,-9.2,4,5
2014EO159,15.15,0.101,21.18,2.383,0.0666,370.68,0.0864,-20.18,4,50
2014EO188,14.99,0.095,20.57,2.306,0.0592,336.75,0.3274,-14.53,4,5
2014EO192,14.72,0.0337,6.98,2.409,0.0135,349.11,0.2099,-7.23,4,5
2014EO208,15.18,0.0627,12.95,2.417,0.062,362.41,0.1467,-12.42,4,5
2014EO22,15.0,0.072,14.91,2.411,0.0664,352.97,0.1331,-13.99,4,50
2014EO225,15.22,0.1291,27.79,2.319,0.03,18.64,0.0516,-26.45,4,50
2014EO236,15.17,0.0433,8.95,2.418,0.013,357.05,0.1664,-8.59,4,5
2014EO35,13.85,0.092,20.63,2.228,0.1072,286.62,0.4551,-13.2,4,5
2014EO56,15.2,0.0917,19.2,2.385,0.0423,378.51,0.1249,-16.8,4,5
2014EO68,14.96,0.0353,7.25,2.428,0.0388,356.0,0.1544,-8.57,4,5
2014EP122,15.12,0.0415,8.32,2.488,0.1784,341.59,0.1263,-20.42,4,50
2014EP147,15.07,0.0416,8.5,2.444,0.0782,358.48,0.1142,-11.23,4,5
2014EP240,15.01,0.0435,9.01,2.412,0.0204,354.1,0.1878,-8.41,4,5
2014EP246,15.55,0.0655,13.46,2.43,0.1004,361.27,0.129,-15.3,4,50
2014EP56,15.23,0.1112,23.59,2.354,0.0535,387.61,0.1298,-21.85,4,5
2014EP67,15.17,0.1096,23.23,2.357,0.0491,387.72,0.1256,-21.28,4,5
2014EP68,15.33,0.0675,13.97,2.414,0.0548,366.18,0.1334,-12.93,4,5
2014EQ199,15.07,0.037,7.56,2.441,0.0306,363.79,0.0705,-9.22,4,5
2014EQ218,14.98,0.0641,13.76,2.326,0.0684,320.54,0.3584,-8.89,4,5
2014EQ258,15.18,0.0876,18.29,2.392,0.0526,375.02,0.1306,-16.34,4,5
2014ER105,15.31,0.0876,18.29,2.391,0.0519,303.28,0.1278,-16.05,4,50
2014ER128,15.1,0.0453,9.31,2.43,0.0506,359.97,0.1315,-10.07,4,5
2014ER140,15.0,0.0575,12.01,2.392,0.0261,352.48,0.2194,-9.5,4,5
2014ER202,14.88,0.058,11.95,2.421,0.0871,355.53,0.1703,-12.96,4,5
2014ER57,15.1,0.0407,8.38,2.424,0.0439,220.16,0.157,-8.89,4,50
2014ER60,14.72,0.1389,30.33,2.288,0.0694,393.12,0.1285,-31.55,4,50
2014ER61,15.33,0.1092,23.17,2.353,0.0397,386.32,0.1392,-20.55,4,5
2014ER8,14.94,0.0796,16.53,2.404,0.0619,370.87,0.128,-15.3,4,5
2014ES232,15.36,0.092,19.28,2.382,0.048,376.01,0.1421,-16.87,4,5
2014ES56,15.1,0.016,3.29,2.427,0.0178,352.24,0.1706,-6.93,4,5
2014ES57,15.1,0.0709,14.69,2.409,0.0396,369.11,0.1273,-12.91,4,5
2014ES70,14.8,0.0662,13.74,2.406,0.0246,365.43,0.1502,-11.58,4,5
2014ES86,14.94,0.0331,6.88,2.4,0.0223,344.58,0.236,-6.88,4,5
2014ES9,14.73,0.034,6.91,2.458,0.1027,355.01,0.1045,-12.32,4,5
2014ET106,15.12,0.0288,6.13,2.348,0.07,316.06,0.3574,-5.57,4,5
2014ET191,14.93,0.0593,12.68,2.336,0.0852,319.69,0.3524,-9.34,4,5
2014ET206,14.62,0.0794,17.48,2.268,0.0429,305.56,0.42,-8.43,4,5
2014ET208,15.2,0.0436,8.95,2.431,0.055,358.62,0.1379,-10.01,4,5
2014ET219,14.78,0.0655,13.51,2.42,0.0704,364.23,0.1317,-13.42,4,5
2014ET242,14.8,0.035,7.22,2.425,0.0229,356.42,0.1559,-8.18,4,5
2014ET247,14.98,0.0896,19.49,2.295,0.0299,329.19,0.3546,-11.67,4,5
2014ET26,12.83,0.0908,19.54,2.32,0.0334,343.38,0.306,-13.2,4,5
2014ET90,14.99,0.091,19.04,2.387,0.0557,326.45,0.128,-16.97,4,50
2014ET92,15.26,0.0269,5.43,2.472,0.1243,351.46,0.0975,-13.65,4,5
2014EU107,15.27,0.0468,9.51,2.457,0.094,362.58,0.0297,-13.29,4,5
2014EU146,14.71,0.0463,9.76,2.367,0.1133,320.79,0.3272,-10.4,4,5
2014EU165,14.61,0.0914,19.1,2.389,0.062,376.18,0.1289,-17.62,4,5
2014EU170,15.39,0.0803,16.59,2.418,0.0695,376.8,0.0424,-16.49,4,5
2014EU200,15.01,0.0909,19.04,2.385,0.0617,350.63,0.1417,-17.13,4,50
2014EU216,14.91,0.0778,16.52,2.351,0.0248,347.83,0.2732,-11.37,4,5
2014EU221,14.87,0.0438,9.03,2.423,0.0388,357.67,0.1557,-9.27,4,5
2014EU234,15.15,0.0607,12.57,2.412,0.039,362.76,0.1519,-11.18,4,5
2014EU66,14.73,0.0968,20.55,2.352,0.0506,365.42,0.2177,-16.9,4,5
2014EU90,15.22,0.0595,12.7,2.339,0.0899,320.42,0.3478,-9.78,4,5
2014EU99,14.84,0.0923,19.94,2.312,0.057,337.61,0.3226,-14.0,4,5
2014EV155,14.85,0.0406,8.28,2.446,0.0823,358.18,0.1103,-11.41,4,5
2014EV156,15.19,0.008,1.75,2.229,0.0868,351.03,0.1394,-9.66,4,5
2014EV177,15.1,0.1007,21.21,2.372,0.0552,381.29,0.1315,-19.3,4,5
2014EV194,14.89,0.0534,12.07,2.209,0.0485,217.96,0.5293,-1.62,4,50
2014EV240,14.85,0.1286,27.83,2.306,0.0382,186.52,0.1362,-26.11,4,50
2014EV65,14.88,0.0777,16.14,2.405,0.0525,371.1,0.126,-14.53,4,5
2014EV67,14.9,0.0686,14.14,2.422,0.0583,370.31,0.0897,-13.65,4,5
2014EV81,15.28,0.0852,17.77,2.393,0.0442,374.68,0.1292,-15.52,4,5
2014EV85,14.97,0.0279,5.88,2.364,0.095,317.99,0.3398,-7.3,4,5
2014EW102,15.29,0.1061,22.46,2.359,0.0286,4.25,0.1197,-19.35,4,50
2014EW223,14.78,0.0744,15.54,2.392,0.0173,366.12,0.1697,-12.45,4,5
2014EW78,14.68,0.0305,6.21,2.45,0.1221,344.88,0.1735,-12.81,4,5
2014EX115,15.0,0.0386,7.89,2.442,0.0621,360.22,0.1024,-10.22,4,5
2014EX118,15.29,0.0967,20.32,2.377,0.0523,311.27,0.1296,-18.07,4,50
2014EX134,15.1,0.0532,10.96,2.425,0.0854,354.53,0.1697,-12.26,4,5
2014EX14,14.47,0.0743,16.02,2.317,0.0685,322.91,0.356,-10.46,4,5
2014EX53,14.89,0.0233,5.01,2.329,0.0945,303.49,0.3961,-5.57,4,5
2014EX67,14.91,0.0749,17.06,2.191,0.0042,108.28,0.5292,-3.6,4,5
2014EX72,14.99,0.0806,16.7,2.41,0.084,368.96,0.1273,-16.92,4,5
2014EX81,15.03,0.0777,16.07,2.414,0.0799,369.05,0.1196,-16.14,4,5
2014EX92,15.26,0.0293,5.98,2.443,0.0261,361.89,0.081,-8.53,4,5
2014EY105,15.19,0.065,13.43,2.416,0.0187,369.49,0.1097,-11.72,4,5
2014EY108,15.09,0.0728,15.14,2.401,0.0233,368.32,0.147,-12.57,4,5
2014EY141,15.16,0.0963,20.21,2.379,0.0495,379.85,0.1284,-18.05,4,5
2014EY176,14.62,0.0812,17.0,2.384,0.0593,334.19,0.1876,-14.54,4,50
2014EY185,15.23,0.0462,9.48,2.434,0.0419,363.48,0.1003,-10.13,4,5
2014EY187,14.77,0.0748,15.68,2.381,0.0169,360.83,0.2041,-11.99,4,5
2014EY195,15.17,0.0913,19.12,2.385,0.0475,377.1,0.1313,-16.84,4,5
2014EY201,15.04,0.0792,16.5,2.398,0.0258,373.01,0.1292,-13.87,4,5
2014EY55,15.34,0.1093,24.24,2.252,0.0815,321.14,0.378,-17.68,4,50
2014EZ114,15.34,0.0783,16.91,2.313,0.0792,322.53,0.3573,-11.44,4,50
2014EZ166,14.94,0.0809,16.83,2.4,0.0529,371.61,0.1331,-15.02,4,5
2014EZ171,15.41,0.0324,6.65,2.43,0.0352,356.24,0.1493,-8.32,4,5
2014EZ178,15.51,0.0666,13.77,2.415,0.0586,365.4,0.1349,-12.96,4,5
2014EZ194,14.6,0.0797,16.57,2.403,0.053,372.0,0.1256,-14.93,4,5
2014EZ232,15.1,0.0286,5.87,2.43,0.026,356.04,0.1487,-7.89,4,5
2014EZ243,15.06,0.0371,7.6,2.434,0.025,361.11,0.1101,-8.81,4,5
2014FA90,15.05,0.0373,7.62,2.446,0.1179,346.54,0.1733,-12.99,4,5
2014FD72,14.91,0.0971,20.39,2.377,0.0441,380.81,0.1273,-17.98,4,5
2014FG30,14.88,0.0552,11.82,2.334,0.0674,317.06,0.3559,-7.6,4,50
2014FG5,14.79,0.0878,18.34,2.392,0.0529,375.47,0.1273,-16.43,4,5
2014FJ3,14.72,0.0351,7.18,2.444,0.1155,345.81,0.179,-12.52,4,5
2014FR88,14.76,0.0546,11.52,2.364,0.0876,328.86,0.3112,-9.89,4,5
2014FU81,14.66,0.1066,22.54,2.361,0.0597,350.77,0.1305,-20.96,4,50
2014FV88,14.57,0.1049,23.62,2.218,0.0081,298.94,0.4385,-12.0,4,5
2014FZ60,14.88,0.0942,19.89,2.367,0.061,345.16,0.1911,-16.96,4,50
2014GD11,14.57,0.0764,16.51,2.312,0.0383,325.55,0.3557,-9.58,4,5
2014GN20,14.32,0.0712,15.31,2.321,0.0751,321.41,0.357,-10.28,4,5
2014GW97,14.78,0.0767,16.43,2.33,0.0552,332.8,0.3259,-10.97,4,5
2014HB316,15.65,0.1413,31.19,2.263,0.0304,26.61,0.1703,-29.19,4,50
2014HE353,15.25,0.1445,31.78,2.271,0.019,420.67,0.0781,-31.56,4,5
2014HG354,15.07,0.149,33.09,2.249,0.0376,184.91,0.113,-33.47,4,50
2014HJ76,15.21,0.1538,34.36,2.237,0.0223,429.38,0.0694,-35.49,4,5
2014HN295,15.82,0.1352,29.45,2.292,0.0388,403.69,0.1373,-28.31,4,5
2014HP347,14.83,0.1481,32.74,2.259,0.0306,27.9,0.0598,-33.14,4,50
2014HQ314,15.21,0.1554,34.77,2.233,0.0514,329.32,0.0632,-37.59,4,50
2014HQ317,15.05,0.1496,33.07,2.26,0.0563,354.94,0.0422,-35.52,4,50
2014HR364,15.19,0.1168,25.3,2.307,0.0668,353.09,0.2454,-22.04,4,50
2014HT280,15.59,0.1463,32.2,2.27,0.0583,364.66,0.0694,-34.2,4,50
2014JZ54,13.68,0.0116,2.58,2.245,0.1344,266.33,0.502,-4.67,4,5
2014KC91,13.43,0.0611,12.63,2.414,0.0858,354.65,0.184,-13.08,4,5
2014QF548,14.74,0.1134,25.84,2.191,0.0087,287.74,0.4544,-13.4,5,5
2014QM438,14.23,0.0832,17.34,2.397,0.1028,359.95,0.1826,-18.17,5,5
2014RA64,14.82,0.1199,26.72,2.239,0.0687,330.27,0.3603,-20.21,5,50
2014SM366,14.63,0.0469,10.12,2.313,0.0697,306.57,0.3992,-5.87,5,5
2014SP365,14.38,0.0113,2.45,2.3,0.1253,288.25,0.4362,-6.07,5,5
2014ST220,14.83,0.1116,25.37,2.196,0.0516,269.17,0.4526,-13.86,5,50
2014ST377,13.8,0.0236,5.22,2.261,0.0429,180.67,0.4816,-0.69,5,50
2014TL86,14.34,0.0873,19.69,2.214,0.0658,280.67,0.4805,-8.6,5,50
2014UA169,14.81,0.0486,10.05,2.416,0.1137,340.81,0.2303,-12.83,5,5
2014UA209,12.85,0.0672,15.15,2.215,0.039,151.25,0.5096,-3.41,5,50
2014UA263,14.21,0.0905,20.49,2.205,0.0311,281.62,0.4869,-7.88,5,5
2014UA271,14.58,0.05,10.44,2.393,0.0754,341.33,0.2538,-9.89,5,5
2014UA290,14.46,0.1145,24.79,2.307,0.0109,369.73,0.244,-19.49,5,5
2014UB278,14.81,0.0238,4.86,2.444,0.0975,348.36,0.1669,-10.39,5,50
2014UB94,14.31,0.0684,15.39,2.219,0.0306,275.76,0.5019,-3.92,5,5
2014UC251,14.77,0.0215,4.36,2.465,0.0861,358.57,0.0383,-10.79,5,5
2014UD278,14.55,0.104,23.73,2.189,0.0861,279.13,0.4798,-13.1,5,50
2014UE245,14.29,0.1199,27.44,2.182,0.0401,205.58,0.4462,-15.81,5,50
2014UE251,14.48,0.0713,14.92,2.386,0.1254,338.53,0.261,-16.3,5,50
2014UJ118,14.52,0.0549,11.8,2.321,0.0131,318.33,0.3703,-5.86,5,5
2014UJ186,14.54,0.1037,22.9,2.261,0.0781,319.81,0.3805,-15.92,5,50
2014UK256,14.56,0.0615,13.91,2.208,0.0325,31.34,0.5222,-2.23,5,50
2014UM154,14.6,0.004,1.7,0.116,0.1484,346.08,0.0995,-14.98,5,50
2014UM250,13.82,0.1016,22.93,2.213,0.0507,262.57,0.4546,-11.4,5,50
2014UN269,14.82,0.0308,6.93,2.222,0.1046,260.52,0.5284,-2.48,5,5
2014UO271,14.46,0.0488,10.82,2.252,0.0309,283.44,0.4791,-2.45,5,5
2014UP203,14.58,0.0807,17.49,2.303,0.0649,321.48,0.366,-11.06,5,5
2014UP283,14.6,0.066,13.74,2.399,0.0953,349.28,0.221,-13.62,5,50
2014UP284,14.58,0.0987,21.38,2.305,0.0435,342.8,0.3144,-14.93,5,5
2014UQ260,14.51,0.0608,13.74,2.209,0.0332,267.87,0.5222,-2.36,5,5
2014UR270,14.64,0.0065,1.23,0.906,0.0492,229.47,0.4634,-0.98,5,50
2014UR287,14.5,0.108,22.98,2.346,0.0261,381.8,0.1686,-19.4,5,5
2014US130,14.68,0.1382,30.38,2.271,0.0796,388.97,0.1928,-31.55,5,50
2014UT283,14.98,0.0825,17.21,2.395,0.0951,361.29,0.1822,-17.17,5,50
2014UV66,13.88,0.0896,20.65,2.166,0.0391,259.88,0.5366,-6.14,5,5
2014UX224,14.9,0.0556,12.38,2.243,0.0974,276.04,0.4872,-5.61,5,5
2014UY250,14.41,0.0502,10.72,2.34,0.1083,312.65,0.3643,-9.49,5,5
2014UZ251,14.67,0.0834,18.23,2.284,0.0804,311.55,0.3941,-11.58,5,5
2014UZ257,14.25,0.1083,23.95,2.258,0.0134,330.46,0.3657,-15.02,5,5
2014UZ262,14.59,0.0696,14.53,2.392,0.08,352.03,0.2201,-13.37,5,5
2014VD42,14.47,0.067,14.15,2.363,0.053,341.97,0.2789,-10.45,5,5
2014VH26,14.01,0.1166,25.97,2.242,0.0287,4.25,0.3647,-17.07,5,50
2014VO7,14.26,0.0882,19.44,2.267,0.0694,308.8,0.4076,-11.45,5,5
2014VP28,14.7,0.0316,6.41,2.46,0.1194,349.7,0.1354,-13.15,5,5
2014VU41,14.73,0.0795,16.79,2.365,0.0887,346.05,0.2614,-14.58,5,50
2014WA120,13.14,0.0529,11.36,2.323,0.0685,313.69,0.3767,-7.03,5,5
2014WA16,14.68,0.0948,20.63,2.296,0.0579,331.42,0.3453,-13.97,5,5
2014WA369,14.1,0.1082,24.57,2.198,0.0389,293.01,0.4585,-12.65,5,5
2014WA377,14.52,0.1308,28.37,2.304,0.0311,31.13,0.1296,-26.25,5,50
2014WA388,15.11,0.1013,21.28,2.376,0.0641,363.52,0.1129,-19.98,5,50
2014WA474,14.53,0.1041,22.08,2.355,0.039,379.14,0.1675,-18.9,5,5
2014WB18,14.03,0.0449,9.97,2.249,0.0437,191.75,0.4869,-1.97,5,50
2014WB546,14.7,0.0408,8.81,2.313,0.1233,296.14,0.4136,-8.29,5,5
2014WC,14.57,0.1296,30.0,2.157,0.0309,65.24,0.4511,-17.8,5,50
2014WC386,14.57,0.0051,1.29,0.956,0.1281,330.88,0.2502,-10.94,5,5
2014WC561,14.44,0.0122,2.58,2.363,0.0974,314.74,0.3487,-6.56,5,5
2014WC596,14.91,0.0382,7.84,2.433,0.1269,339.34,0.2163,-13.15,5,5
2014WD511,14.75,0.0159,3.43,2.316,0.0534,263.65,0.4097,-2.81,5,50
2014WD573,14.44,0.0473,10.46,2.259,0.0407,167.29,0.4707,-2.58,5,50
2014WD574,14.0,0.051,10.78,2.361,0.1083,321.49,0.3297,-10.47,5,5
2014WD592,14.81,0.0586,12.41,2.358,0.0299,336.42,0.3,-8.18,5,5
2014WE306,14.64,0.052,11.08,2.344,0.0898,318.56,0.3526,-8.77,5,5
2014WE466,15.12,0.0583,12.07,2.413,0.0912,351.02,0.1991,-12.85,5,5
2014WE511,15.06,0.0427,8.51,2.496,0.2007,335.3,0.1379,-23.41,5,50
2014WE573,14.6,0.0724,16.23,2.227,0.0291,281.82,0.4864,-4.96,5,5
2014WE574,14.56,0.0796,17.77,2.237,0.0345,98.46,0.4618,-6.78,5,50
2014WF347,15.1,0.0628,13.11,2.392,0.0674,350.18,0.2264,-11.53,5,5
2014WF463,14.47,0.0436,9.3,2.34,0.0716,316.64,0.3605,-6.67,5,5
2014WF471,14.42,0.0092,2.0,2.23,0.0468,298.37,0.4245,-2.21,5,5
2014WF580,14.71,0.0679,14.66,2.313,0.0559,318.76,0.3702,-8.54,5,5
2014WF589,14.36,0.0759,16.58,2.286,0.0323,313.22,0.397,-8.25,5,5
2014WF594,14.96,0.0772,16.02,2.406,0.0539,370.98,0.1242,-14.53,5,5
2014WF613,14.4,0.1079,23.64,2.28,0.0283,4.25,0.3286,-15.84,5,50
2014WG24,14.11,0.0288,6.05,2.377,0.144,311.81,0.3393,-11.23,5,5
2014WG511,14.79,0.0667,13.73,2.426,0.1136,355.58,0.1618,-16.45,5,5
2014WG574,14.27,0.0481,10.51,2.286,0.084,293.53,0.4386,-5.58,5,5
2014WG579,14.35,0.0782,16.4,2.382,0.0413,361.86,0.1994,-13.22,5,5
2014WH183,14.62,0.1553,34.9,2.222,0.03,21.47,0.1196,-35.49,5,50
2014WH511,14.61,0.1117,25.38,2.197,0.0432,296.06,0.4507,-13.89,5,5
2014WJ580,14.82,0.0747,15.91,2.343,0.0536,337.97,0.3044,-11.1,5,5
2014WJ608,14.77,0.092,19.71,2.332,0.0641,346.46,0.2871,-15.15,5,5
2014WK222,14.61,0.0459,9.36,2.45,0.0795,362.89,0.0612,-12.11,5,5
2014WK511,14.44,0.1355,29.96,2.257,0.0385,200.53,0.2296,-26.41,5,50
2014WK574,14.17,0.0591,12.93,2.283,0.0683,298.43,0.4301,-6.26,5,5
2014WK580,14.69,0.037,8.05,2.295,0.0127,299.77,0.4277,-2.73,5,5
2014WK583,14.62,0.0495,10.24,2.411,0.024,356.6,0.1793,-9.16,5,5
2014WK590,14.61,0.0687,14.84,2.311,0.0825,314.76,0.3772,-9.58,5,50
2014WK593,14.76,0.1141,24.53,2.325,0.0379,180.4,0.2008,-20.5,5,50
2014WK602,14.69,0.0459,9.83,2.331,0.0299,317.9,0.3659,-5.32,5,5
2014WK608,14.66,0.0257,5.34,2.401,0.1125,327.86,0.2841,-9.67,5,5
2014WL369,13.48,0.0504,10.93,2.301,0.0668,302.92,0.4134,-5.69,5,5
2014WL590,15.11,0.0788,16.67,2.36,0.0498,277.57,0.255,-12.41,5,50
2014WM201,13.72,0.0842,18.12,2.321,0.0204,338.51,0.3188,-11.39,5,5
2014WM221,14.68,0.0429,8.8,2.435,0.1231,343.18,0.1998,-13.56,5,5
2014WM276,14.84,0.0257,5.36,2.391,0.0135,338.89,0.2633,-5.84,5,5
2014WM29,14.01,0.0841,18.88,2.225,0.0504,286.55,0.4718,-7.84,5,5
2014WM444,14.24,0.1034,22.04,2.343,0.0153,373.43,0.203,-17.56,5,5
2014WM446,14.69,0.0517,11.89,2.169,0.1105,241.86,0.5719,-2.9,5,50
2014WM556,14.41,0.0557,11.84,2.349,0.0653,327.05,0.3282,-8.42,5,5
2014WM565,14.4,0.0704,16.08,2.185,0.0386,145.48,0.5406,-2.82,5,50
2014WM588,14.6,0.085,18.1,2.345,0.02,351.64,0.2676,-12.65,5,5
2014WM595,14.21,0.076,17.11,2.216,0.0759,276.03,0.4933,-7.02,5,50
2014WM6,13.06,0.0331,6.78,2.439,0.1009,347.64,0.1772,-11.25,5,5
2014WM616,14.49,0.0276,5.92,2.333,0.1032,304.57,0.3906,-6.33,5,50
2014WN219,14.14,0.0824,17.82,2.308,0.0056,254.06,0.3464,-10.25,5,5
2014WN379,14.09,0.0973,21.71,2.238,0.0464,243.4,0.4279,-11.41,5,50
2014WN441,14.21,0.0774,16.94,2.283,0.0375,311.95,0.4009,-8.5,5,5
2014WN556,14.08,0.0776,16.72,2.317,0.0631,326.38,0.3478,-10.95,5,5
2014WN574,14.03,0.0237,5.09,2.329,0.0785,305.67,0.3935,-4.78,5,5
2014WN584,14.49,0.0727,15.97,2.274,0.0483,303.94,0.4216,-7.54,5,5
2014WN593,14.61,0.0277,5.7,2.43,0.1121,339.44,0.2199,-11.04,5,5
2014WN616,14.41,0.0933,21.15,2.202,0.0461,226.94,0.4852,-8.68,5,50
2014WO302,14.05,0.1223,28.21,2.164,0.0471,244.51,0.4643,-16.05,5,50
2014WO511,14.3,0.0839,18.26,2.296,0.0932,316.4,0.3755,-12.95,5,50
2014WO574,14.34,0.0478,10.21,2.338,0.0488,320.5,0.3537,-6.3,5,5
2014WO578,14.39,0.0807,18.0,2.238,0.0389,161.87,0.4595,-7.06,5,50
2014WP405,13.89,0.0335,7.31,2.292,0.0676,293.89,0.4392,-3.57,5,5
2014WP578,14.91,0.0599,12.31,2.43,0.0984,357.33,0.1491,-14.31,5,5
2014WP584,14.4,0.0071,1.61,2.253,0.0518,324.24,0.3225,-4.87,5,5
2014WP588,14.9,0.0552,12.33,2.236,0.0348,86.18,0.4941,-2.55,5,50
2014WQ27,14.63,0.08,16.57,2.412,0.0743,372.28,0.1034,-16.36,5,5
2014WQ53,14.47,0.049,10.83,2.257,0.0776,282.08,0.4753,-4.2,5,5
2014WQ575,14.74,0.0487,10.17,2.392,0.0149,347.9,0.2349,-8.11,5,5
2014WQ578,14.66,0.0899,20.36,2.204,0.0375,280.71,0.4885,-7.88,5,5
2014WR590,14.69,0.1125,25.73,2.183,0.0421,206.1,0.4662,-13.37,5,50
2014WR595,15.07,0.0467,9.44,2.471,0.1404,352.85,0.0939,-16.86,5,50
2014WS141,14.5,0.0754,15.94,2.362,0.0429,349.53,0.2585,-11.79,5,5
2014WS574,14.52,0.1567,35.22,2.222,0.0275,4.25,0.0759,-36.38,5,50
2014WS585,14.85,0.0563,11.55,2.434,0.0757,362.65,0.1129,-12.69,5,5
2014WS591,14.6,0.1012,21.36,2.367,0.0506,298.65,0.1453,-18.66,5,50
2014WS594,14.91,0.0307,6.26,2.452,0.0999,352.05,0.1362,-11.54,5,5
2014WS595,15.17,0.0757,15.62,2.422,0.063,375.62,0.0366,-15.33,5,5
2014WT119,12.86,0.0627,13.55,2.31,0.0679,312.79,0.3846,-7.97,5,5
2014WT132,14.7,0.0562,12.07,2.325,0.0448,318.69,0.366,-6.76,5,5
2014WT570,14.22,0.0715,15.27,2.338,0.0776,329.13,0.3278,-11.22,5,5
2014WU611,15.06,0.0455,9.35,2.433,0.0709,357.41,0.1416,-10.91,5,5
2014WV119,14.27,0.0857,18.49,2.315,0.073,330.38,0.3367,-13.19,5,5
2014WV130,14.95,0.0761,15.79,2.406,0.0751,365.32,0.1517,-15.19,5,5
2014WV285,15.09,0.0055,1.26,2.303,0.0127,356.81,0.1227,-7.17,5,5
2014WV364,13.7,0.0639,13.38,2.384,0.0403,351.55,0.2312,-10.48,5,5
2014WV585,14.57,0.096,20.5,2.338,0.0349,358.99,0.2506,-15.48,5,5
2014WV600,14.83,0.0315,6.56,2.396,0.042,340.5,0.2536,-6.91,5,5
2014WW568,14.58,0.0925,19.37,2.384,0.0955,366.12,0.1736,-19.71,5,50
2014WW591,14.88,0.0743,16.16,2.294,0.0181,316.49,0.3872,-7.99,5,5
2014WW594,14.74,0.0435,8.89,2.444,0.1362,342.41,0.1912,-14.98,5,5
2014WW603,14.93,0.0456,9.61,2.367,0.0837,326.97,0.3148,-8.62,5,5
2014WX123,14.34,0.0107,2.3,2.317,0.0492,239.6,0.4075,-2.59,5,50
2014WX562,14.49,0.0657,13.96,2.35,0.074,331.79,0.3139,-10.5,5,5
2014WX591,14.58,0.0851,18.19,2.336,0.103,333.29,0.3119,-15.86,5,5
2014WY569,14.43,0.0379,7.89,2.396,0.0295,343.88,0.2432,-7.23,5,5
2014WY578,14.42,0.1266,29.37,2.153,0.0187,289.82,0.4655,-16.5,5,5
2014WY586,14.84,0.0408,8.8,2.318,0.0301,310.55,0.3908,-4.26,5,5
2014WY595,14.59,0.0496,10.42,2.376,0.0439,338.73,0.278,-8.01,5,5
2014WY60,14.61,0.0965,21.31,2.262,0.0206,318.51,0.3925,-11.77,5,5
2014WZ131,14.16,0.0772,16.37,2.354,0.0962,336.91,0.2935,-14.27,5,5
2014WZ373,14.11,0.0572,12.0,2.379,0.1119,330.67,0.2922,-12.42,5,5
2014WZ570,14.7,0.043,8.94,2.404,0.0322,349.55,0.2148,-8.19,5,5
2014WZ589,14.64,0.0701,14.69,2.384,0.1174,338.99,0.2626,-15.5,5,5
2014WZ615,14.88,0.056,12.13,2.307,0.0863,305.31,0.4016,-7.66,5,5
2014XC41,14.23,0.0639,14.49,2.201,0.032,265.3,0.5283,-2.49,5,5
2014XD40,13.56,0.0446,9.76,2.284,0.0673,293.59,0.4422,-4.33,5,5
2014XE7,13.85,0.0416,9.05,2.293,0.082,294.93,0.4334,-5.03,5,5
2014XF7,13.81,0.059,13.22,2.229,0.0373,123.9,0.498,-2.86,5,50
2014XG40,14.09,0.0448,10.02,2.234,0.0317,274.16,0.5054,-1.28,5,5
2014XG48,14.14,0.0411,9.16,2.244,0.0397,151.15,0.4957,-1.24,5,50
2014XG49,14.79,0.0464,9.52,2.435,0.1085,349.76,0.1747,-12.9,5,50
2014XH40,14.88,0.0502,10.12,2.477,0.1377,357.14,0.014,-17.63,5,5
2014XL53,14.22,0.0733,16.56,2.208,0.0352,272.73,0.5091,-4.45,5,5
2014XN,14.36,0.0261,5.52,2.366,0.0873,319.6,0.3356,-6.83,5,5
2014XN51,14.69,0.1102,23.41,2.351,0.0254,388.79,0.1322,-20.42,5,5
2014XR51,14.32,0.0105,2.37,2.192,0.108,267.81,0.5071,-2.58,5,5
2014XT39,14.59,0.0381,8.41,2.265,0.0328,14.38,0.4697,-1.66,5,50
2014XT57,14.67,0.0127,2.81,2.242,0.0402,150.89,0.4931,0.09,5,50
2014XU57,14.66,0.0151,3.27,2.307,0.0445,202.15,0.4221,-2.16,5,50
2014XZ39,13.43,0.0892,19.99,2.228,0.0265,293.49,0.4577,-8.53,5,5
2014YE95,14.83,0.119,25.69,2.317,0.0917,369.17,0.2219,-25.22,5,50
2014YF100,14.38,0.0193,4.28,2.254,0.0395,143.78,0.4898,-0.11,5,50
2014YJ1,13.93,0.0353,7.47,2.358,0.0409,325.35,0.329,-5.59,5,5
2015AA46,14.62,0.047,9.9,2.371,0.0911,327.62,0.3095,-9.32,5,5
2015AD2,14.68,0.0551,11.7,2.35,0.0148,331.94,0.3178,-7.14,5,5
2015AD97,14.87,0.0599,13.02,2.297,0.0447,307.99,0.4048,-6.16,5,5
2015AF300,14.68,0.053,11.61,2.282,0.0562,296.78,0.4365,-4.88,5,5
2015AH48,14.46,0.1169,25.81,2.262,0.0286,343.98,0.3313,-18.36,5,5
2015AM3,13.94,0.0268,5.78,2.318,0.0605,303.99,0.405,-3.83,5,5
2015AN259,14.49,0.027,6.15,2.192,0.102,248.05,0.5626,-0.69,5,50
2015AP48,14.69,0.0497,10.9,2.277,0.0528,293.48,0.4467,-4.12,5,5
2015AP97,14.6,0.0627,14.19,2.207,0.0299,267.78,0.5229,-2.51,5,5
2015AQ251,14.69,0.0463,9.77,2.366,0.084,326.69,0.3165,-8.66,5,5
2015AQ258,14.26,0.0489,10.36,2.359,0.0673,327.64,0.3203,-7.95,5,5
2015AQ299,14.54,0.0488,10.82,2.255,0.0287,284.89,0.4757,-2.53,5,5
2015AR299,14.6,0.0978,21.83,2.236,0.0441,228.24,0.4265,-11.67,5,50
2015AS48,14.91,0.0787,17.5,2.244,0.0323,40.99,0.4527,-6.9,5,50
2015AT22,14.67,0.0774,17.29,2.236,0.038,147.45,0.4671,-6.3,5,50
2015AU218,14.02,0.0957,21.74,2.195,0.0902,276.81,0.4852,-11.8,5,50
2015AU299,14.57,0.0166,3.6,2.306,0.0341,299.58,0.4233,-2.11,5,5
2015AW281,14.4,0.067,15.03,2.227,0.0314,279.13,0.493,-4.06,5,5
2015AY1,14.6,0.0883,19.06,2.313,0.056,334.22,0.331,-12.93,5,5
2015AY211,14.55,0.0493,10.83,2.272,0.0378,292.27,0.4525,-3.46,5,5
2015AY259,14.37,0.0583,13.04,2.234,0.0645,273.34,0.4955,-3.83,5,50
2015AY306,14.84,0.0698,15.81,2.205,0.0292,269.69,0.5177,-3.55,5,5
2015BD50,14.69,0.113,24.71,2.285,0.0405,213.74,0.3025,-18.21,5,50
2015BK203,14.03,0.0175,3.83,2.282,0.0665,284.45,0.4594,-1.95,5,50
2015BL519,14.97,0.0588,12.31,2.386,0.0052,239.64,0.231,-9.22,4,5
2015BM272,14.72,0.0246,5.24,2.351,0.0386,319.55,0.3495,-4.42,5,5
2015BM607,14.86,0.0919,19.48,2.356,0.0235,364.78,0.2183,-14.94,4,5
2015BM614,14.5,0.0716,16.02,2.232,0.0393,163.35,0.4802,-5.11,4,50
2015BO521,14.72,0.0817,17.04,2.395,0.0331,373.21,0.134,-14.45,5,5
2015BP521,14.47,0.0816,17.34,2.351,0.0492,348.48,0.2701,-12.83,5,5
2015BT53,14.73,0.0721,15.5,2.321,0.0602,324.7,0.3506,-9.85,5,5
2015BY202,13.25,0.0528,11.39,2.315,0.0568,311.61,0.3871,-6.25,5,5
2015BY583,14.88,0.0563,11.4,2.465,0.1467,353.11,0.1057,-18.77,5,50
2015DB136,14.2,0.0884,18.87,2.339,0.0179,352.31,0.27,-13.19,4,5
2015DC283,14.67,0.0553,11.53,2.395,0.0752,345.21,0.2393,-10.75,4,5
2015DC314,15.21,0.0969,21.41,2.259,0.0132,317.51,0.3961,-11.65,4,5
2015DE320,14.8,0.0464,9.94,2.328,0.0766,311.82,0.3782,-6.73,4,5
2015DF293,14.65,0.0861,18.54,2.32,0.0494,336.69,0.3221,-12.48,4,5
2015DG299,14.77,0.0739,15.28,2.415,0.0789,366.83,0.1281,-15.36,4,5
2015DJ288,14.89,0.0646,13.33,2.42,0.0585,366.02,0.1224,-12.8,4,5
2015DJ299,14.89,0.071,15.13,2.342,0.0194,338.03,0.3071,-9.5,4,5
2015DJ303,14.63,0.0917,19.78,2.316,0.0812,334.87,0.3229,-15.28,4,5
2015DK279,14.3,0.0967,20.71,2.331,0.0624,351.96,0.2722,-16.4,4,5
2015DK299,15.04,0.145,31.92,2.27,0.0332,78.89,0.0745,-31.86,4,50
2015DN299,14.49,0.0775,16.29,2.375,0.0797,350.6,0.2411,-14.29,4,5
2015DO299,14.68,0.0944,21.27,2.216,0.0069,262.63,0.4647,-8.99,4,5
2015DP277,14.57,0.0233,4.9,2.374,0.1043,318.82,0.3304,-7.89,4,5
2015DP311,14.85,0.0752,15.6,2.406,0.0467,370.33,0.1277,-13.85,4,5
2015DR299,14.77,0.0398,8.13,2.442,0.0621,360.58,0.1009,-10.34,4,5
2015DS291,15.01,0.0837,17.79,2.347,0.0805,343.65,0.2825,-14.43,4,50
2015DU225,14.2,0.0789,18.05,2.183,0.049,262.05,0.5325,-4.86,4,5
2015DU262,15.04,0.0478,9.66,2.47,0.1319,355.68,0.0719,-16.49,4,5
2015DW259,14.87,0.0825,17.72,2.324,0.055,334.47,0.3251,-11.96,4,5
2015DW281,14.84,0.1295,28.11,2.3,0.0046,232.24,0.1589,-25.2,4,5
2015DX297,14.96,0.0717,16.61,2.155,0.0292,4.25,0.575,-1.49,4,50
2015DY224,14.73,0.0898,20.24,2.215,0.0327,55.8,0.475,-7.97,4,50
2015DY287,14.97,0.1101,24.08,2.283,0.0665,339.31,0.3216,-18.39,4,50
2015EG74,14.35,0.083,18.03,2.3,0.0122,326.39,0.3607,-10.04,4,5
2015EM60,14.64,0.0995,21.77,2.282,0.0266,332.64,0.3516,-13.66,4,5
2015EV60,14.17,0.0731,15.75,2.318,0.0685,322.44,0.3568,-10.25,4,5
2015FA355,14.97,0.0145,2.92,2.468,0.0983,356.96,0.0172,-11.37,4,5
2015FA437,15.02,0.045,9.28,2.423,0.0307,359.02,0.1494,-9.24,4,5
2015FA452,14.91,0.077,16.0,2.403,0.0459,370.59,0.1327,-14.08,4,5
2015FA463,14.99,0.1277,27.82,2.292,0.0253,385.91,0.2041,-24.27,4,5
2015FB172,14.96,0.0482,9.85,2.446,0.0772,363.12,0.0728,-12.15,4,5
2015FB387,15.11,0.1194,25.83,2.308,0.0524,315.81,0.2208,-22.43,4,50
2015FB41,14.42,0.0981,20.53,2.386,0.019,390.53,0.01,-18.12,4,5
2015FC387,15.13,0.1063,23.09,2.299,0.0477,348.4,0.3027,-17.16,4,5
2015FC458,14.68,0.0557,11.88,2.341,0.0683,322.69,0.3447,-8.17,4,5
2015FD428,14.61,0.0161,3.26,2.449,0.1205,345.81,0.1544,-12.14,4,5
2015FE392,14.84,0.0889,18.58,2.389,0.0453,376.6,0.1268,-16.3,4,5
2015FE437,14.68,0.0696,14.42,2.412,0.0154,371.94,0.1028,-12.4,4,5
2015FE465,14.75,0.0697,14.45,2.41,0.0405,368.6,0.1275,-12.77,4,5
2015FE474,15.09,0.0427,8.78,2.425,0.044,357.42,0.1531,-9.35,4,5
2015FF111,14.63,0.0953,20.69,2.301,0.0757,332.14,0.3376,-15.32,4,5
2015FF154,14.73,0.0357,7.38,2.418,0.0625,348.41,0.2006,-8.83,4,5
2015FF350,14.95,0.0946,20.25,2.332,0.0993,341.47,0.2923,-18.06,4,5
2015FF438,14.69,0.0289,5.92,2.434,0.0663,352.13,0.1638,-9.07,4,5
2015FF458,15.16,0.05,10.46,2.387,0.0497,342.97,0.2554,-8.69,4,5
2015FG372,13.64,0.105,23.13,2.268,0.068,325.23,0.365,-15.94,4,50
2015FG386,15.05,0.0856,19.34,2.21,0.0414,188.49,0.4881,-7.11,4,50
2015FG445,14.75,0.0457,9.56,2.388,0.0911,334.17,0.278,-9.89,4,5
2015FG446,14.87,0.0395,8.13,2.425,0.0376,356.63,0.156,-8.83,4,5
2015FJ112,14.9,0.0951,19.96,2.379,0.0405,379.87,0.1286,-17.39,4,5
2015FJ452,14.88,0.1169,25.13,2.324,0.0287,4.25,0.1801,-21.25,4,50
2015FJ460,15.14,0.0394,8.1,2.431,0.0687,354.1,0.1609,-10.0,4,5
2015FK146,14.48,0.0242,5.43,2.228,0.0494,218.51,0.5237,0.38,4,50
2015FL213,14.51,0.0644,13.72,2.342,0.0674,325.59,0.3279,-9.49,4,50
2015FL386,14.35,0.0538,11.08,2.427,0.1292,342.85,0.21,-15.22,4,5
2015FL453,14.92,0.0782,16.21,2.409,0.0337,377.07,0.0739,-14.35,4,5
2015FM347,14.97,0.0496,10.39,2.383,0.0844,334.98,0.2809,-9.82,4,5
2015FN350,14.51,0.028,5.85,2.391,0.0275,338.65,0.2643,-6.15,4,5
2015FN441,14.46,0.1097,24.62,2.224,0.0213,311.31,0.4168,-13.92,4,5
2015FO100,14.84,0.0817,17.01,2.398,0.0435,373.08,0.1294,-14.82,4,5
2015FO139,14.72,0.0605,13.75,2.196,0.05,260.54,0.5382,-2.2,4,5
2015FO160,14.75,0.0288,6.11,2.348,0.0586,317.56,0.3545,-5.16,4,5
2015FO349,14.39,0.073,15.47,2.356,0.0697,340.33,0.2871,-11.98,4,5
2015FO371,14.78,0.0638,13.5,2.36,0.1112,326.82,0.3148,-12.74,4,5
2015FO468,15.16,0.0848,17.69,2.393,0.0345,375.16,0.1283,-15.1,4,5
2015FP446,14.97,0.0406,8.46,2.394,0.0395,343.27,0.2468,-7.63,4,5
2015FQ389,14.49,0.0292,6.04,2.414,0.0533,345.88,0.2163,-7.78,4,5
2015FQ441,15.19,0.0203,4.11,2.471,0.099,357.5,0.0097,-13.77,4,5
2015FQ460,15.39,0.1076,22.81,2.355,0.0385,384.94,0.1427,-20.04,4,5
2015FQ464,15.24,0.0108,2.0,1.764,0.1289,345.85,0.1395,-12.94,4,5
2015FR158,14.89,0.0343,7.06,2.427,0.0241,356.71,0.1519,-8.19,4,5
2015FR467,15.05,0.1132,24.95,2.265,0.0288,340.5,0.3384,-17.23,4,5
2015FS111,14.61,0.0658,14.13,2.326,0.0695,321.69,0.3546,-9.28,4,5
2015FS370,14.68,0.1035,22.7,2.278,0.085,326.18,0.3587,-16.8,4,50
2015FS470,15.21,0.0242,5.0,2.415,0.0347,347.55,0.2074,-7.06,4,5
2015FT371,14.75,0.0745,15.81,2.354,0.0348,345.51,0.2772,-11.0,4,5
2015FT373,14.26,0.0363,7.85,2.309,0.0701,301.52,0.4135,-4.6,4,5
2015FT419,14.71,0.0246,5.2,2.365,0.0933,317.97,0.3396,-7.02,4,5
2015FT450,14.61,0.0335,6.91,2.423,0.0288,354.19,0.1706,-8.0,4,5
2015FT459,14.98,0.0491,10.13,2.421,0.0215,361.12,0.1425,-9.53,4,5
2015FU156,14.56,0.1003,21.74,2.304,0.0754,339.69,0.3173,-16.73,4,50
2015FU37,14.6,0.0466,11.22,2.08,0.0579,192.61,0.6732,4.23,4,50
2015FU370,14.45,0.0934,20.19,2.31,0.059,337.57,0.3231,-14.29,4,5
2015FV12,14.95,0.0521,10.93,2.378,0.0183,342.95,0.2647,-7.96,4,5
2015FV348,14.88,0.0847,18.23,2.32,0.0544,335.04,0.3253,-12.35,4,5
2015FV360,14.07,0.0666,14.24,2.334,0.0848,322.75,0.3456,-10.47,4,5
2015FV450,14.79,0.0617,13.91,2.214,0.0477,216.86,0.5127,-2.95,4,50
2015FW14,14.57,0.0586,12.43,2.352,0.055,331.21,0.3166,-8.59,4,5
2015FW450,14.85,0.0605,13.87,2.176,0.0484,208.2,0.5611,-1.17,4,50
2015FX153,14.05,0.1013,22.11,2.289,0.078,331.65,0.3428,-16.66,4,5
2015FX347,14.65,0.0442,9.11,2.421,0.106,343.05,0.218,-11.96,4,5
2015FX450,14.55,0.0925,20.38,2.267,0.0138,317.71,0.3934,-10.89,4,5
2015FX70,14.4,0.0724,15.77,2.293,0.0212,314.76,0.3915,-7.65,4,5
2015FY14,14.61,0.0556,12.26,2.263,0.0385,290.81,0.458,-3.95,4,5
2015FY353,14.56,0.0473,9.67,2.44,0.0779,359.91,0.1133,-11.77,4,5
2015FY467,14.96,0.0596,12.4,2.401,0.0809,348.87,0.2214,-11.96,4,5
2015FZ375,14.5,0.0381,8.03,2.37,0.0568,329.57,0.3082,-6.8,4,5
2015FZ389,14.98,0.0179,3.61,2.451,0.1321,347.65,0.1189,-13.69,4,5
2015FZ425,14.91,0.085,17.7,2.399,0.0727,369.4,0.1288,-16.77,4,50
2015FZ446,14.76,0.0982,20.95,2.341,0.0477,361.59,0.2398,-16.7,4,5
2015GB80,15.26,0.0141,2.87,2.455,0.0872,353.04,0.1206,-10.02,4,5
2015GE73,14.79,0.104,21.94,2.367,0.0534,318.52,0.1242,-19.91,4,50
2015GF18,14.82,0.0517,10.6,2.436,0.05,366.39,0.0724,-11.19,4,5
2015GF67,14.52,0.0781,16.74,2.33,0.0518,334.43,0.322,-11.16,4,5
2015GG72,14.83,0.0673,13.95,2.407,0.0366,365.41,0.1493,-12.04,4,5
2015GH68,14.55,0.0681,14.77,2.302,0.0798,310.46,0.3913,-9.17,4,5
2015GH70,14.66,0.0632,13.26,2.38,0.0291,350.19,0.2402,-9.93,4,5
2015GJ69,15.16,0.0267,5.45,2.449,0.0569,359.62,0.0862,-9.28,4,5
2015GK81,14.79,0.0812,16.91,2.398,0.0494,371.94,0.1342,-14.94,4,5
2015GL68,15.27,0.0437,8.98,2.43,0.0611,357.11,0.1479,-10.17,4,5
2015GN15,14.37,0.0875,18.37,2.377,0.037,369.78,0.176,-15.11,4,5
2015GN65,14.69,0.1037,22.23,2.33,0.0296,4.25,0.2355,-17.01,4,50
2015GO68,14.7,0.0476,9.81,2.421,0.0386,358.81,0.1535,-9.64,4,5
2015GO78,15.05,0.0192,3.85,2.478,0.128,352.77,0.0429,-13.92,4,5
2015GQ68,15.0,0.0294,6.26,2.342,0.075,312.74,0.3692,-5.54,4,5
2015GR11,13.69,0.0297,6.21,2.392,0.134,320.14,0.3091,-11.14,4,5
2015GS84,14.86,0.1107,23.37,2.365,0.056,337.91,0.0648,-22.19,4,50
2015HA132,14.98,0.0682,14.6,2.333,0.0721,325.75,0.3402,-10.12,4,5
2015HA247,15.3,0.0986,20.67,2.383,0.0449,255.0,0.0734,-18.5,4,50
2015HB142,14.84,0.1488,33.13,2.244,0.0554,348.69,0.1539,-33.99,4,50
2015HB235,14.96,0.018,3.71,2.429,0.0521,349.86,0.1799,-7.72,4,5
2015HB286,15.25,0.0809,16.85,2.397,0.0398,372.55,0.1333,-14.52,4,5
2015HC220,15.1,0.0788,16.37,2.403,0.0502,371.91,0.1242,-14.63,4,5
2015HC243,15.04,0.063,13.14,2.395,0.0393,355.8,0.2055,-10.75,4,5
2015HC286,15.31,0.0717,14.85,2.411,0.0618,342.0,0.1311,-13.72,4,50
2015HC287,15.43,0.0853,17.78,2.396,0.0588,373.34,0.1312,-16.19,4,5
2015HC358,15.28,0.0739,15.32,2.408,0.0375,371.35,0.1182,-13.4,4,5
2015HD239,15.33,0.1358,29.5,2.299,0.0466,287.82,0.0918,-29.2,4,50
2015HD243,15.2,0.0848,18.16,2.33,0.0338,342.64,0.3018,-12.17,4,5
2015HD252,15.1,0.0811,16.82,2.409,0.0486,377.54,0.0736,-15.42,4,5
2015HD258,15.47,0.0809,16.84,2.4,0.0503,372.49,0.1275,-14.99,4,5
2015HD283,15.26,0.0424,8.67,2.444,0.0471,365.2,0.0489,-10.26,4,5
2015HD357,14.97,0.0767,16.83,2.275,0.0478,306.89,0.4142,-8.31,4,5
2015HD358,15.3,0.0593,12.21,2.425,0.052,365.64,0.1126,-11.88,4,5
2015HE,14.16,0.0161,3.47,2.314,0.0952,296.46,0.4202,-4.64,4,5
2015HE237,15.71,0.1025,21.69,2.36,0.0301,4.56,0.1524,-17.89,4,50
2015HE283,15.11,0.0836,17.38,2.402,0.0193,380.64,0.0673,-15.02,4,5
2015HE335,15.41,0.0623,12.87,2.416,0.0793,357.76,0.1696,-13.04,4,5
2015HE355,15.04,0.0341,6.99,2.431,0.0645,353.1,0.1639,-9.33,4,5
2015HE357,15.44,0.0304,6.25,2.427,0.0289,355.08,0.1589,-7.94,4,5
2015HF139,14.92,0.0775,16.09,2.403,0.0252,374.12,0.1112,-13.73,4,5
2015HF231,15.25,0.0596,12.21,2.437,0.0799,365.29,0.0869,-13.6,4,5
2015HF240,15.36,0.074,15.36,2.407,0.0439,370.11,0.1269,-13.56,4,5
2015HF245,15.04,0.046,9.42,2.439,0.1582,334.14,0.223,-17.03,4,5
2015HF250,15.04,0.0206,4.32,2.385,0.0202,334.66,0.2821,-5.33,4,5
2015HF252,15.6,0.0902,19.48,2.314,0.0568,336.53,0.3245,-13.52,4,5
2015HF262,14.93,0.031,6.35,2.436,0.0478,356.93,0.1373,-8.78,4,5
2015HF283,15.14,0.1001,21.54,2.32,0.0213,355.48,0.2742,-15.55,4,5
2015HF301,14.94,0.083,17.52,2.366,0.0319,17.96,0.22,-13.15,4,50
2015HF305,15.59,0.0671,14.0,2.393,0.0388,357.99,0.2001,-11.38,4,5
2015HF335,15.37,0.0685,14.17,2.414,0.0549,366.77,0.1311,-13.1,4,5
2015HF357,15.09,0.0123,2.53,2.432,0.0173,353.81,0.155,-7.0,4,5
2015HF358,15.12,0.0126,2.58,2.438,0.0533,352.88,0.15,-7.97,4,5
2015HG284,15.14,0.0349,7.22,2.416,0.0707,345.98,0.2127,-8.99,4,5
2015HG302,14.99,0.0657,13.78,2.381,0.0396,351.08,0.2366,-10.6,4,5
2015HG307,15.09,0.0493,10.41,2.366,0.0175,336.31,0.2937,-7.09,4,5
2015HG339,15.71,0.1035,21.89,2.362,0.0443,252.21,0.1391,-19.15,4,50
2015HG354,15.28,0.1361,29.83,2.278,0.0434,257.92,0.1803,-27.88,4,50
2015HG356,15.78,0.13,27.9,2.335,0.1072,394.43,0.0915,-32.36,4,50
2015HG357,14.98,0.0478,9.83,2.43,0.0899,352.81,0.1689,-11.95,4,5
2015HH225,14.78,0.0796,16.58,2.399,0.0316,373.16,0.1272,-14.11,4,5
2015HH232,15.54,0.0498,10.21,2.439,0.084,358.99,0.1237,-12.33,4,5
2015HH283,15.3,0.0976,20.77,2.347,0.0321,366.18,0.2218,-16.3,4,5
2015HH301,15.26,0.1179,25.27,2.334,0.0893,377.24,0.1899,-25.3,4,50
2015HH302,15.18,0.0289,5.94,2.43,0.0841,346.74,0.1933,-9.62,4,5
2015HH339,15.59,0.0743,15.31,2.423,0.0831,370.31,0.0888,-15.83,4,50
2015HH357,15.56,0.0479,9.82,2.437,0.0719,360.22,0.1182,-11.45,4,5
2015HJ155,13.56,0.0524,10.81,2.42,0.0747,354.42,0.1772,-11.4,4,5
2015HJ233,15.8,0.0368,7.64,2.405,0.1131,332.11,0.2682,-10.84,4,5
2015HJ243,15.24,0.0515,10.65,2.415,0.0233,359.51,0.1612,-9.6,4,5
2015HJ282,15.45,0.026,5.35,2.428,0.016,355.12,0.1559,-7.51,4,5
2015HJ302,15.26,0.0761,15.8,2.405,0.0476,370.66,0.1275,-14.04,4,5
2015HJ305,15.35,0.0667,13.76,2.42,0.0217,372.84,0.0724,-12.27,4,5
2015HJ354,14.92,0.1128,24.02,2.346,0.0506,308.51,0.1463,-21.62,4,50
2015HJ355,15.47,0.0232,4.78,2.429,0.0157,354.83,0.1554,-7.38,4,5
2015HK228,15.05,0.0778,16.61,2.34,0.0445,339.84,0.3025,-11.27,4,5
2015HK287,15.47,0.0769,16.18,2.374,0.0768,350.1,0.244,-13.92,4,5
2015HK302,15.34,0.1167,24.89,2.341,0.0525,321.39,0.1297,-23.07,4,50
2015HK307,15.3,0.0297,6.06,2.451,0.0841,355.87,0.1118,-10.67,4,5
2015HK339,15.84,0.0635,13.31,2.382,0.0062,295.94,0.2306,-9.82,4,5
2015HL239,15.64,0.0596,12.26,2.426,0.0149,370.87,0.0642,-11.26,4,5
2015HL243,15.26,0.0307,6.45,2.38,0.0725,329.05,0.3011,-7.11,4,5
2015HL248,15.06,0.0431,9.25,2.327,0.0842,309.27,0.3838,-6.68,4,5
2015HL252,14.78,0.0405,8.22,2.463,0.1061,358.22,0.0672,-13.43,4,5
2015HL305,15.06,0.0168,3.53,2.373,0.0364,327.86,0.3112,-4.9,4,5
2015HL378,15.16,0.0574,11.8,2.432,0.0912,359.3,0.1365,-13.38,4,50
2015HL45,14.54,0.0264,5.91,2.23,0.0484,213.14,0.5202,0.2,4,50
2015HM241,14.98,0.0151,3.12,2.424,0.0625,345.52,0.2047,-7.68,4,5
2015HM242,15.14,0.0977,20.55,2.376,0.0481,380.34,0.1314,-18.26,4,5
2015HM283,15.0,0.0825,17.17,2.397,0.0219,376.57,0.1105,-14.54,4,5
2015HM305,15.46,0.0259,5.31,2.432,0.0327,355.69,0.1462,-7.91,4,5
2015HM378,15.14,0.1081,22.91,2.358,0.0481,286.42,0.1283,-20.47,4,50
2015HN241,14.83,0.0763,15.87,2.399,0.0515,367.27,0.154,-13.94,4,5
2015HN250,15.22,0.0423,8.72,2.422,0.0331,356.95,0.1602,-8.91,4,5
2015HN283,15.11,0.0726,15.06,2.407,0.0423,369.24,0.1307,-13.24,4,5
2015HN285,15.33,0.0277,5.66,2.448,0.111,346.64,0.1688,-11.76,4,5
2015HN305,15.64,0.0354,7.93,2.23,0.0489,219.33,0.5169,-0.47,4,50
2015HN307,14.98,0.1543,34.54,2.231,0.0277,4.25,0.0926,-35.18,4,50
2015HN338,14.99,0.0257,5.27,2.432,0.0308,355.55,0.1479,-7.84,4,5
2015HN339,15.25,0.025,5.18,2.406,0.0676,339.22,0.2474,-7.61,4,5
2015HO223,14.69,0.0894,18.56,2.404,0.0629,356.69,0.0309,-17.71,4,50
2015HP183,14.72,0.0721,15.25,2.36,0.0734,340.82,0.2825,-12.16,4,5
2015HP227,14.82,0.0718,14.9,2.406,0.0343,369.3,0.1314,-12.85,4,5
2015HP251,14.73,0.0392,8.39,2.332,0.0888,309.25,0.3809,-6.68,4,5
2015HP96,14.59,0.0424,8.69,2.434,0.1017,348.62,0.1814,-12.04,4,5
2015HQ128,14.59,0.0579,12.11,2.388,0.0295,350.21,0.2322,-9.4,4,5
2015HQ241,15.52,0.0562,11.65,2.41,0.0312,359.56,0.169,-10.2,4,5
2015HQ257,15.62,0.0555,11.31,2.449,0.095,363.6,0.0636,-14.24,4,5
2015HQ307,15.21,0.0576,12.46,2.309,0.0369,313.0,0.3883,-6.13,4,5
2015HQ357,15.66,0.0848,17.53,2.416,0.1188,364.96,0.1317,-20.66,4,50
2015HR231,14.74,0.0515,10.56,2.438,0.0594,365.19,0.08,-11.52,4,5
2015HR237,14.94,0.0265,5.94,2.227,0.0487,216.56,0.5251,0.34,4,50
2015HR252,15.11,0.0214,4.66,2.297,0.0318,4.25,0.4333,-1.71,4,50
2015HR255,14.73,0.0976,20.51,2.375,0.0372,381.55,0.1273,-17.82,4,5
2015HR286,15.75,0.0858,18.35,2.334,0.1093,331.3,0.3164,-16.41,4,5
2015HS228,14.91,0.0482,9.84,2.448,0.1067,355.75,0.1242,-13.8,4,5
2015HS241,15.36,0.0246,5.04,2.442,0.0653,354.65,0.1361,-9.1,4,5
2015HS257,15.07,0.0954,20.06,2.375,0.0912,365.81,0.1871,-19.74,4,5
2015HS298,15.38,0.056,11.63,2.405,0.0315,356.87,0.1877,-9.92,4,5
2015HS302,14.84,0.1068,24.31,2.194,0.0339,289.32,0.4678,-11.85,4,5
2015HS304,14.77,0.0292,6.54,2.23,0.0491,219.11,0.5081,0.03,4,50
2015HS335,15.1,0.0598,12.35,2.42,0.0417,365.35,0.1244,-11.45,4,5
2015HS378,15.18,0.0962,20.19,2.379,0.0507,379.4,0.1306,-18.04,4,5
2015HT132,14.75,0.0616,12.64,2.432,0.0756,365.67,0.0964,-13.52,4,5
2015HT283,15.31,0.0571,11.96,2.384,0.0747,341.48,0.2613,-10.53,4,5
2015HT285,15.21,0.0331,6.88,2.406,0.0249,347.04,0.2209,-7.18,4,5
2015HT292,15.25,0.1338,29.93,2.234,0.064,348.81,0.3078,-25.56,4,50
2015HT303,15.27,0.0356,7.27,2.448,0.075,358.46,0.1033,-10.63,4,5
2015HT304,15.01,0.082,17.09,2.396,0.0434,372.85,0.1331,-14.85,4,5
2015HT307,15.4,0.064,13.24,2.413,0.0493,363.85,0.1465,-12.05,4,5
2015HT354,15.49,0.0312,6.41,2.429,0.024,356.34,0.1503,-8.0,4,5
2015HU133,14.91,0.0759,16.77,2.26,0.0445,299.38,0.4367,-7.43,4,5
2015HU233,14.87,0.0556,11.38,2.439,0.1713,333.53,0.2207,-19.93,4,5
2015HU305,15.46,0.0322,6.64,2.421,0.0373,352.12,0.1823,-7.96,4,5
2015HV252,15.22,0.0328,6.73,2.43,0.0368,356.3,0.1487,-8.4,4,5
2015HV255,15.0,0.0722,14.97,2.407,0.0359,369.79,0.1276,-12.99,4,5
2015HV283,15.39,0.0414,8.77,2.358,0.0899,320.19,0.3387,-8.03,4,5
2015HV286,15.66,0.0253,5.17,2.444,0.1198,341.85,0.1943,-11.95,4,5
2015HV335,15.54,0.0272,6.11,2.228,0.0463,200.69,0.5224,0.29,4,50
2015HV354,15.33,0.0972,20.5,2.368,0.0771,369.48,0.1825,-18.97,4,50
2015HW306,15.52,0.0506,10.38,2.435,0.072,357.7,0.1135,-11.59,4,50
2015HW354,15.44,0.0579,12.02,2.405,0.1093,342.71,0.2344,-13.54,4,5
2015HW45,14.89,0.0465,9.76,2.379,0.1371,319.38,0.3185,-12.7,4,5
2015HX159,15.52,0.0806,16.28,2.477,0.2166,340.48,0.117,-34.06,4,50
2015HX235,14.95,0.0183,4.09,2.23,0.0477,207.33,0.5239,0.68,4,50
2015HX238,14.96,0.0429,8.82,2.427,0.0699,353.95,0.167,-10.28,4,5
2015HX239,15.53,0.0756,16.61,2.274,0.0443,306.1,0.4168,-7.97,4,5
2015HX24,14.57,0.0187,3.93,2.381,0.0808,325.39,0.31,-6.72,4,5
2015HX305,15.6,0.0995,20.91,2.377,0.0113,387.84,0.0861,-18.02,4,5
2015HX335,15.21,0.0833,17.34,2.399,0.0585,372.7,0.1289,-15.8,4,5
2015HX340,15.4,0.1584,35.77,2.212,0.0314,43.01,0.0968,-37.16,4,50
2015HX346,15.21,0.0845,17.7,2.385,0.0214,372.4,0.1539,-14.44,4,5
2015HX354,15.18,0.073,15.28,2.386,0.0054,254.4,0.1925,-11.79,4,5
2015HY154,13.66,0.0902,19.26,2.337,0.0572,321.89,0.277,-14.47,4,50
2015HY241,14.81,0.0312,6.35,2.456,0.0944,355.34,0.1072,-11.49,4,5
2015HY283,15.13,0.0585,12.2,2.396,0.0445,352.86,0.2137,-10.21,4,5
2015HY305,15.12,0.0163,3.3,2.46,0.0722,359.11,0.0462,-9.74,4,5
2015HY335,15.35,0.0647,13.62,2.372,0.0863,338.26,0.2795,-11.87,4,5
2015HZ241,14.89,0.0041,1.19,1.819,0.072,334.75,0.2636,-6.89,4,5
2015HZ252,14.94,0.0623,12.8,2.43,0.0597,368.82,0.076,-12.9,4,5
2015HZ259,15.21,0.071,14.98,2.366,0.0465,346.89,0.2632,-11.1,4,5
2015JA11,14.85,0.0784,16.36,2.394,0.0072,334.6,0.1438,-13.31,4,5
2015JL2,13.33,0.092,19.97,2.3,0.0384,333.08,0.3423,-12.69,4,5
2015JS34,14.95,0.1129,23.95,2.355,0.0708,386.88,0.1273,-23.48,4,5
2015KA260,14.91,0.1189,25.34,2.343,0.039,191.64,0.0823,-23.35,4,50
2015KA335,15.14,0.0999,21.0,2.374,0.0536,381.44,0.1278,-19.05,4,5
2015KC207,14.86,0.0839,17.9,2.341,0.1065,334.84,0.3045,-15.99,4,50
2015KD325,15.48,0.1219,28.03,2.171,0.0337,119.53,0.457,-15.57,4,50
2015KF207,15.06,0.086,18.53,2.316,0.0466,335.14,0.328,-12.18,4,5
2015KG216,14.99,0.0767,15.53,2.469,0.1849,350.21,0.0997,-28.86,4,50
2015KH65,14.93,0.1092,23.09,2.363,0.0969,377.93,0.1508,-24.18,4,50
2015KL374,15.1,0.1009,21.41,2.354,0.0316,375.18,0.184,-17.69,4,5
2015KR331,15.08,0.0587,12.07,2.43,0.1245,349.14,0.1827,-15.77,4,50
2015KS212,15.22,0.1276,27.59,2.313,0.0807,390.78,0.1532,-28.59,4,50
2015KS29,14.54,0.0298,6.05,2.463,0.1366,344.79,0.1544,-14.38,4,5
2015KS358,14.98,0.1047,22.12,2.364,0.0484,290.38,0.1264,-19.81,4,50
2015KU333,15.28,0.0587,12.06,2.433,0.0974,357.96,0.1418,-14.17,4,5
2015KV201,14.67,0.1117,24.54,2.274,0.0548,311.59,0.3302,-17.91,4,50
2015KV334,15.25,0.099,20.79,2.377,0.0111,387.28,0.0878,-17.88,4,5
2015KX374,15.14,0.1291,27.93,2.31,0.0345,120.44,0.1321,-25.67,4,50
2015LN64,15.17,0.0827,17.23,2.397,0.0444,373.59,0.1287,-15.07,4,5
2015TG444,14.68,0.111,25.24,2.196,0.0473,294.38,0.4538,-13.76,5,5
2015TL419,14.64,0.0717,16.4,2.182,0.0422,177.5,0.5424,-3.02,5,50
2015TW410,14.39,0.1127,25.76,2.186,0.0382,172.61,0.4638,-13.2,5,50
2015TW463,15.15,0.149,33.23,2.24,0.0449,278.17,0.1583,-33.25,5,50
2015VN152,14.82,0.0403,8.5,2.367,0.0961,322.6,0.3253,-8.65,5,5
2015XA471,14.95,0.1198,25.88,2.313,0.0255,382.64,0.1989,-22.06,5,5
2015XB386,14.6,0.1134,24.08,2.352,0.0392,393.67,0.1019,-22.04,5,5
2015XB471,14.87,0.1019,22.74,2.237,0.0283,4.25,0.417,-12.11,5,50
2015XB472,14.57,0.1114,24.8,2.242,0.044,240.64,0.3837,-15.82,5,50
2015XC467,14.26,0.0477,10.25,2.322,0.0822,308.91,0.3874,-6.9,5,5
2015XC472,14.96,0.045,9.88,2.272,0.0385,143.61,0.4542,-2.78,5,50
2015XD487,14.9,0.1102,25.15,2.188,0.0246,290.1,0.4669,-12.45,5,5
2015XE469,14.66,0.0774,16.9,2.285,0.067,309.94,0.4008,-9.65,5,5
2015XE475,14.36,0.0892,19.07,2.337,0.0472,349.31,0.2778,-14.01,5,5
2015XF386,15.04,0.0542,11.28,2.4,0.0711,347.72,0.2258,-10.65,5,5
2015XG471,14.89,0.0897,19.35,2.315,0.0271,339.9,0.3185,-12.53,5,5
2015XH386,14.87,0.055,12.12,2.266,0.0294,292.29,0.4546,-3.79,5,5
2015XH471,14.85,0.1172,25.32,2.312,0.0271,376.56,0.2189,-20.99,5,5
2015XH474,15.06,0.0997,21.16,2.353,0.0364,372.22,0.195,-17.36,5,5
2015XJ386,14.66,0.0694,14.41,2.405,0.0247,367.43,0.1432,-12.12,5,5
2015XM386,14.79,0.0326,6.63,2.453,0.0728,360.04,0.0736,-10.5,5,5
2015XM484,14.06,0.0913,20.48,2.226,0.035,293.42,0.4572,-9.12,5,5
2015XO265,14.14,0.1394,33.53,2.106,0.0451,199.56,0.48,-20.12,5,50
2015XP260,14.57,0.1455,32.14,2.261,0.0037,146.56,0.1176,-31.3,5,5
2015XP329,14.85,0.124,27.01,2.293,0.0262,377.79,0.2286,-22.71,5,5
2015XQ295,14.69,0.1277,27.45,2.325,0.0321,42.42,0.0461,-25.83,5,50
2015XQ449,14.37,0.112,25.48,2.195,0.0233,296.42,0.4526,-13.33,5,5
2015XQ452,15.05,0.0472,9.96,2.367,0.0848,327.3,0.3142,-8.86,5,5
2015XQ494,14.79,0.062,13.94,2.222,0.043,189.39,0.5058,-3.13,5,50
2015XR446,14.58,0.0469,9.9,2.367,0.0846,327.02,0.316,-8.79,5,5
2015XR476,14.97,0.1311,28.33,2.313,0.0366,158.84,0.0904,-26.78,5,50
2015XR483,14.65,0.1268,29.24,2.166,0.0306,64.25,0.4477,-17.17,5,50
2015XS476,14.56,0.0898,19.09,2.35,0.0677,352.83,0.2561,-15.59,5,5
2015XT458,14.74,0.0905,20.41,2.213,0.0442,214.72,0.4767,-8.4,5,50
2015XW445,14.42,0.0519,11.13,2.327,0.0408,318.12,0.3665,-6.16,5,5
2015XW446,14.69,0.052,11.07,2.348,0.1112,316.07,0.3506,-10.29,5,5
2015XZ449,14.7,0.105,22.36,2.344,0.0865,364.84,0.2201,-21.03,5,50
2015XZ470,14.91,0.1541,34.67,2.221,0.0288,6.42,0.1487,-34.43,5,50
2015YA34,14.73,0.0882,18.36,2.399,0.0809,374.25,0.1191,-18.18,5,50
2015YH10,14.48,0.1152,26.36,2.182,0.0407,206.14,0.4602,-14.15,5,50
2015YH36,14.34,0.0482,10.43,2.308,0.0133,309.5,0.3987,-4.46,5,5
2015YL36,14.42,0.1102,27.03,2.035,0.0441,148.79,0.6436,-5.63,5,50
2015YU38,14.79,0.0866,18.71,2.31,0.0634,323.6,0.3413,-12.5,5,50
2015YW32,14.57,0.1244,28.69,2.166,0.0386,192.29,0.4556,-16.57,5,50
2016AA16,14.69,0.0477,9.96,2.391,0.0575,342.64,0.2516,-8.82,5,5
2016AA369,14.91,0.0749,16.19,2.309,0.0149,324.83,0.3611,-8.77,5,5
2016AB303,14.66,0.0221,4.89,2.263,0.0405,157.82,0.4804,-0.58,5,50
2016AB321,14.74,0.1021,23.09,2.208,0.0384,168.67,0.4595,-11.06,5,50
2016AC311,14.52,0.0309,6.59,2.34,0.1254,303.46,0.3844,-8.51,5,5
2016AD355,14.38,0.0997,22.48,2.214,0.0426,208.36,0.4567,-10.71,5,50
2016AE350,14.33,0.023,5.09,2.257,0.0413,164.73,0.4889,-0.43,5,50
2016AE383,15.09,0.0657,13.79,2.381,0.042,350.91,0.2371,-10.69,5,5
2016AF346,14.38,0.0851,17.95,2.37,0.0937,351.3,0.2407,-16.7,5,50
2016AF365,14.97,0.0486,10.03,2.42,0.0522,356.96,0.1646,-10.08,5,5
2016AF383,14.94,0.096,20.28,2.364,0.0786,365.0,0.2031,-18.52,5,50
2016AF67,14.21,0.0763,16.92,2.251,0.0453,294.95,0.4491,-7.13,5,5
2016AH133,14.3,0.1032,23.3,2.213,0.0444,228.35,0.45,-11.86,5,50
2016AH43,14.71,0.0018,0.82,0.764,0.0934,333.65,0.2584,-8.16,5,5
2016AJ351,14.15,0.0582,12.63,2.3,0.0701,305.6,0.4063,-6.92,5,5
2016AK20,14.63,0.0231,4.82,2.398,0.0461,338.46,0.2583,-6.48,5,5
2016AK321,14.67,0.0636,13.26,2.397,0.0764,350.72,0.2197,-12.28,5,5
2016AK351,14.87,0.0461,9.4,2.45,0.0801,362.85,0.0616,-12.16,5,5
2016AK44,14.07,0.0495,11.12,2.224,0.0293,270.98,0.5142,-1.38,5,5
2016AM343,14.72,0.0853,18.98,2.244,0.0552,277.64,0.4445,-8.91,5,50
2016AN315,14.5,0.0559,12.24,2.282,0.094,293.47,0.4371,-7.07,5,5
2016AN352,14.67,0.0514,10.87,2.363,0.0838,327.69,0.3156,-9.21,5,5
2016AN383,14.72,0.0876,19.83,2.205,0.0397,279.02,0.4924,-7.37,5,5
2016AO313,14.83,0.0693,15.33,2.257,0.0535,292.91,0.4521,-6.3,5,5
2016AO329,14.41,0.0573,12.04,2.374,0.0169,344.44,0.2633,-8.55,5,5
2016AO374,14.78,0.1038,23.16,2.241,0.0377,173.69,0.4096,-12.84,5,50
2016AO383,14.38,0.0629,13.54,2.32,0.0883,314.1,0.3735,-9.43,5,5
2016AP165,13.85,0.0749,16.74,2.235,0.0414,187.57,0.4723,-5.92,5,50
2016AP308,14.58,0.0712,15.85,2.242,0.0464,223.32,0.4692,-5.53,5,50
2016AP329,14.41,0.0545,11.77,2.31,0.0529,271.34,0.3926,-5.95,5,50
2016AP372,14.46,0.0941,20.48,2.293,0.0472,330.97,0.349,-13.25,5,5
2016AP374,14.8,0.1154,26.38,2.184,0.0204,294.11,0.458,-13.9,5,5
2016AP384,14.88,0.0679,14.39,2.357,0.0814,334.87,0.3002,-11.58,5,5
2016AQ320,14.53,0.0805,18.42,2.181,0.0435,262.37,0.5324,-4.91,5,5
2016AQ329,14.63,0.0235,5.26,2.237,0.0403,150.9,0.5138,0.35,5,50
2016AQ373,14.43,0.1069,24.08,2.218,0.0379,177.98,0.4332,-12.95,5,50
2016AQ378,14.26,0.0325,7.39,2.196,0.1028,250.52,0.5559,-1.31,5,50
2016AQ385,14.8,0.0163,3.51,2.314,0.0387,302.82,0.4109,-2.54,5,5
2016AS195,14.43,0.0555,11.46,2.419,0.0751,355.87,0.1724,-11.87,5,5
2016AS311,14.49,0.0496,11.52,2.15,0.0543,215.31,0.5982,1.14,5,50
2016AS52,14.72,0.0486,9.98,2.432,0.0374,364.18,0.1024,-10.22,5,5
2016AT195,14.62,0.1071,24.56,2.177,0.0053,183.21,0.4893,-10.72,5,5
2016AT26,14.78,0.0959,20.02,2.392,0.0554,385.33,0.0585,-18.8,5,5
2016AT336,15.0,0.0694,14.47,2.394,0.1007,347.62,0.23,-14.63,5,5
2016AT349,14.64,0.0878,18.74,2.34,0.0399,350.13,0.2743,-13.53,5,5
2016AT382,14.8,0.0668,14.1,2.366,0.0421,344.38,0.2708,-10.2,5,5
2016AU373,14.62,0.0342,7.23,2.362,0.0491,325.78,0.325,-5.86,5,5
2016AU382,14.43,0.0362,8.07,2.238,0.0384,132.18,0.5052,-0.53,5,50
2016AV195,14.34,0.0758,17.19,2.201,0.0334,270.41,0.5149,-4.57,5,5
2016AW195,14.41,0.0724,16.07,2.251,0.0358,116.07,0.4545,-5.88,5,50
2016AW29,14.59,0.0573,12.86,2.224,0.0424,182.77,0.5086,-2.39,5,50
2016AW378,14.82,0.031,6.98,2.222,0.0558,245.25,0.4484,0.0,5,50
2016AW60,14.55,0.0725,15.14,2.391,0.0884,352.51,0.2185,-14.33,5,50
2016AX372,14.06,0.1036,23.47,2.203,0.0373,158.47,0.4618,-11.29,5,50
2016AX382,14.85,0.0584,12.58,2.318,0.1079,307.94,0.386,-9.71,5,50
2016AX68,14.57,0.063,13.79,2.283,0.0651,300.85,0.4244,-6.76,5,5
2016AY347,14.38,0.1147,26.12,2.192,0.0643,293.03,0.4489,-15.44,5,50
2016AY373,14.93,0.0701,16.05,2.18,0.0409,165.42,0.547,-2.65,5,50
2016AZ195,14.85,0.0893,18.97,2.352,0.0682,353.23,0.2533,-15.57,5,5
2016BB141,14.97,0.0891,19.07,2.334,0.0167,350.08,0.2804,-13.09,5,5
2016BD,13.6,0.0786,16.41,2.391,0.0335,368.1,0.163,-13.57,5,5
2016BG39,13.78,0.0797,17.93,2.221,0.0177,283.33,0.4839,-5.95,5,5
2016BO137,14.83,0.1034,22.26,2.321,0.0145,360.55,0.2604,-16.48,5,5
2016BO140,14.78,0.0951,21.48,2.211,0.0491,250.41,0.4705,-9.59,5,50
2016BP127,14.2,0.099,22.28,2.219,0.029,296.7,0.4506,-10.74,5,5
2016BW127,14.69,0.0687,14.25,2.408,0.0652,362.31,0.1616,-13.29,5,5
2016CE375,14.54,0.062,14.2,2.18,0.0474,205.57,0.5557,-1.5,4,50
2016CJ356,14.83,0.0747,15.47,2.412,0.0214,376.29,0.0701,-13.5,5,5
2016CK366,14.64,0.0986,23.64,2.083,0.0598,208.77,0.6105,-5.6,4,50
2016CO385,14.8,0.0842,18.76,2.24,0.1149,286.82,0.4522,-12.43,4,50
2016CS367,14.87,0.0881,18.51,2.376,0.0557,322.5,0.1837,-15.67,5,50
2016CU31,14.15,0.1135,27.4,2.069,0.0123,214.31,0.6035,-7.62,5,5
2016CY186,14.57,0.0864,19.58,2.203,0.0296,277.59,0.4973,-6.76,5,5
2016CZ163,14.8,0.0616,12.55,2.45,0.1148,361.7,0.0799,-16.65,5,5
2016EJ307,15.15,0.081,16.77,2.414,0.0553,378.64,0.0388,-15.87,4,5
2016EN340,14.43,0.0493,10.69,2.301,0.1007,297.79,0.4195,-7.29,5,5
2016EO311,14.63,0.0901,19.45,2.312,0.0764,332.05,0.3332,-14.34,4,5
2016ER204,14.6,0.064,13.45,2.376,0.0821,340.56,0.27,-11.7,4,5
2016FP73,14.57,0.0729,15.03,2.419,0.1953,328.3,0.2361,-25.99,4,50
2016GB294,14.79,0.1077,22.74,2.365,0.0488,291.65,0.0947,-20.87,4,50
2016GB311,14.91,0.0683,14.6,2.336,0.0458,331.17,0.3273,-9.31,4,5
2016GD312,14.94,0.0303,6.75,2.243,0.0922,270.44,0.504,-2.36,4,50
2016GE294,15.05,0.1175,25.92,2.263,0.0384,345.37,0.3261,-19.04,4,5
2016GG234,14.89,0.0724,15.24,2.374,0.1066,339.96,0.2698,-14.56,4,50
2016GH352,14.69,0.0924,20.94,2.203,0.0154,282.48,0.4863,-7.98,4,5
2016GO173,14.65,0.1397,30.66,2.276,0.024,407.23,0.1416,-29.23,4,5
2016GO301,15.07,0.1238,26.91,2.298,0.0335,380.09,0.2173,-23.13,4,5
2016GO311,15.11,0.1249,26.76,2.332,0.0316,34.37,0.045,-25.03,4,50
2016GP288,14.34,0.0192,4.4,2.179,0.0405,245.2,0.5816,2.6,4,5
2016GP301,14.78,0.0702,15.11,2.322,0.0446,325.38,0.3508,-8.96,4,5
2016GP341,14.74,0.0872,19.22,2.265,0.0046,184.67,0.408,-9.41,4,5
2016GP355,14.5,0.0698,15.77,2.209,0.0444,270.97,0.5126,-4.13,4,5
2016GQ311,14.75,0.0253,5.37,2.355,0.02,322.78,0.3387,-4.35,4,5
2016GR311,14.64,0.0261,5.76,2.265,0.0493,229.06,0.4775,-1.15,4,50
2016GS311,15.08,0.0803,16.67,2.405,0.0321,377.18,0.0872,-14.59,4,5
2016GU275,15.18,0.1129,23.9,2.359,0.0637,368.04,0.0931,-23.07,4,50
2016GU285,14.57,0.0347,7.34,2.362,0.1053,316.81,0.3426,-8.38,4,5
2016GV104,14.86,0.1524,33.89,2.246,0.051,321.37,0.0397,-36.48,4,50
2016GW252,14.28,0.0743,16.43,2.259,0.0484,297.45,0.4411,-7.2,4,5
2016GX169,14.52,0.0922,19.45,2.368,0.0531,311.32,0.1894,-16.33,4,50
2016GX252,14.58,0.0469,9.7,2.414,0.0871,346.16,0.2158,-10.94,4,5
2016GX309,14.96,0.0955,20.03,2.382,0.0624,353.84,0.1307,-18.27,4,50
2016GY252,14.19,0.0684,14.98,2.278,0.0505,302.81,0.4232,-6.93,4,5
2016GY361,14.95,0.0856,18.55,2.305,0.083,323.82,0.3563,-13.06,4,50
2016GZ309,14.79,0.0721,14.96,2.406,0.0591,365.18,0.1529,-13.61,4,5
2016HC47,15.14,0.0635,13.33,2.379,0.0705,343.73,0.2597,-11.17,4,5
2016HZ32,15.08,0.0536,11.04,2.426,0.0428,363.95,0.1184,-10.8,4,5
2016JA67,15.47,0.0531,10.83,2.451,0.1131,357.26,0.1111,-15.06,4,5
2016JB76,15.03,0.0882,18.32,2.404,0.0549,382.26,0.039,-17.26,4,5
2016JB79,15.45,0.0722,15.54,2.321,0.0702,322.47,0.3533,-10.06,4,50
2016JC14,14.72,0.0642,13.77,2.327,0.0737,320.42,0.3567,-9.21,4,5
2016JC64,15.15,0.0781,16.23,2.405,0.0545,371.22,0.1253,-14.71,4,5
2016JD73,14.44,0.0023,1.02,0.129,0.0636,293.74,0.4378,-2.35,4,5
2016JE19,14.35,0.0295,6.45,2.287,0.1328,281.86,0.4553,-6.89,4,5
2016JE86,15.1,0.1019,23.45,2.169,0.0577,269.02,0.51,-10.13,4,5
2016JG49,14.66,0.0925,20.19,2.288,0.0672,323.67,0.3656,-13.41,4,5
2016JG61,15.18,0.0875,18.27,2.393,0.0192,380.44,0.0963,-15.56,4,5
2016JH82,15.03,0.0924,19.37,2.381,0.0455,256.88,0.1341,-16.74,4,50
2016JM64,15.07,0.0637,13.18,2.415,0.0444,365.22,0.1366,-11.94,4,5
2016JM66,15.05,0.091,19.83,2.292,0.0608,325.37,0.3613,-12.91,4,5
2016JN72,15.36,0.066,14.65,2.249,0.027,289.46,0.4651,-4.71,4,5
2016JO59,15.05,0.0744,15.98,2.325,0.047,329.6,0.338,-9.99,4,5
2016JP57,15.39,0.104,22.93,2.264,0.0675,322.62,0.3727,-15.63,4,50
2016JP66,15.15,0.0903,18.89,2.389,0.0245,380.88,0.1047,-16.14,4,5
2016JQ54,14.53,0.0618,13.4,2.3,0.0564,309.22,0.3992,-6.96,4,5
2016JQ57,15.49,0.0866,18.09,2.392,0.0473,375.32,0.1275,-15.94,4,5
2016JQ65,14.76,0.0331,7.31,2.261,0.0471,216.41,0.4781,-1.48,4,50
2016JR52,15.07,0.0888,20.12,2.204,0.0372,279.39,0.4918,-7.54,4,5
2016JR54,14.87,0.1199,26.93,2.223,0.0179,324.83,0.3864,-17.35,4,5
2016JS64,15.36,0.0764,16.35,2.333,0.0531,334.33,0.3204,-10.97,4,5
2016JS73,15.04,0.0974,20.82,2.336,0.0186,361.35,0.2462,-15.51,4,5
2016JU54,14.74,0.0676,14.92,2.262,0.0807,291.46,0.4494,-7.38,4,5
2016JU63,14.93,0.0805,16.79,2.395,0.0225,373.14,0.1339,-13.98,4,5
2016JV61,15.01,0.0522,10.74,2.429,0.071,355.4,0.1377,-11.47,4,50
2016JW77,15.25,0.0792,16.45,2.406,0.0265,377.04,0.0862,-14.27,4,5
2016JY33,13.61,0.0311,6.99,2.223,0.0475,207.41,0.5274,0.21,4,50
2016JY65,15.43,0.0286,5.82,2.457,0.0955,354.7,0.1086,-11.37,4,5
2016JZ65,15.28,0.0817,16.99,2.4,0.0561,372.29,0.1282,-15.4,4,5
2016KN9,14.58,0.0986,20.73,2.375,0.0472,381.37,0.1275,-18.46,4,5
2016KY7,13.89,0.0635,14.48,2.189,0.0753,257.15,0.5404,-3.29,4,50
2016LA14,14.83,0.0616,12.91,2.382,0.0343,349.63,0.2395,-9.85,4,5
2016LA22,15.05,0.025,5.19,2.413,0.1262,328.5,0.2709,-11.03,4,5
2016LA26,14.59,0.0953,20.65,2.305,0.0636,329.42,0.3274,-14.64,4,50
2016LB14,14.77,0.0802,17.18,2.331,0.0288,339.17,0.311,-11.04,4,5
2016LC95,14.09,0.0286,6.51,2.196,0.0607,244.18,0.5597,1.01,4,50
2016LC98,15.15,0.0976,20.48,2.379,0.0685,369.94,0.1333,-19.22,4,50
2016LJ101,14.66,0.0348,7.91,2.192,0.0694,250.63,0.5607,0.35,4,50
2016LL13,14.87,0.0816,17.62,2.312,0.0796,324.37,0.3531,-12.17,4,50
2016LL95,14.7,0.0757,17.23,2.193,0.0389,266.07,0.5249,-4.34,4,5
2016LN25,15.12,0.0635,13.12,2.418,0.0358,368.08,0.1123,-11.88,4,5
2016LN81,14.31,0.1131,25.26,2.237,0.0303,17.59,0.3862,-15.55,4,50
2016LO83,14.74,0.0942,20.2,2.33,0.0427,351.71,0.2763,-14.87,4,5
2016LS16,15.2,0.0462,9.9,2.334,0.0969,311.12,0.3735,-8.03,4,5
2016LX4,14.98,0.0229,4.85,2.355,0.1179,309.0,0.3647,-7.98,4,5
2016LX51,14.94,0.069,14.36,2.401,0.0322,364.26,0.1647,-11.99,4,5
2016VJ64,14.34,0.1275,29.57,2.155,0.0231,291.93,0.4606,-17.03,5,5
2016VM28,14.39,0.0253,5.22,2.423,0.0607,347.84,0.1964,-8.16,5,5
2016VQ66,14.62,0.0887,20.36,2.174,0.0209,264.44,0.5285,-5.91,5,5
2016VR31,14.89,0.0863,18.15,2.376,0.0963,354.9,0.2235,-17.54,5,5
2016VR64,14.36,0.0349,7.75,2.247,0.0418,171.11,0.4951,-0.89,5,50
2016VS28,14.64,0.0583,12.29,2.368,0.1023,329.15,0.3055,-11.51,5,5
2016XD26,13.6,0.0843,18.77,2.243,0.0539,270.63,0.4471,-8.62,5,50
2016XN39,13.83,0.0683,15.03,2.269,0.032,299.76,0.4353,-6.03,5,5
2016YA38,14.08,0.0647,13.78,2.343,0.112,320.16,0.3416,-12.3,5,5
2016YC39,14.75,0.0891,19.22,2.315,0.0227,339.85,0.3187,-12.33,5,5
2016YD20,14.67,0.0758,16.84,2.247,0.0272,293.64,0.4551,-6.4,5,5
2016YG38,14.43,0.059,13.49,2.182,0.0524,226.64,0.5552,-1.36,5,50
2016YH19,14.24,0.0467,9.86,2.366,0.0817,327.19,0.3156,-8.59,5,5
2016YH38,14.53,0.0256,5.53,2.311,0.0498,243.81,0.4129,-2.99,5,50
2016YM19,14.9,0.0265,5.55,2.381,0.1086,321.22,0.3182,-8.64,5,5
2016YM27,14.72,0.0758,16.97,2.229,0.032,284.73,0.4787,-5.78,5,5
2016YP19,14.64,0.0356,8.22,2.163,0.1099,236.54,0.588,-0.77,5,50
2016YQ18,14.38,0.0732,15.58,2.344,0.0972,329.17,0.3204,-12.98,5,5
2016YT18,13.88,0.0132,2.87,2.014,0.0681,236.84,0.5986,2.57,5,5
2016YU38,14.5,0.1026,22.31,2.296,0.0273,344.12,0.3174,-15.24,5,5
2016YV28,14.97,0.0479,9.96,2.403,0.0696,345.93,0.2287,-9.82,5,5
2017AB52,14.69,0.1237,28.53,2.165,0.029,20.68,0.459,-15.89,5,50
2017AD57,14.47,0.03,6.65,2.253,0.0399,150.76,0.4904,-0.7,5,50
2017AE40,14.42,0.0189,4.06,2.331,0.0536,309.1,0.3863,-3.72,5,5
2017AE45,14.32,0.043,9.58,2.242,0.05,232.0,0.4965,-1.66,5,50
2017AE46,14.76,0.0391,8.94,2.183,0.1337,243.06,0.5629,-3.84,5,5
2017AE60,14.34,0.0283,6.18,2.283,0.1155,283.0,0.4587,-5.37,5,5
2017AG35,14.53,0.0294,6.11,2.402,0.0392,342.85,0.2395,-6.95,5,5
2017AG60,14.6,0.0109,2.35,2.311,0.0358,301.67,0.4147,-2.22,5,5
2017AH33,14.64,0.0983,21.07,2.33,0.064,352.59,0.2714,-16.85,5,5
2017AH49,15.15,0.0792,16.76,2.36,0.0977,341.55,0.2766,-14.93,5,50
2017AH52,15.16,0.0461,9.4,2.45,0.1032,356.31,0.1177,-13.35,5,5
2017AK45,14.92,0.0719,16.09,2.231,0.0394,163.36,0.4813,-5.18,5,50
2017AL60,14.87,0.0819,17.51,2.336,0.0858,334.71,0.3122,-13.92,5,5
2017AO41,14.89,0.0949,20.32,2.333,0.0606,350.99,0.2743,-15.86,5,5
2017AP56,15.14,0.0738,15.74,2.342,0.0914,329.97,0.3207,-12.68,5,5
2017AR35,14.88,0.0264,5.5,2.399,0.0631,337.54,0.2595,-7.26,5,5
2017AR56,14.36,0.0542,12.0,2.258,0.0384,143.84,0.4662,-3.35,5,50
2017AU32,14.84,0.0076,1.6,1.509,0.1294,330.49,0.2518,-11.06,5,5
2017AV38,14.64,0.0575,12.28,2.335,0.0729,320.49,0.3525,-8.4,5,5
2017AV56,14.72,0.0802,17.68,2.265,0.0357,305.05,0.4229,-8.27,5,5
2017AZ51,14.9,0.0437,9.26,2.357,0.0869,321.52,0.3356,-8.13,5,5
2017BA51,14.29,0.0332,7.47,2.216,0.1115,258.16,0.5335,-2.82,5,50
2017BB100,14.58,0.0566,11.6,2.436,0.1181,352.29,0.1623,-15.14,5,50
2017BB159,14.47,0.0827,18.79,2.198,0.0421,272.19,0.509,-6.06,5,5
2017BB163,15.17,0.0372,7.57,2.455,0.0713,362.99,0.017,-10.98,5,5
2017BB184,14.54,0.0167,3.68,2.264,0.0433,183.86,0.4815,-0.48,5,50
2017BB185,14.81,0.0402,8.96,2.238,0.0366,108.49,0.5044,-0.8,5,50
2017BC161,14.62,0.027,5.57,2.417,0.0778,342.41,0.2245,-8.64,5,5
2017BC162,14.39,0.0547,11.56,2.361,0.0379,335.29,0.3001,-7.94,5,5
2017BD152,15.02,0.0481,9.78,2.457,0.1148,356.62,0.1,-14.69,5,5
2017BD163,14.69,0.0733,15.91,2.302,0.0303,319.25,0.3763,-8.36,5,5
2017BD171,14.86,0.0385,8.38,2.291,0.0529,296.11,0.4359,-3.45,5,5
2017BD181,14.94,0.0528,10.95,2.409,0.0984,344.16,0.2277,-12.17,5,5
2017BD210,14.82,0.0672,14.26,2.354,0.0569,336.98,0.2998,-10.2,5,5
2017BE150,14.41,0.0726,16.21,2.235,0.0393,161.38,0.4755,-5.38,5,50
2017BE171,15.11,0.06,12.85,2.329,0.0541,321.72,0.3549,-7.81,5,5
2017BE210,14.78,0.0778,16.67,2.33,0.0858,328.49,0.332,-12.68,5,5
2017BF181,14.89,0.1033,21.73,2.374,0.0523,386.37,0.102,-20.06,5,5
2017BG159,14.51,0.0862,18.99,2.267,0.0852,305.45,0.4126,-11.69,5,50
2017BG181,14.48,0.1012,21.93,2.305,0.0283,347.39,0.3044,-15.26,5,5
2017BG190,14.79,0.0849,18.91,2.241,0.0343,101.19,0.448,-7.98,5,50
2017BG221,14.88,0.1299,28.52,2.275,0.0301,378.86,0.2355,-24.52,5,5
2017BH175,14.59,0.0812,17.67,2.293,0.0735,315.77,0.3822,-11.16,5,5
2017BH219,14.52,0.0189,3.91,2.407,0.0174,344.03,0.2299,-6.16,5,5
2017BJ178,14.84,0.0973,21.33,2.277,0.0517,325.04,0.3687,-13.58,5,5
2017BJ219,14.57,0.0894,19.96,2.234,0.052,267.77,0.4461,-9.85,5,50
2017BJ220,14.18,0.0763,17.31,2.2,0.0613,268.32,0.5157,-5.49,5,5
2017BK178,14.85,0.0299,6.19,2.415,0.1158,333.22,0.2556,-10.8,5,5
2017BK186,14.69,0.0873,19.81,2.2,0.0598,275.05,0.4985,-7.84,5,5
2017BL11,13.79,0.0303,6.28,2.408,0.0512,344.17,0.2287,-7.56,5,5
2017BL159,14.98,0.03,6.55,2.288,0.0764,291.06,0.4467,-3.36,5,50
2017BL219,15.04,0.0428,9.83,2.173,0.1125,241.57,0.5738,-1.96,5,50
2017BN167,14.89,0.0971,21.35,2.271,0.0205,324.03,0.3768,-12.36,5,5
2017BO100,13.73,0.031,6.72,2.306,0.0756,298.44,0.4214,-4.28,5,5
2017BP159,14.17,0.0607,12.84,2.36,0.0453,337.48,0.2945,-9.0,5,5
2017BQ150,14.67,0.0598,12.67,2.356,0.0272,336.6,0.3008,-8.26,5,5
2017BQ215,14.9,0.0506,11.34,2.228,0.0701,270.63,0.5073,-2.8,5,50
2017BR156,14.53,0.0394,8.24,2.385,0.0828,331.95,0.2879,-8.58,5,5
2017BR161,14.74,0.0463,9.56,2.42,0.0105,358.58,0.1515,-9.02,5,5
2017BR220,14.96,0.0856,18.65,2.291,0.0746,318.2,0.3766,-12.18,5,5
2017BR97,14.36,0.0493,11.87,2.075,0.0572,185.73,0.6729,4.18,5,50
2017BS158,14.31,0.0559,11.93,2.341,0.1028,316.56,0.3548,-10.01,5,5
2017BS167,14.84,0.1299,27.94,2.325,0.059,358.13,0.0512,-28.06,5,50
2017BS219,14.76,0.0674,15.31,2.199,0.0414,172.51,0.5265,-2.99,5,50
2017BT175,14.69,0.0441,9.23,2.39,0.0424,342.34,0.2549,-7.88,5,5
2017BT181,14.97,0.0614,12.8,2.397,0.0349,356.5,0.1996,-10.51,5,5
2017BT220,14.42,0.0716,15.45,2.313,0.0707,318.68,0.3683,-9.81,5,5
2017BU78,15.05,0.0202,4.23,2.392,0.0266,337.51,0.2664,-5.72,5,5
2017BU97,14.24,0.0739,16.18,2.281,0.0521,307.35,0.4109,-8.14,5,5
2017BV105,14.5,0.052,11.57,2.243,0.0435,192.19,0.4889,-2.62,5,50
2017BV152,14.39,0.0527,11.06,2.379,0.0941,332.96,0.2882,-10.62,5,5
2017BW109,14.39,0.0216,4.91,2.198,0.0975,250.28,0.5585,-0.35,5,50
2017BW164,14.76,0.0243,5.0,2.428,0.0209,354.45,0.1589,-7.46,5,5
2017BW182,15.02,0.0636,13.08,2.427,0.0437,371.32,0.0601,-12.49,5,5
2017BW220,14.84,0.0658,14.89,2.205,0.0393,152.42,0.5199,-2.97,5,50
2017BW41,14.23,0.0572,12.0,2.379,0.0383,344.77,0.258,-9.08,5,5
2017BW5,13.97,0.0294,6.57,2.234,0.0492,220.89,0.5143,-0.17,5,50
2017BX164,14.87,0.0287,6.01,2.385,0.0906,327.22,0.3009,-7.98,5,5
2017BX220,14.45,0.0702,16.05,2.185,0.0427,179.79,0.5403,-2.93,5,50
2017BX233,15.43,0.0959,20.59,2.326,0.0484,350.43,0.2821,-15.32,5,5
2017BY162,14.83,0.0399,8.26,2.416,0.098,341.69,0.2277,-10.79,5,5
2017BZ151,15.01,0.0445,9.05,2.455,0.1574,339.16,0.1884,-17.39,5,5
2017BZ163,15.2,0.0224,4.55,2.456,0.0707,358.82,0.0711,-9.79,5,5
2017BZ165,14.94,0.0179,3.68,2.43,0.0683,347.67,0.1877,-8.29,5,5
2017CB46,14.39,0.0496,11.11,2.23,0.0394,150.65,0.5067,-1.61,5,50
2017CB50,15.06,0.0367,7.52,2.436,0.0233,361.65,0.1068,-8.81,5,5
2017CD55,15.79,0.0709,15.39,2.299,0.0429,315.18,0.3865,-8.06,5,5
2017CJ26,14.84,0.0121,2.57,2.328,0.1301,317.66,0.3182,-9.73,5,5
2017CL21,14.41,0.0962,20.43,2.352,0.0552,364.08,0.2211,-16.94,5,5
2017CM40,14.68,0.0596,12.52,2.38,0.0682,342.18,0.2636,-10.46,5,5
2017CN40,14.47,0.0787,17.81,2.205,0.0333,273.97,0.5061,-5.29,5,5
2017CO19,14.82,0.0357,7.29,2.445,0.0579,317.84,0.0821,-9.75,5,50
2017CP40,14.19,0.0747,16.75,2.227,0.0283,283.19,0.4831,-5.38,5,5
2017CQ40,14.76,0.0927,19.71,2.349,0.0247,361.85,0.2341,-14.87,5,5
2017CR44,14.53,0.0405,9.05,2.234,0.0398,150.0,0.5072,-0.83,5,50
2017CU7,13.68,0.0587,13.09,2.238,0.0402,164.98,0.4876,-3.19,5,50
2017CX49,14.58,0.0877,18.94,2.313,0.0531,334.1,0.3317,-12.68,5,5
2017CY40,14.45,0.034,7.44,2.284,0.058,276.59,0.4484,-2.77,5,50
2017DD151,14.82,0.1164,26.7,2.177,0.0306,290.6,0.4645,-14.15,5,5
2017DH155,14.64,0.0479,10.1,2.366,0.084,327.36,0.3147,-8.86,5,5
2017DJ155,14.61,0.0769,17.55,2.188,0.0312,264.76,0.5287,-4.21,5,5
2017DN158,15.52,0.0528,11.15,2.363,0.0817,328.59,0.3137,-9.28,5,5
2017DO138,14.78,0.1074,24.4,2.198,0.0296,292.71,0.4606,-12.13,5,5
2017DO52,14.17,0.0217,4.66,2.328,0.0336,21.75,0.3869,-2.99,5,50
2017DQ86,14.41,0.0698,15.04,2.318,0.0118,325.63,0.3538,-8.14,5,5
2017DT119,14.81,0.0682,14.18,2.402,0.0038,124.15,0.1557,-11.56,5,5
2017DT151,14.83,0.0959,21.66,2.209,0.0286,4.25,0.4708,-9.11,5,50
2017DT38,14.61,0.0477,9.81,2.429,0.0959,350.75,0.1791,-12.2,5,5
2017DZ43,14.59,0.0372,7.72,2.403,0.0675,341.5,0.2439,-8.47,5,5
2017FY146,14.35,0.0817,18.06,2.259,0.0537,301.56,0.4302,-8.87,5,5
2017HA73,14.81,0.0886,19.08,2.318,0.057,337.15,0.3206,-13.31,4,5
2017KP38,14.72,0.0077,1.75,1.848,0.1373,310.76,0.3441,-9.62,4,5
2017KT44,14.33,0.0761,16.56,2.296,0.066,314.48,0.3861,-9.81,4,5
2017KV38,14.31,0.0652,13.93,2.335,0.0586,326.66,0.3388,-9.07,4,5
2017MN24,14.53,0.0803,17.96,2.232,0.095,283.79,0.468,-9.7,4,50
2017WM12,13.41,0.0306,7.05,2.166,0.0556,220.93,0.592,2.22,5,50
2017YM,13.57,0.1049,23.57,2.223,0.0383,304.44,0.4308,-12.84,5,5
2017YR26,14.19,0.0705,15.87,2.218,0.033,45.88,0.5009,-4.01,5,50
2017YT25,15.15,0.0996,20.66,2.407,0.1858,348.22,0.1772,-33.3,5,5
2018AA29,14.82,0.0522,10.74,2.428,0.0683,350.83,0.137,-11.35,5,50
2018AB46,14.89,0.0497,10.29,2.413,0.1089,341.81,0.2296,-12.56,5,5
2018AD46,14.59,0.0618,12.86,2.399,0.0429,356.78,0.1959,-10.86,5,5
2018AE46,14.56,0.0833,17.46,2.381,0.0268,368.53,0.1755,-14.04,5,5
2018AF37,14.76,0.0908,19.17,2.365,0.1107,350.1,0.2439,-19.28,5,5
2018AF46,14.97,0.036,7.37,2.439,0.0177,363.26,0.0815,-8.83,5,5
2018AG46,14.63,0.0422,8.67,2.432,0.0483,359.75,0.128,-9.73,5,5
2018AH40,14.64,0.0346,7.09,2.438,0.1457,334.25,0.226,-14.46,5,5
2018AH43,15.18,0.1082,23.98,2.254,0.0396,325.7,0.3757,-15.33,5,5
2018AJ40,14.61,0.0607,12.68,2.392,0.0629,349.4,0.2297,-10.98,5,5
2018AO35,14.95,0.0408,8.33,2.447,0.0837,358.37,0.1067,-11.56,5,5
2018AO75,14.57,0.067,14.73,2.272,0.0192,301.29,0.4315,-5.74,5,5
2018AP33,15.06,0.0536,11.19,2.394,0.0896,340.52,0.2544,-11.15,5,5
2018AV40,14.76,0.0876,18.5,2.366,0.0638,347.33,0.2204,-15.44,5,50
2018AW27,14.84,0.0757,15.68,2.412,0.0619,370.94,0.1121,-14.8,5,5
2018AZ28,15.1,0.0435,8.81,2.467,0.1122,359.41,0.0283,-14.39,5,5
2018AZ30,14.92,0.1116,23.92,2.33,0.0462,273.06,0.2036,-20.22,5,50
2018BF44,14.57,0.114,26.1,2.182,0.0291,290.61,0.465,-13.5,5,5
2018BG26,14.8,0.0501,10.55,2.369,0.0323,337.11,0.2887,-7.53,5,5
2018BJ26,15.22,0.1278,28.11,2.271,0.0083,362.25,0.257,-22.92,5,5
2018BJ27,14.75,0.0521,11.03,2.358,0.0557,330.55,0.314,-7.94,5,5
2018BL49,14.67,0.1224,27.33,2.235,0.0354,150.74,0.3526,-19.46,5,50
2018BP24,14.98,0.0845,17.58,2.4,0.0325,379.03,0.0885,-15.34,5,5
2018BT18,14.9,0.0123,2.64,2.317,0.0489,237.42,0.4095,-2.56,5,50
2018BT19,15.09,0.0835,17.35,2.403,0.0735,371.63,0.1256,-16.75,5,5
2018BU18,14.88,0.0552,11.34,2.429,0.0809,358.88,0.142,-12.55,5,5
2018BV49,14.41,0.0906,20.45,2.214,0.0385,160.54,0.4765,-8.07,5,50
2018BW11,14.85,0.016,3.29,2.422,0.0643,344.8,0.2093,-7.72,5,5
2018BW24,15.06,0.0925,19.7,2.343,0.0492,355.6,0.2555,-15.21,5,5
2018BW49,14.77,0.1051,25.77,2.037,0.0481,194.24,0.6498,-4.52,5,5
2018CA24,14.8,0.0478,9.77,2.443,0.0883,358.85,0.1143,-12.48,5,5
2018CB24,14.98,0.0549,11.55,2.372,0.013,341.84,0.2735,-8.02,5,5
2018CC32,14.58,0.047,10.63,2.207,0.0391,140.46,0.5363,-0.4,5,50
2018CC35,14.92,0.0868,18.75,2.312,0.0662,330.71,0.3388,-12.99,5,5
2018CQ18,14.44,0.0921,20.71,2.222,0.0454,232.81,0.4627,-9.08,5,50
2018CW19,15.24,0.0484,9.85,2.453,0.1858,330.6,0.2145,-20.93,5,50
2018CY19,14.6,0.0527,11.87,2.218,0.0635,263.67,0.5199,-2.31,5,50
2018CY31,14.84,0.0547,11.61,2.354,0.0654,328.43,0.3218,-8.46,5,5
2018CY34,14.42,0.0465,9.8,2.367,0.0826,327.36,0.3141,-8.65,5,5
2018CZ19,14.89,0.0836,17.33,2.41,0.0542,380.06,0.0373,-16.32,5,5
2018DF7,14.57,0.0378,8.38,2.251,0.0322,279.94,0.4886,-1.29,5,5
2018DU6,14.86,0.0533,10.97,2.425,0.0717,357.81,0.1547,-11.64,5,5
2018EN17,15.03,0.0676,14.16,2.384,0.0447,353.57,0.2249,-11.25,5,5
2018ER13,14.89,0.0913,19.76,2.307,0.0588,333.68,0.3346,-13.56,5,5
2018ES4,14.83,0.1071,22.66,2.362,0.0622,359.77,0.1329,-21.04,5,50
2018EY18,14.8,0.065,14.18,2.288,0.0268,307.32,0.4114,-6.18,5,5
2018FA67,14.8,0.0447,9.54,2.339,0.0252,321.58,0.3518,-5.47,5,5
2018FG60,14.48,0.0699,15.66,2.23,0.0311,281.84,0.486,-4.67,5,5
2018FG66,14.85,0.0673,13.89,2.419,0.081,363.35,0.1382,-14.07,5,50
2018FK66,14.7,0.0818,18.33,2.229,0.033,53.58,0.468,-7.0,5,50
2018FN9,14.81,0.1086,24.65,2.199,0.0607,292.22,0.456,-13.7,5,5
2018FS6,14.96,0.0202,4.04,2.468,0.1407,351.44,0.0109,-19.27,5,5
2018FX34,14.29,0.0402,9.33,2.153,0.1182,232.3,0.5941,-1.47,5,50
2018FX53,14.41,0.0867,19.67,2.202,0.0283,277.44,0.4976,-6.8,5,5
2018FY34,14.57,0.0971,21.92,2.212,0.0362,140.92,0.4644,-9.83,5,50
2018LC25,14.81,0.025,5.14,2.431,0.0293,355.34,0.1495,-7.75,4,5
2018LD40,15.09,0.0864,18.03,2.393,0.047,375.22,0.1276,-15.88,4,5
2018LH32,15.16,0.05,10.34,2.414,0.0332,357.46,0.1713,-9.52,4,5
2018LH40,14.62,0.1139,24.62,2.31,0.0385,190.76,0.2411,-19.74,4,50
2018LJ32,15.09,0.0639,13.72,2.327,0.07,320.94,0.3558,-9.01,4,5
2018LK26,14.97,0.0268,5.46,2.452,0.0827,355.5,0.1128,-10.39,4,5
2018LK32,15.0,0.0797,16.58,2.401,0.0466,372.29,0.127,-14.62,4,5
2018LL24,14.57,0.0575,12.84,2.236,0.054,278.04,0.4922,-3.55,4,5
2018LL32,15.02,0.0786,16.34,2.402,0.0455,371.64,0.1293,-14.36,4,5
2018LO22,14.98,0.0873,18.81,2.318,0.0498,336.6,0.3234,-12.68,4,5
2018LR24,14.55,0.0153,3.21,2.381,0.0545,328.92,0.3015,-5.6,4,5
2018LS39,15.0,0.0597,12.78,2.331,0.0699,320.02,0.3567,-8.42,4,5
2018LT25,14.34,0.0462,9.92,2.326,0.0744,311.38,0.3805,-6.54,4,5
2018LU34,15.06,0.0665,13.81,2.406,0.0367,364.07,0.1578,-11.83,4,5
2018LU35,14.52,0.1129,24.81,2.273,0.058,325.96,0.3266,-18.6,4,50
2018LV29,15.0,0.0776,16.13,2.404,0.0508,370.95,0.1289,-14.44,4,5
2018LZ21,14.56,0.1022,22.41,2.278,0.0303,333.35,0.351,-14.37,4,5
2018LZ35,15.02,0.0962,20.26,2.373,0.0509,300.34,0.1541,-17.49,4,50
2018LZ40,15.11,0.0996,21.36,2.328,0.0364,357.81,0.2613,-16.1,4,5
2018MA27,15.13,0.0868,18.09,2.397,0.0211,381.27,0.0808,-15.57,4,5
2018MB18,14.93,0.0437,9.12,2.392,0.1046,331.81,0.2803,-10.57,4,5
2018MD16,15.02,0.1038,22.19,2.335,0.0679,358.0,0.2374,-18.89,4,50
2018ME23,14.72,0.0621,13.03,2.378,0.0612,344.3,0.2591,-10.53,4,5
2018MF15,15.04,0.0654,13.53,2.414,0.0738,360.55,0.1603,-13.28,4,5
2018MG18,15.04,0.0631,13.72,2.298,0.0881,304.58,0.4058,-8.55,4,5
2018MG38,15.19,0.0792,16.44,2.407,0.0275,377.42,0.0801,-14.33,4,5
2018MH13,15.11,0.0423,8.5,2.489,0.1645,347.77,0.0852,-19.22,4,50
2018MK13,14.78,0.0422,9.12,2.31,0.0549,305.51,0.4049,-4.69,4,5
2018ML24,14.92,0.0523,10.89,2.401,0.036,352.32,0.2097,-9.3,4,5
2018MM22,14.88,0.0673,14.34,2.343,0.0829,327.67,0.3282,-10.91,4,5
2018MN17,14.87,0.0509,10.55,2.41,0.0392,355.14,0.1878,-9.56,4,5
2018MN27,14.84,0.081,16.85,2.401,0.0565,372.02,0.1279,-15.3,4,5
2018MP17,14.63,0.113,24.45,2.307,0.0402,211.96,0.2523,-19.41,4,50
2018MQ14,15.01,0.1392,30.29,2.294,0.0536,336.49,0.0468,-31.38,4,50
2018MQ17,14.96,0.0771,16.19,2.377,0.0296,359.93,0.2117,-12.5,4,5
2018MS22,14.64,0.105,22.89,2.29,0.0559,340.73,0.3245,-16.69,4,5
2018MT24,14.85,0.011,2.25,2.435,0.0182,355.1,0.142,-7.13,4,5
2018MU24,14.68,0.0804,17.27,2.326,0.0564,333.74,0.3255,-11.67,4,5
2018MX24,15.14,0.0789,16.42,2.399,0.0124,374.04,0.1218,-13.67,4,5
2018MY24,14.88,0.0864,18.15,2.378,0.0345,369.08,0.1782,-14.79,4,5
2018MZ17,14.6,0.096,21.69,2.208,0.0917,283.23,0.4695,-12.52,4,50
2018NA39,14.81,0.1066,22.55,2.361,0.0521,312.37,0.1292,-20.39,4,50
2018NA71,15.38,0.0371,7.57,2.445,0.0655,359.99,0.0977,-10.3,4,5
2018NB72,15.0,0.0435,9.09,2.387,0.0207,342.85,0.2557,-7.32,4,5
2018ND23,14.88,0.0637,13.14,2.423,0.031,371.09,0.0776,-12.04,4,5
2018ND28,15.12,0.0405,8.43,2.398,0.0441,344.43,0.2391,-7.9,4,5
2018ND44,15.0,0.0495,10.18,2.43,0.0724,357.82,0.1457,-11.37,4,5
2018ND8,15.25,0.1483,32.86,2.253,0.1051,398.09,0.1518,-39.84,4,50
2018NH23,14.61,0.0514,10.51,2.444,0.1075,355.31,0.1354,-14.1,4,5
2018NH43,14.91,0.0343,7.56,2.264,0.0316,284.83,0.4735,-1.49,4,5
2018NH72,14.97,0.0935,21.09,2.213,0.0406,191.12,0.4713,-8.97,4,50
2018NK42,14.88,0.0452,9.31,2.422,0.0346,358.26,0.1548,-9.28,4,5
2018NL22,14.86,0.1221,26.56,2.297,0.1285,351.33,0.2671,-29.69,4,5
2018NN26,14.56,0.0692,14.48,2.388,0.0658,343.37,0.2206,-12.27,4,50
2018NN33,14.88,0.0347,7.14,2.425,0.0294,355.75,0.1593,-8.23,4,5
2018NQ26,15.02,0.0732,15.66,2.335,0.0741,329.55,0.3291,-11.27,4,5
2018NQ28,14.28,0.0759,16.25,2.333,0.0459,334.81,0.3201,-10.62,4,5
2018NQ41,14.9,0.0388,8.04,2.408,0.0585,345.81,0.2238,-8.55,4,5
2018NR21,15.0,0.042,8.61,2.438,0.0898,353.36,0.154,-11.55,4,5
2018NS28,14.44,0.0906,20.23,2.236,0.034,108.9,0.4425,-9.32,4,50
2018NS41,15.15,0.057,11.69,2.432,0.0644,365.12,0.0982,-12.28,4,5
2018NT27,14.94,0.0712,14.72,2.414,0.0667,353.93,0.1264,-13.96,4,50
2018NT28,14.85,0.0883,19.2,2.297,0.0302,328.96,0.3543,-11.45,4,5
2018NU36,15.38,0.0782,17.12,2.282,0.0495,311.27,0.4011,-9.01,4,5
2018NU70,15.15,0.0712,14.81,2.402,0.0439,365.35,0.1579,-12.77,4,5
2018NV28,15.24,0.0816,17.6,2.314,0.0775,326.19,0.3477,-12.26,4,50
2018NV34,14.55,0.0812,17.44,2.324,0.0568,333.62,0.3265,-11.79,4,5
2018NW27,14.97,0.1057,23.01,2.293,0.0491,344.19,0.3157,-16.74,4,5
2018NX34,15.32,0.0503,9.88,2.5,0.21,337.53,0.1019,-26.47,4,50
2018NZ27,15.07,0.109,23.12,2.354,0.0415,224.89,0.1271,-20.56,4,50
2018NZ70,14.98,0.0173,3.12,2.068,0.1551,342.4,0.1342,-15.86,4,5
2018PB56,15.03,0.1272,27.77,2.289,0.0899,368.9,0.2364,-27.19,4,50
2018PC69,15.24,0.1073,22.74,2.355,0.0508,306.43,0.1447,-20.4,4,50
2018PD69,15.01,0.1211,26.73,2.262,0.0527,309.67,0.3152,-20.65,4,50
2018PG54,14.95,0.0932,19.52,2.385,0.0245,382.94,0.0998,-16.8,4,5
2018PG76,14.95,0.0973,20.39,2.383,0.0544,322.67,0.1009,-18.51,4,50
2018PH60,15.09,0.1233,26.58,2.316,0.0293,4.33,0.1577,-23.43,4,50
2018PH66,14.86,0.1235,26.45,2.333,0.0283,4.25,0.0628,-24.37,4,50
2018PN28,15.29,0.1339,28.97,2.312,0.0582,356.69,0.0624,-29.34,4,50
2018PO75,15.2,0.0963,20.2,2.382,0.0138,386.32,0.0839,-17.37,4,5
2018PS72,15.34,0.1094,23.17,2.36,0.0465,274.6,0.1077,-20.95,4,50
2018PV66,15.28,0.0959,20.1,2.383,0.0654,364.17,0.1239,-18.64,4,50
2018PW50,14.56,0.1092,23.84,2.289,0.0215,349.57,0.3074,-16.91,4,5
2018PW59,15.32,0.1372,29.85,2.296,0.0469,289.19,0.0888,-29.71,4,50
2018PX50,15.27,0.1029,21.72,2.366,0.0686,370.1,0.1533,-20.11,4,50
2018PX68,15.15,0.0958,20.17,2.372,0.036,377.45,0.1518,-17.11,4,5
2018PY68,14.73,0.0996,22.22,2.236,0.0392,185.1,0.4233,-11.91,4,50
2018PY73,15.73,0.0795,16.28,2.439,0.1279,366.21,0.0735,-21.13,4,50
2018QZ3,14.9,0.1328,29.14,2.276,0.0396,214.69,0.2122,-26.05,4,50
2019AH84,14.4,0.0438,9.78,2.238,0.0321,275.48,0.5013,-1.35,5,5
2019AN81,14.84,0.1095,24.89,2.196,0.0396,293.32,0.4577,-13.0,5,5
2019CC14,14.23,0.1077,24.93,2.158,0.0157,270.21,0.5116,-10.14,5,5
2019CP18,14.91,0.0663,13.99,2.365,0.0688,336.94,0.281,-10.9,5,50
2019CP2,14.23,0.0658,14.86,2.212,0.0399,160.54,0.5139,-3.25,5,50
2019CS19,14.61,0.0539,11.26,2.391,0.0875,339.93,0.259,-10.95,5,5
2019CU23,14.87,0.0432,9.43,2.285,0.0339,45.45,0.4377,-3.0,5,50
2019CW29,15.32,0.0888,18.72,2.368,0.1134,349.05,0.2438,-19.39,5,50
2019FA17,14.46,0.0634,14.21,2.228,0.0331,277.73,0.4965,-3.52,5,5
2019FB26,15.06,0.0498,10.33,2.406,0.0551,350.61,0.2097,-9.66,5,5
2019FC17,14.7,0.0392,8.94,2.187,0.1096,247.1,0.5608,-2.18,5,5
2019FD35,14.67,0.0152,3.3,2.309,0.0491,236.54,0.4207,-2.35,5,50
2019FF19,14.82,0.0437,9.13,2.388,0.1066,329.61,0.2898,-10.51,5,5
2019FG20,14.51,0.0638,13.61,2.34,0.1003,320.64,0.345,-11.14,5,5
2019FV18,14.64,0.0435,8.96,2.422,0.0347,357.62,0.1568,-9.1,5,5
2019FX16,14.13,0.0991,22.27,2.223,0.0389,297.96,0.4461,-11.1,5,5
2019FY16,15.01,0.0115,2.41,2.298,0.1247,329.26,0.2632,-10.5,5,5
2019FZ16,14.95,0.03,6.15,2.437,0.0775,351.64,0.1613,-9.75,5,5
2019GA111,14.84,0.0263,5.42,2.425,0.0665,347.6,0.1956,-8.49,5,5
2019GA13,14.85,0.0891,18.62,2.389,0.0286,379.05,0.1146,-15.9,5,5
2019GA172,14.71,0.0781,17.82,2.189,0.037,265.4,0.5264,-4.57,5,5
2019GA59,14.53,0.1084,24.63,2.198,0.0292,293.96,0.4577,-12.47,5,5
2019GA86,14.87,0.0675,14.36,2.346,0.0475,335.07,0.3106,-9.62,5,5
2019GA98,14.92,0.0323,6.88,2.342,0.0687,314.37,0.3656,-5.52,5,5
2019GB112,14.53,0.0601,12.73,2.358,0.0302,337.71,0.2958,-8.47,5,5
2019GB121,14.78,0.0434,10.1,2.146,0.0543,211.66,0.6064,1.95,5,50
2019GB174,15.2,0.0474,9.79,2.418,0.0605,353.68,0.1827,-10.07,5,5
2019GB60,14.95,0.081,17.27,2.341,0.0178,345.97,0.2863,-11.51,5,5
2019GB86,15.34,0.0621,12.72,2.44,0.1117,358.83,0.1242,-16.04,5,5
2019GB98,14.23,0.0854,17.98,2.372,0.0709,358.55,0.2193,-15.61,5,5
2019GC174,15.32,0.1107,25.32,2.183,0.0551,270.34,0.4709,-13.26,5,50
2019GC183,15.11,0.0821,17.35,2.364,0.0535,305.39,0.2367,-13.61,5,50
2019GC55,14.62,0.0655,13.81,2.366,0.0672,340.15,0.2804,-10.86,5,5
2019GC93,14.52,0.1097,24.9,2.199,0.007,266.33,0.4535,-12.55,5,5
2019GD10,14.94,0.0616,12.75,2.41,0.018,364.39,0.1472,-10.87,5,5
2019GD112,15.3,0.0451,9.22,2.442,0.0952,355.11,0.1381,-12.42,5,5
2019GD115,15.13,0.0853,18.06,2.358,0.0806,350.14,0.256,-15.25,5,50
2019GD130,15.59,0.031,6.29,2.46,0.1005,355.33,0.0973,-11.99,5,5
2019GD174,14.95,0.0426,9.46,2.249,0.0397,153.2,0.4875,-1.65,5,50
2019GD57,14.89,0.0156,3.28,2.374,0.0679,324.38,0.3187,-5.78,5,5
2019GD60,14.56,0.0349,7.98,2.184,0.037,104.6,0.5703,1.71,5,50
2019GE172,15.06,0.0952,21.37,2.223,0.0564,293.33,0.4541,-10.67,5,5
2019GE6,13.95,0.0115,2.48,2.313,0.049,301.15,0.4159,-2.58,5,5
2019GE72,15.15,0.0421,8.62,2.437,0.075,356.5,0.1394,-10.83,5,5
2019GE75,14.91,0.0234,5.02,2.329,0.0818,305.23,0.3941,-4.91,5,5
2019GF118,14.55,0.1091,24.88,2.19,0.021,290.5,0.4664,-12.15,5,5
2019GF151,14.8,0.0368,7.85,2.34,0.076,313.91,0.3668,-6.17,5,5
2019GF55,14.38,0.0683,15.58,2.19,0.0528,237.29,0.5389,-3.05,5,50
2019GF58,14.55,0.0519,11.27,2.298,0.0923,299.0,0.4192,-7.04,5,5
2019GF75,14.67,0.0328,7.3,2.242,0.0415,165.34,0.503,-0.43,5,50
2019GG117,15.09,0.0756,16.38,2.305,0.0657,318.56,0.3726,-10.1,5,5
2019GG118,14.85,0.0452,9.29,2.431,0.0118,364.39,0.0987,-9.43,5,5
2019GG140,15.14,0.0854,19.05,2.238,0.0302,5.76,0.4478,-8.26,5,50
2019GG144,15.13,0.1021,21.47,2.374,0.0457,386.19,0.1026,-19.44,5,5
2019GG17,14.83,0.0679,15.5,2.187,0.0435,185.03,0.5407,-2.67,5,50
2019GG171,14.51,0.0334,7.76,2.148,0.0436,232.89,0.6095,2.89,5,5
2019GG182,15.49,0.0365,7.4,2.463,0.1047,357.32,0.0723,-12.91,5,5
2019GG75,14.99,0.0815,17.4,2.339,0.0797,337.02,0.3055,-13.58,5,5
2019GG80,14.83,0.0761,16.12,2.359,0.0485,347.64,0.2664,-11.93,5,5
2019GG92,14.79,0.0878,19.01,2.305,0.0279,332.98,0.3408,-11.65,5,5
2019GH114,14.6,0.0897,18.84,2.378,0.0228,374.56,0.1557,-15.45,5,5
2019GH118,14.88,0.0806,17.72,2.272,0.0196,309.68,0.4112,-8.33,5,5
2019GH52,14.49,0.0448,9.26,2.418,0.0643,351.9,0.1891,-9.89,5,5
2019GH69,15.36,0.117,24.89,2.36,0.1017,385.14,0.1145,-26.9,5,50
2019GH81,14.8,0.0543,11.57,2.342,0.0899,319.1,0.35,-9.07,5,5
2019GH84,14.94,0.021,4.62,2.27,0.0711,281.96,0.4741,-1.83,5,50
2019GH92,14.97,0.12,27.53,2.176,0.0405,203.64,0.4561,-15.38,5,50
2019GJ108,14.65,0.0907,19.63,2.307,0.0189,336.98,0.3307,-12.27,5,5
2019GJ114,14.95,0.0915,21.06,2.168,0.0175,262.97,0.5314,-6.24,5,5
2019GJ136,14.95,0.106,22.59,2.343,0.0128,377.79,0.1876,-18.38,5,5
2019GJ52,15.1,0.1052,22.2,2.369,0.0465,272.16,0.1043,-19.82,5,50
2019GJ6,14.38,0.0506,11.14,2.266,0.0734,287.61,0.4607,-4.49,5,50
2019GK11,14.79,0.1059,23.27,2.274,0.0044,190.43,0.3458,-14.95,5,5
2019GK153,15.02,0.1336,29.06,2.297,0.0506,316.29,0.1461,-27.9,5,50
2019GK173,15.29,0.052,11.6,2.236,0.0404,163.69,0.4959,-2.2,5,50
2019GK6,14.21,0.038,8.23,2.303,0.0411,302.34,0.4172,-3.59,5,5
2019GK71,14.82,0.0502,10.44,2.403,0.0524,349.98,0.2153,-9.52,5,5
2019GL113,14.71,0.0706,14.79,2.385,0.0415,356.83,0.213,-11.79,5,5
2019GL14,14.87,0.0372,7.54,2.462,0.1003,358.28,0.0671,-12.67,5,5
2019GL173,14.76,0.0497,11.0,2.257,0.0385,142.86,0.4713,-2.71,5,50
2019GL69,15.02,0.0806,16.77,2.402,0.1031,360.23,0.176,-17.52,5,50
2019GL81,14.8,0.0565,11.95,2.36,0.0823,329.21,0.3136,-9.76,5,5
2019GL98,14.79,0.0168,3.63,2.309,0.0464,219.51,0.4195,-2.35,5,50
2019GM153,14.15,0.0968,21.56,2.242,0.0395,181.07,0.4209,-11.32,5,50
2019GM50,14.64,0.033,7.11,2.319,0.0775,303.84,0.4025,-5.02,5,5
2019GM59,14.79,0.0569,11.75,2.419,0.0638,359.03,0.1589,-11.61,5,5
2019GN146,14.79,0.0578,12.22,2.364,0.091,329.69,0.3086,-10.58,5,5
2019GN170,14.86,0.05,10.56,2.364,0.0837,327.46,0.3157,-9.04,5,5
2019GN58,14.8,0.021,4.29,2.446,0.0421,359.4,0.0913,-8.42,5,5
2019GN59,14.94,0.1027,21.68,2.367,0.0483,285.23,0.1356,-19.0,5,50
2019GO153,15.03,0.0185,3.79,2.408,0.15,328.64,0.2465,-13.43,5,5
2019GO172,15.02,0.0285,6.15,2.31,0.1027,295.42,0.4226,-5.61,5,5
2019GO58,13.88,0.0434,9.3,2.331,0.0443,316.07,0.3694,-5.38,5,5
2019GP172,14.54,0.0504,10.54,2.387,0.0173,346.23,0.2457,-8.11,5,5
2019GP58,14.93,0.0269,5.51,2.434,0.064,335.03,0.159,-8.71,5,50
2019GP59,15.14,0.0786,16.34,2.403,0.0608,369.84,0.1351,-15.03,5,5
2019GP71,15.03,0.0309,6.34,2.435,0.0688,352.78,0.1592,-9.38,5,5
2019GQ150,14.84,0.0238,5.18,2.295,0.0895,290.71,0.4424,-3.98,5,5
2019GQ172,14.82,0.1016,22.93,2.211,0.0311,31.94,0.4548,-10.93,5,50
2019GQ58,14.81,0.037,8.03,2.301,0.0468,224.9,0.421,-3.38,5,50
2019GQ82,14.76,0.0244,5.38,2.263,0.0398,149.77,0.4804,-0.71,5,50
2019GR110,15.31,0.041,8.3,2.47,0.115,358.62,0.0181,-14.39,5,5
2019GR117,15.4,0.0365,7.79,2.341,0.1161,306.78,0.3778,-8.38,5,5
2019GR156,15.37,0.059,12.09,2.436,0.1257,350.48,0.1694,-16.28,5,5
2019GR157,14.83,0.0598,12.53,2.383,0.032,348.9,0.2414,-9.53,5,5
2019GR172,14.95,0.0953,20.42,2.33,0.047,352.32,0.2741,-15.3,5,5
2019GR173,15.27,0.0815,17.51,2.326,0.0224,338.12,0.3173,-10.99,5,5
2019GR49,14.96,0.0481,9.83,2.444,0.1003,356.08,0.1293,-13.21,5,5
2019GR50,15.03,0.0607,12.43,2.441,0.0809,367.69,0.05,-14.04,5,5
2019GR52,14.45,0.0839,18.27,2.294,0.0382,322.67,0.3704,-10.45,5,5
2019GR58,15.16,0.0446,9.41,2.366,0.0827,326.27,0.3176,-8.39,5,5
2019GR74,14.81,0.097,21.16,2.288,0.0255,333.26,0.3479,-13.21,5,5
2019GS103,15.03,0.1538,34.31,2.239,0.0074,385.35,0.0407,-35.29,5,5
2019GS112,14.71,0.0822,18.44,2.226,0.0378,151.31,0.4728,-6.85,5,50
2019GS172,14.6,0.0567,12.61,2.246,0.0366,117.36,0.4805,-3.05,5,50
2019GS174,14.89,0.0721,15.09,2.386,0.0709,353.58,0.2212,-13.22,5,5
2019GS50,14.66,0.0721,15.53,2.319,0.0514,324.51,0.3535,-9.42,5,5
2019GS58,15.05,0.0215,4.91,2.184,0.0563,228.64,0.5756,2.05,5,50
2019GS74,14.93,0.127,29.33,2.162,0.0681,291.48,0.4471,-19.5,5,50
2019GS81,15.03,0.145,31.88,2.271,0.0654,390.68,0.0926,-34.29,5,50
2019GT103,14.76,0.0213,4.63,2.292,0.055,293.02,0.443,-2.32,5,5
2019GT13,15.19,0.0588,12.14,2.418,0.0688,358.75,0.162,-12.07,5,5
2019GT58,14.71,0.0782,16.88,2.314,0.0793,322.51,0.3563,-11.7,5,5
2019GT69,14.67,0.0526,10.99,2.391,0.0606,344.79,0.245,-9.61,5,5
2019GT74,15.29,0.0511,10.79,2.362,0.083,327.39,0.3172,-9.08,5,5
2019GU108,14.63,0.0429,9.24,2.318,0.0047,177.75,0.3881,-4.21,5,5
2019GU150,14.86,0.0422,9.42,2.237,0.0694,272.55,0.5038,-2.29,5,5
2019GU58,14.91,0.0364,8.16,2.231,0.0405,155.72,0.5145,-0.35,5,50
2019GV10,14.83,0.113,25.84,2.185,0.0545,271.73,0.4643,-13.87,5,50
2019GV12,14.97,0.0958,21.51,2.223,0.0263,295.71,0.453,-9.89,5,5
2019GV173,14.86,0.0829,18.54,2.232,0.0405,181.07,0.463,-7.43,5,50
2019GV22,15.6,0.0837,18.94,2.206,0.0335,277.29,0.4976,-6.39,5,5
2019GV68,15.07,0.017,3.53,2.409,0.0449,342.35,0.2332,-6.63,5,5
2019GV74,14.72,0.1336,29.19,2.288,0.0305,22.26,0.1713,-26.49,5,50
2019GV9,14.63,0.0414,8.7,2.375,0.0698,330.94,0.2997,-7.82,5,5
2019GW12,15.51,0.0808,16.84,2.397,0.1125,354.56,0.2011,-18.26,5,5
2019GW13,14.88,0.05,11.1,2.247,0.0454,207.23,0.4861,-2.48,5,50
2019GW132,14.72,0.064,13.44,2.378,0.0205,350.46,0.2414,-9.85,5,5
2019GW150,14.79,0.0338,6.96,2.424,0.0683,349.16,0.1913,-9.11,5,5
2019GW173,15.07,0.0154,3.18,2.419,0.0568,344.47,0.2146,-7.3,5,5
2019GW177,14.98,0.0929,19.44,2.387,0.0202,384.08,0.0865,-16.74,5,5
2019GW59,15.13,0.0731,15.24,2.393,0.0543,308.29,0.1856,-12.89,5,50
2019GW7,13.45,0.0302,6.3,2.396,0.0742,335.5,0.268,-7.84,5,5
2019GW85,14.86,0.0559,11.51,2.424,0.0224,366.75,0.1043,-10.66,5,5
2019GW97,15.3,0.0505,11.43,2.207,0.0381,129.1,0.5334,-0.8,5,50
2019GX111,15.07,0.0545,11.51,2.365,0.0308,337.3,0.292,-7.9,5,5
2019GX118,14.93,0.086,18.26,2.352,0.0353,354.82,0.2523,-13.48,5,5
2019GX13,14.72,0.0432,8.8,2.449,0.1002,355.51,0.1236,-12.75,5,5
2019GX143,15.18,0.0642,13.23,2.422,0.019,372.05,0.071,-11.89,5,5
2019GX157,14.84,0.0255,5.34,2.388,0.0815,329.41,0.2931,-7.44,5,5
2019GX18,13.88,0.0577,12.94,2.225,0.0304,274.46,0.5056,-2.52,5,5
2019GX22,15.0,0.0201,4.13,2.43,0.0716,347.2,0.1906,-8.5,5,5
2019GX85,15.26,0.0988,20.81,2.37,0.0302,4.72,0.1295,-17.48,5,50
2019GX97,15.39,0.0187,3.91,2.395,0.0599,334.75,0.2718,-6.53,5,5
2019GY109,14.65,0.0582,12.7,2.29,0.0205,305.07,0.4167,-5.1,5,5
2019GY150,14.99,0.0969,20.93,2.312,0.0615,342.07,0.3101,-15.52,5,5
2019GY172,14.83,0.0931,20.13,2.309,0.0282,340.39,0.3201,-13.19,5,5
2019GY177,14.82,0.104,23.47,2.215,0.0506,265.16,0.4465,-12.3,5,50
2019GY60,15.14,0.0811,16.95,2.389,0.0236,370.24,0.1582,-13.81,5,5
2019GY71,15.52,0.0419,8.48,2.466,0.1267,353.41,0.1,-15.09,5,5
2019GY74,14.4,0.0771,17.08,2.255,0.0153,298.95,0.4415,-6.84,5,5
2019GZ13,14.92,0.0946,19.92,2.373,0.0134,378.4,0.1473,-16.38,5,5
2019GZ14,14.92,0.0371,7.87,2.355,0.0191,326.27,0.3292,-5.28,5,5
2019GZ82,15.03,0.0156,3.22,2.42,0.0879,339.0,0.2333,-8.54,5,5
2019GZ93,14.76,0.0491,10.1,2.429,0.025,364.43,0.1074,-9.94,5,5
2019GZ97,15.26,0.1004,21.23,2.361,0.0685,367.34,0.1784,-19.31,5,50
2019HC11,14.93,0.0484,9.96,2.43,0.0909,353.23,0.1671,-12.0,5,50
2019HH9,14.42,0.0339,7.46,2.271,0.133,276.75,0.4714,-6.68,5,5
2019HM13,14.82,0.0273,5.67,2.404,0.0276,343.99,0.2339,-6.65,5,5
2019HM14,15.03,0.0695,15.48,2.24,0.0369,130.0,0.4721,-5.07,5,50
2019HO14,14.87,0.0522,11.58,2.251,0.0247,284.49,0.4779,-2.74,5,5
2019HV10,14.8,0.0482,10.06,2.392,0.029,346.72,0.2387,-8.22,5,5
2019HV11,14.97,0.0619,12.86,2.402,0.035,359.16,0.1829,-10.81,5,5
2019HY10,15.25,0.1217,25.84,2.358,0.1013,395.06,0.0391,-29.44,5,50
2019JE140,14.87,0.0406,9.01,2.25,0.0714,277.39,0.4897,-2.56,5,50
2019JU137,14.88,0.0814,18.48,2.199,0.0289,272.98,0.5087,-5.55,5,5
2019JX120,14.7,0.1151,26.28,2.188,0.0553,279.99,0.4535,-14.89,5,50
2019JZ5,13.59,0.0097,1.49,0.755,0.0303,251.48,0.5666,2.5,4,5
2019KC5,14.3,0.041,8.77,2.336,0.1515,298.4,0.3908,-11.55,4,5
2019KG5,13.22,0.0423,9.75,2.165,0.0734,240.58,0.5859,0.58,4,50
2019KG6,14.29,0.0615,14.27,2.154,0.0302,4.25,0.5845,0.11,4,50
2019KH6,14.31,0.0746,16.63,2.24,0.0934,283.88,0.4682,-8.44,4,50
2019KL3,14.65,0.0211,4.49,2.351,0.1007,310.57,0.366,-6.65,5,5
2019KO3,14.55,0.0744,16.04,2.316,0.1098,314.9,0.367,-12.93,5,5
2019KR4,14.48,0.11,25.01,2.196,0.0301,294.21,0.457,-12.86,5,5
2019KS4,13.96,0.0456,9.75,2.336,0.0773,314.86,0.3664,-7.0,5,5
2019KT26,14.57,0.0507,11.24,2.251,0.0721,280.87,0.4804,-3.95,4,5
2019KU6,14.04,0.0188,4.24,2.217,0.0373,261.85,0.5376,1.21,4,5
2019KY4,14.75,0.002,1.45,0.09,0.099,260.26,0.5321,-0.93,4,50
2019KY50,14.61,0.0591,13.33,2.213,0.053,242.11,0.5199,-2.56,4,50
2019KZ6,14.34,0.1147,26.01,2.203,0.046,245.51,0.4349,-14.99,5,50
2019LA27,15.06,0.0951,20.78,2.286,0.0278,329.94,0.3565,-12.63,4,5
2019LC27,14.79,0.0336,7.26,2.309,0.0452,212.61,0.4105,-3.37,4,50
2019LH,13.39,0.0216,4.85,2.228,0.0479,210.54,0.5245,0.56,4,50
2019LM19,14.24,0.0562,11.93,2.355,0.0972,323.72,0.3295,-10.3,4,5
2019LM6,14.3,0.0706,15.18,2.321,0.0747,321.32,0.3572,-10.18,4,5
2019LN29,14.89,0.0242,5.1,2.372,0.0259,329.47,0.308,-5.05,4,5
2019LN6,14.42,0.093,20.53,2.262,0.03,314.63,0.401,-11.04,4,5
2019LO6,15.12,0.0514,11.35,2.26,0.0525,286.54,0.4682,-3.64,4,5
2019LP17,14.89,0.0335,7.4,2.261,0.1322,272.98,0.4831,-6.19,4,5
2019LS6,14.62,0.0778,17.36,2.239,0.0746,287.37,0.4646,-7.91,4,50
2019LT3,14.17,0.079,17.46,2.261,0.0314,302.8,0.4298,-7.79,4,5
2019LU6,15.0,0.038,8.7,2.178,0.0326,14.41,0.5764,1.84,4,50
2019LX29,14.75,0.0144,3.09,2.319,0.0703,301.72,0.4089,-3.62,4,5
2019ME15,14.76,0.0675,13.95,2.416,0.0574,366.61,0.1274,-13.1,4,5
2019MF28,15.23,0.0976,20.49,2.378,0.0609,355.05,0.1281,-18.73,4,50
2019MG27,15.7,0.0552,11.35,2.427,0.1378,340.82,0.2155,-16.15,4,5
2019MH15,14.89,0.0403,8.45,2.384,0.0785,332.89,0.2862,-8.46,4,5
2019MJ33,14.94,0.0462,9.56,2.414,0.092,344.83,0.2198,-11.12,4,5
2019MK3,13.82,0.0637,13.48,2.359,0.0355,339.54,0.2904,-9.16,5,5
2019MM28,15.36,0.0823,17.14,2.397,0.0387,373.95,0.1269,-14.79,4,5
2019MN12,15.01,0.1218,26.11,2.33,0.0415,233.96,0.1234,-23.93,4,50
2019MN27,15.29,0.1201,26.09,2.299,0.0224,374.73,0.2335,-21.4,4,5
2019MN29,15.56,0.068,14.02,2.422,0.0769,365.36,0.1233,-14.3,4,5
2019MO15,15.08,0.0919,20.01,2.293,0.044,328.9,0.3548,-12.54,4,5
2019MO27,14.97,0.1139,24.19,2.352,0.0367,394.67,0.0975,-22.12,4,5
2019MP27,14.92,0.0378,7.82,2.413,0.0241,351.86,0.1948,-7.9,4,5
2019MQ19,15.38,0.066,13.42,2.465,0.1999,336.01,0.1781,-26.46,4,50
2019MT19,14.76,0.0613,13.12,2.332,0.0799,319.69,0.3554,-9.2,4,5
2019MT24,15.14,0.1012,21.39,2.362,0.0565,334.08,0.1693,-18.68,4,50
2019MT25,14.78,0.0779,16.45,2.365,0.0675,344.18,0.2561,-13.02,4,50
2019MT27,15.25,0.1059,22.39,2.362,0.0489,293.11,0.1288,-19.98,4,50
2019MU17,15.32,0.1423,31.31,2.271,0.0637,381.95,0.1461,-32.19,4,50
2019MU24,14.7,0.0573,12.01,2.381,0.0131,347.75,0.2487,-8.81,4,5
2019MV16,15.33,0.1526,33.96,2.245,0.0365,162.32,0.034,-35.42,4,50
2019MW17,14.44,0.0473,10.06,2.346,0.0129,326.03,0.3364,-5.9,4,5
2019MW19,15.44,0.0862,18.56,2.319,0.0561,335.62,0.3241,-12.74,4,5
2019NA1,14.43,0.002,0.96,0.085,0.0538,267.04,0.3954,-2.97,5,50
2019NA52,15.26,0.0285,5.81,2.448,0.0709,357.04,0.1103,-9.85,4,5
2019NA59,14.34,0.0912,20.52,2.22,0.0151,290.69,0.466,-8.43,4,5
2019NA78,15.04,0.1097,23.25,2.357,0.024,391.65,0.1074,-20.51,4,5
2019NA79,14.74,0.093,19.49,2.383,0.043,378.64,0.1284,-17.03,4,5
2019NA87,15.01,0.0948,19.88,2.38,0.0482,378.89,0.1314,-17.65,4,5
2019NB10,15.12,0.0181,3.69,2.45,0.0744,354.68,0.1197,-9.43,4,5
2019NB21,14.83,0.0783,17.67,2.211,0.063,271.23,0.4977,-6.53,4,50
2019NB48,14.92,0.0356,7.31,2.429,0.0359,356.82,0.1487,-8.57,4,5
2019NB52,15.16,0.0646,13.18,2.448,0.1093,364.7,0.0595,-16.73,4,5
2019NB74,15.06,0.0791,16.98,2.327,0.0559,333.37,0.3258,-11.41,4,5
2019NB79,15.27,0.0991,20.86,2.373,0.0394,381.93,0.1298,-18.22,4,5
2019NB91,15.21,0.078,16.21,2.404,0.0521,371.15,0.1273,-14.57,4,5
2019NC48,14.77,0.0727,15.24,2.383,0.0297,358.8,0.2091,-11.83,4,5
2019NC53,14.52,0.0305,6.29,2.422,0.0698,347.13,0.2018,-8.82,4,5
2019NC78,15.06,0.1191,25.5,2.335,0.0708,381.63,0.1538,-24.62,4,50
2019NC79,15.53,0.0752,15.56,2.416,0.0839,366.82,0.1273,-15.93,4,5
2019ND11,15.07,0.0222,4.97,2.228,0.0489,216.45,0.5254,0.54,4,50
2019ND42,15.04,0.0804,17.33,2.316,0.0313,331.62,0.3386,-10.47,4,5
2019ND52,14.87,0.0627,13.34,2.345,0.112,319.59,0.3423,-11.91,4,5
2019ND6,14.7,0.0997,22.86,2.178,0.0182,274.28,0.5052,-8.76,4,5
2019ND79,14.62,0.077,16.93,2.27,0.0523,269.99,0.4212,-8.16,4,50
2019ND89,15.37,0.0255,5.24,2.43,0.0299,354.9,0.1538,-7.74,4,5
2019ND9,14.89,0.0353,7.27,2.426,0.0314,356.05,0.157,-8.35,4,5
2019ND92,15.05,0.0058,0.99,0.198,0.0358,81.69,0.4744,-0.27,4,50
2019NF48,14.19,0.0602,13.07,2.3,0.0604,307.64,0.4028,-6.82,4,5
2019NF53,14.88,0.0534,11.53,2.311,0.1041,303.08,0.4015,-8.5,4,5
2019NG11,14.9,0.0534,11.5,2.319,0.0472,314.63,0.3788,-6.2,4,5
2019NG48,15.08,0.0964,20.23,2.379,0.0573,337.46,0.1311,-18.25,4,50
2019NG51,14.69,0.044,9.2,2.387,0.0676,337.59,0.2708,-8.55,4,5
2019NG53,15.15,0.0636,13.09,2.427,0.036,372.41,0.0454,-12.31,4,5
2019NH48,14.88,0.0619,13.15,2.35,0.0776,328.65,0.322,-9.97,4,5
2019NH51,15.11,0.0389,7.98,2.435,0.0197,362.81,0.0975,-8.98,4,5
2019NH52,14.94,0.0812,17.43,2.325,0.0553,334.13,0.325,-11.76,4,5
2019NH80,14.59,0.0203,4.55,2.228,0.0475,207.29,0.5255,0.66,4,50
2019NH9,15.1,0.061,12.55,2.428,0.0262,371.78,0.0485,-11.71,4,5
2019NJ51,14.89,0.0389,8.07,2.407,0.0932,338.66,0.2475,-10.01,4,5
2019NJ81,14.98,0.027,6.06,2.226,0.0471,204.84,0.5254,0.37,4,50
2019NJ84,15.07,0.0963,20.2,2.38,0.0603,349.1,0.1293,-18.34,4,50
2019NJ90,15.24,0.086,17.97,2.392,0.0302,376.68,0.1222,-15.28,4,5
2019NK,14.48,0.04,8.83,2.262,0.0398,154.84,0.4734,-1.86,5,50
2019NK43,14.96,0.0441,9.08,2.427,0.0511,358.04,0.1469,-9.8,4,5
2019NK51,14.86,0.0816,16.99,2.399,0.0504,372.62,0.1291,-15.1,4,5
2019NK58,15.28,0.0068,1.59,0.769,0.1638,313.37,0.3128,-12.99,4,5
2019NK72,14.96,0.09,18.83,2.388,0.0496,376.72,0.1285,-16.73,4,5
2019NK74,14.98,0.0321,6.59,2.437,0.0118,361.31,0.1014,-8.37,4,5
2019NK83,15.08,0.121,25.81,2.342,0.0402,214.22,0.0454,-24.37,4,50
2019NK87,14.99,0.1045,22.06,2.366,0.0542,324.65,0.1282,-19.84,4,50
2019NK9,15.11,0.074,15.44,2.393,0.0529,361.87,0.185,-13.19,4,5
2019NL3,14.18,0.0347,7.76,2.237,0.0395,145.38,0.5083,-0.41,5,50
2019NL48,15.13,0.0979,20.56,2.378,0.0628,357.66,0.13,-18.86,4,50
2019NL51,14.71,0.1,21.44,2.33,0.0075,340.16,0.2514,-15.82,4,5
2019NL52,15.64,0.0419,8.54,2.454,0.1024,356.3,0.1083,-12.95,4,5
2019NL53,14.96,0.1104,23.29,2.369,0.0504,303.21,0.032,-21.71,4,50
2019NL58,14.93,0.0654,14.48,2.255,0.0213,292.22,0.4576,-4.77,4,5
2019NM47,14.64,0.0936,21.22,2.202,0.0567,280.54,0.4854,-9.33,4,5
2019NM52,15.01,0.0011,0.7,0.271,0.0607,353.38,0.1365,-8.25,4,5
2019NM74,15.03,0.0158,3.24,2.441,0.0246,357.7,0.1161,-7.61,4,5
2019NM91,15.11,0.0891,19.19,2.32,0.0607,337.94,0.3171,-13.68,4,5
2019NM93,14.94,0.0532,11.75,2.263,0.0582,288.42,0.4615,-4.23,4,5
2019NN11,14.89,0.0822,17.15,2.394,0.0482,370.96,0.1464,-14.93,4,5
2019NN47,14.67,0.071,14.78,2.399,0.1437,337.3,0.2495,-18.63,4,5
2019NN58,15.08,0.0945,20.19,2.337,0.0945,346.39,0.278,-17.92,4,50
2019NN73,15.2,0.0848,18.44,2.296,0.0548,322.51,0.3679,-11.25,4,5
2019NN85,15.17,0.0572,11.97,2.387,0.0049,220.24,0.2313,-9.02,4,5
2019NO51,14.87,0.0095,1.8,1.489,0.1356,336.97,0.2048,-12.55,4,5
2019NO58,15.03,0.1274,27.73,2.294,0.0653,368.28,0.2115,-25.96,4,50
2019NO74,14.99,0.0294,6.04,2.43,0.0318,355.87,0.1497,-8.05,4,5
2019NO78,15.34,0.0787,16.37,2.401,0.0434,371.71,0.1305,-14.3,4,5
2019NO93,15.24,0.1082,23.0,2.349,0.0172,385.2,0.151,-19.51,4,5
2019NP52,15.25,0.0679,14.01,2.419,0.0192,373.87,0.0641,-12.46,4,5
2019NP58,15.2,0.0454,9.59,2.362,0.0648,327.64,0.3188,-7.52,4,5
2019NP78,15.21,0.052,10.64,2.441,0.0712,364.57,0.076,-12.2,4,5
2019NP89,15.09,0.0611,12.99,2.349,0.08,327.24,0.3262,-9.91,4,5
2019NP9,15.05,0.0614,12.65,2.426,0.0658,365.04,0.1145,-12.79,4,5
2019NQ44,14.97,0.0298,6.16,2.417,0.0502,347.93,0.2044,-7.89,4,5
2019NQ58,15.01,0.0455,9.33,2.438,0.0422,364.86,0.0777,-10.24,4,5
2019NQ72,14.96,0.0247,5.02,2.452,0.0559,360.56,0.065,-9.26,4,5
2019NQ78,15.04,0.1184,25.82,2.291,0.0213,366.03,0.2633,-20.29,4,5
2019NR47,15.07,0.1016,22.06,2.3,0.0622,340.83,0.3188,-16.37,4,5
2019NR58,14.58,0.0778,16.16,2.403,0.0477,371.05,0.1303,-14.3,4,5
2019NR74,14.6,0.1031,21.82,2.361,0.0287,4.25,0.1395,-18.25,4,50
2019NR79,14.73,0.0605,12.96,2.332,0.0734,320.35,0.3543,-8.76,4,5
2019NS47,15.42,0.0338,6.8,2.48,0.1298,354.53,0.0388,-15.05,4,5
2019NS52,15.09,0.0607,12.43,2.441,0.1281,352.8,0.1514,-17.02,4,5
2019NS58,14.75,0.031,6.58,2.353,0.1287,307.25,0.3681,-9.25,4,5
2019NS71,15.13,0.0719,14.82,2.422,0.06,372.67,0.0717,-14.37,4,5
2019NS78,15.31,0.0186,3.79,2.45,0.0151,362.95,0.0217,-8.07,4,5
2019NS79,14.79,0.0917,19.95,2.297,0.0754,326.14,0.3546,-14.05,4,5
2019NS88,14.99,0.057,11.84,2.402,0.0319,356.05,0.195,-9.94,4,5
2019NT51,15.21,0.0228,4.62,2.462,0.1025,353.86,0.1026,-11.42,4,50
2019NT53,14.83,0.0955,20.18,2.363,0.033,52.09,0.1766,-16.36,4,50
2019NT58,14.91,0.0838,18.17,2.304,0.0294,328.28,0.3533,-10.65,4,5
2019NT71,15.05,0.1103,23.42,2.353,0.0457,387.52,0.1322,-21.21,4,5
2019NT78,14.43,0.0472,10.16,2.317,0.0443,311.46,0.3879,-5.24,4,5
2019NT79,15.29,0.0466,9.89,2.352,0.0777,321.8,0.3396,-7.78,4,5
2019NU51,14.59,0.1242,26.99,2.3,0.0659,368.98,0.2181,-24.62,4,50
2019NU53,15.1,0.0495,9.95,2.485,0.1899,339.14,0.1402,-22.86,4,50
2019NU58,14.65,0.0143,2.96,2.41,0.0427,342.6,0.2312,-6.51,4,5
2019NU6,14.89,0.0632,14.42,2.189,0.0543,258.23,0.5433,-2.48,5,5
2019NU78,15.1,0.0569,11.68,2.433,0.0476,368.75,0.0608,-11.77,4,5
2019NU89,15.28,0.0463,9.86,2.343,0.066,319.82,0.3512,-6.91,4,5
2019NV47,14.62,0.1019,21.68,2.347,0.0488,369.68,0.2087,-18.11,4,5
2019NV58,14.93,0.0484,10.04,2.407,0.0366,353.08,0.1984,-9.07,4,5
2019NV71,14.95,0.0363,7.42,2.443,0.0227,364.75,0.0526,-9.09,4,5
2019NV78,15.11,0.0677,14.35,2.357,0.0326,21.28,0.2838,-9.49,4,50
2019NV79,15.18,0.0742,15.33,2.418,0.0936,364.78,0.1332,-16.18,4,50
2019NW47,14.84,0.1046,22.34,2.338,0.0597,366.47,0.2253,-19.05,4,5
2019NW51,14.51,0.0333,7.39,2.248,0.0729,275.2,0.4958,-1.91,4,50
2019NW53,15.21,0.0077,1.63,2.394,0.0474,346.44,0.2023,-6.97,4,5
2019NW58,15.39,0.0745,15.47,2.406,0.0472,369.84,0.1295,-13.75,4,5
2019NW71,15.26,0.0078,1.65,1.987,0.1028,347.81,0.1534,-10.57,4,5
2019NW78,14.84,0.0378,8.0,2.358,0.0427,326.09,0.3266,-5.88,4,5
2019NW79,15.17,0.0503,10.56,2.376,0.0651,336.07,0.2824,-8.78,4,5
2019NX,13.97,0.0338,7.56,2.231,0.0938,265.7,0.5169,-2.42,5,5
2019NX48,14.77,0.0274,5.6,2.445,0.0518,283.09,0.0925,-8.86,4,50
2019NX52,14.84,0.0414,8.53,2.425,0.0232,358.68,0.1452,-8.78,4,5
2019NX58,14.74,0.0321,6.59,2.43,0.0413,355.43,0.1536,-8.43,4,5
2019NX71,14.52,0.1215,26.11,2.326,0.0361,149.69,0.1422,-23.26,4,50
2019NX78,15.25,0.0297,6.12,2.429,0.0251,355.99,0.1511,-7.92,4,5
2019NX91,15.26,0.057,11.7,2.435,0.0453,370.16,0.0255,-11.82,4,5
2019NY58,14.71,0.064,14.25,2.244,0.0333,285.76,0.4744,-4.32,4,5
2019NY77,15.07,0.0507,10.56,2.396,0.0921,339.54,0.2549,-10.96,4,5
2019NY78,14.95,0.0255,5.45,2.331,0.1072,302.35,0.3957,-6.5,4,5
2019NZ10,14.69,0.0388,8.09,2.396,0.0405,343.07,0.2461,-7.53,4,5
2019NZ58,14.63,0.084,17.9,2.343,0.023,349.5,0.2749,-12.37,4,5
2019NZ78,14.96,0.0009,0.72,0.169,0.0568,355.98,0.11,-8.34,4,5
2019NZ80,15.2,0.1005,21.53,2.331,0.0197,361.83,0.2493,-16.11,4,5
2019OA32,14.67,0.0714,15.34,2.325,0.0658,325.35,0.3461,-10.12,4,5
2019OA39,14.65,0.0865,19.31,2.239,0.0471,240.31,0.4494,-8.53,4,50
2019OA40,15.22,0.0473,9.69,2.436,0.0482,364.02,0.0919,-10.52,4,5
2019OA46,15.11,0.0777,16.19,2.397,0.039,369.25,0.1497,-13.75,4,5
2019OB32,14.52,0.0227,5.08,2.228,0.0486,214.55,0.5246,0.5,4,50
2019OB39,14.85,0.0371,8.63,2.147,0.0296,233.28,0.6096,2.93,4,5
2019OB7,15.12,0.0643,13.25,2.423,0.0721,364.2,0.127,-13.42,4,5
2019OC28,14.39,0.1005,22.01,2.279,0.0286,331.89,0.3545,-13.86,4,5
2019OC39,15.11,0.0618,12.8,2.409,0.0291,363.15,0.1551,-11.01,4,5
2019OC43,15.1,0.0522,10.95,2.379,0.0457,341.26,0.268,-8.55,4,5
2019OC7,14.95,0.075,15.93,2.35,0.0579,340.87,0.2913,-11.61,4,5
2019OC9,15.34,0.0404,8.12,2.489,0.1758,342.48,0.1206,-20.03,4,50
2019OD29,14.99,0.0714,14.87,2.397,0.0385,363.74,0.1723,-12.42,4,5
2019OD32,15.02,0.1001,22.81,2.191,0.0158,282.43,0.486,-9.47,4,5
2019OE3,13.99,0.1101,24.88,2.209,0.0457,241.57,0.4362,-13.98,5,50
2019OE32,15.22,0.0235,5.05,2.33,0.1049,302.09,0.3973,-6.2,4,5
2019OE39,14.95,0.0201,4.51,2.23,0.0485,213.37,0.5229,0.55,4,50
2019OF34,15.65,0.019,2.7,0.375,0.213,335.63,0.0458,-24.2,4,50
2019OF39,14.8,0.1042,22.0,2.364,0.0456,263.84,0.1289,-19.45,4,50
2019OG39,14.97,0.0612,13.0,2.351,0.0643,330.74,0.3178,-9.3,4,5
2019OH27,14.89,0.0849,17.71,2.395,0.0457,374.78,0.1264,-15.55,4,5
2019OH32,14.76,0.0779,16.92,2.299,0.0486,319.32,0.3756,-9.64,4,5
2019OH39,15.06,0.067,13.91,2.406,0.0383,364.48,0.1553,-11.98,4,5
2019OK39,15.34,0.054,10.99,2.452,0.1056,360.72,0.0818,-14.77,4,5
2019OL33,14.88,0.04,8.15,2.451,0.0739,362.06,0.061,-11.22,4,5
2019OL36,15.33,0.0955,20.0,2.384,0.0254,385.46,0.0842,-17.41,4,5
2019OL39,14.55,0.0663,14.18,2.335,0.1121,317.97,0.3518,-12.07,4,50
2019OM39,15.13,0.0605,12.54,2.411,0.0366,362.46,0.1548,-11.05,4,5
2019ON39,14.76,0.0574,12.2,2.35,0.0783,325.96,0.3292,-9.26,4,5
2019OO39,15.34,0.0813,16.83,2.412,0.0545,378.29,0.0524,-15.83,4,5
2019OO42,15.22,0.0673,13.96,2.407,0.0427,364.43,0.1545,-12.17,4,5
2019OP28,14.35,0.0332,6.96,2.384,0.0471,335.11,0.2817,-6.64,4,5
2019OP39,15.22,0.1021,21.53,2.369,0.0518,307.38,0.1329,-19.12,4,50
2019OP7,15.24,0.0236,4.79,2.462,0.085,358.08,0.0619,-10.72,4,5
2019OQ17,14.76,0.065,15.32,2.124,0.0488,189.67,0.6164,0.73,4,50
2019OQ39,15.17,0.0806,16.73,2.405,0.0658,371.19,0.1257,-15.73,4,5
2019OR26,14.49,0.0102,2.12,2.409,0.0328,342.68,0.2318,-6.14,4,5
2019OR27,15.07,0.0381,7.85,2.426,0.0391,356.37,0.1579,-8.78,4,5
2019OS26,14.72,0.0452,9.52,2.368,0.0188,334.84,0.2968,-6.64,4,5
2019OS27,14.83,0.0969,21.59,2.242,0.048,255.73,0.4233,-11.47,4,50
2019OT26,14.93,0.0188,4.2,2.231,0.0886,264.33,0.5221,-1.19,4,5
2019OT32,14.72,0.0639,13.28,2.402,0.0751,353.8,0.2026,-12.53,4,5
2019OU27,14.64,0.0319,6.66,2.389,0.0716,333.2,0.282,-7.55,4,5
2019OU9,15.36,0.0709,14.69,2.41,0.0556,317.65,0.131,-13.29,4,50
2019OV39,15.19,0.112,24.02,2.328,0.0391,199.37,0.2011,-20.1,4,50
2019OW27,14.74,0.0494,10.21,2.415,0.1002,344.65,0.2188,-12.05,4,5
2019OW34,15.23,0.1259,27.22,2.31,0.0477,289.1,0.1639,-25.12,4,50
2019OW39,14.84,0.0431,9.21,2.339,0.0607,317.41,0.3605,-6.15,4,5
2019OW6,15.0,0.0882,19.01,2.317,0.0546,336.42,0.3235,-13.04,4,5
2019OX26,15.32,0.0243,4.81,2.47,0.1621,346.4,0.0667,-17.65,4,5
2019OX27,14.61,0.0221,4.94,2.23,0.0475,207.2,0.5224,0.49,4,50
2019OX31,14.94,0.0602,12.48,2.411,0.1102,346.75,0.2154,-14.16,4,50
2019OY27,14.82,0.0157,3.51,2.233,0.0477,207.39,0.5206,0.65,4,50
2019OY36,14.86,0.0204,4.59,2.225,0.0485,211.51,0.5296,0.76,4,50
2019OY5,15.55,0.0858,17.85,2.402,0.1201,359.1,0.1771,-20.15,4,50
2019OZ36,14.94,0.1092,23.38,2.333,0.0515,305.77,0.2105,-19.75,4,50
2019OZ38,14.9,0.0883,18.67,2.363,0.0303,4.25,0.2088,-14.21,4,50
2019OZ39,15.32,0.0292,6.17,2.364,0.0938,318.36,0.3393,-7.32,4,5
2019PB68,15.1,0.0334,6.88,2.427,0.0242,356.27,0.1543,-8.1,4,5
2019PB69,15.0,0.0711,14.69,2.418,0.0353,374.12,0.0713,-13.27,4,5
2019PC51,15.51,0.0295,5.87,2.489,0.1792,340.9,0.1126,-19.54,4,50
2019PC69,15.17,0.0547,11.26,2.426,0.038,365.44,0.1082,-10.86,4,5
2019PC71,14.77,0.058,12.12,2.392,0.0333,352.03,0.2213,-9.7,4,5
2019PC76,15.2,0.0726,14.99,2.417,0.1066,359.38,0.1592,-16.65,4,50
2019PD40,15.23,0.0676,14.01,2.41,0.1215,347.11,0.2125,-16.5,4,5
2019PD59,15.26,0.0172,3.48,2.468,0.1196,350.79,0.1017,-12.71,4,5
2019PD64,15.32,0.1119,24.33,2.298,0.057,328.59,0.2834,-19.3,4,50
2019PD68,15.05,0.0825,17.18,2.396,0.0416,373.68,0.1286,-14.92,4,5
2019PD91,15.47,0.0265,5.42,2.447,0.097,349.9,0.1543,-10.85,4,5
2019PE59,14.85,0.1093,23.26,2.347,0.0516,309.99,0.1676,-20.38,4,50
2019PE65,14.92,0.0787,16.35,2.402,0.0424,372.23,0.1261,-14.29,4,5
2019PE69,15.45,0.0217,4.47,2.428,0.0469,350.86,0.1773,-7.73,4,5
2019PF51,15.24,0.1006,22.3,2.252,0.0148,317.3,0.3983,-12.37,4,5
2019PF59,15.31,0.0248,5.2,2.38,0.1518,309.95,0.3407,-11.7,4,5
2019PF68,14.95,0.034,7.02,2.42,0.0431,351.47,0.187,-8.18,4,5
2019PG51,14.81,0.0645,13.88,2.321,0.0555,320.45,0.3622,-8.27,4,5
2019PG68,15.01,0.0635,13.65,2.324,0.0618,320.18,0.3608,-8.44,4,5
2019PH45,14.77,0.0518,10.86,2.382,0.0604,340.28,0.2673,-9.08,4,5
2019PH51,15.16,0.0505,10.42,2.421,0.0405,360.02,0.1489,-10.06,4,5
2019PH68,15.05,0.0398,8.14,2.44,0.0558,360.78,0.1044,-10.02,4,5
2019PH9,15.14,0.0276,5.72,2.409,0.1194,329.68,0.2709,-10.62,4,5
2019PJ34,14.87,0.0793,16.57,2.389,0.0633,362.74,0.1861,-14.55,4,5
2019PJ51,14.89,0.0582,12.01,2.418,0.0721,357.79,0.1655,-12.12,4,5
2019PJ68,14.91,0.068,14.07,2.412,0.0375,368.14,0.1271,-12.41,4,5
2019PK65,14.82,0.1045,21.97,2.374,0.0857,379.55,0.131,-22.36,4,5
2019PK76,14.78,0.052,10.78,2.406,0.0438,353.62,0.1983,-9.67,4,5
2019PK91,14.94,0.0376,7.94,2.364,0.0381,329.07,0.3148,-6.0,4,5
2019PL36,14.69,0.0367,7.55,2.425,0.0282,356.47,0.1565,-8.39,4,5
2019PL45,14.96,0.0596,12.75,2.336,0.0591,323.74,0.3459,-8.2,4,5
2019PL65,15.23,0.0287,5.9,2.429,0.0758,348.39,0.1868,-9.23,4,5
2019PL68,14.61,0.0598,12.73,2.346,0.0443,330.49,0.3232,-8.21,4,5
2019PL69,15.22,0.0122,2.49,2.383,0.107,350.17,0.1264,-11.27,4,5
2019PM56,14.84,0.079,17.4,2.267,0.0437,304.78,0.422,-8.33,4,5
2019PM68,14.89,0.0445,9.35,2.38,0.0483,337.52,0.2782,-7.66,4,5
2019PN65,14.97,0.0491,10.17,2.409,0.0331,354.78,0.1892,-9.18,4,5
2019PN67,15.13,0.1225,26.38,2.324,0.0715,381.63,0.1728,-25.3,4,50
2019PN68,15.11,0.0797,16.84,2.363,0.0216,355.9,0.2392,-12.28,4,5
2019PN70,14.98,0.0139,2.82,2.449,0.0533,357.63,0.098,-8.5,4,5
2019PN76,14.59,0.0529,10.97,2.408,0.082,348.0,0.216,-11.29,4,5
2019PO45,15.08,0.0635,13.06,2.428,0.0506,370.35,0.0698,-12.71,4,5
2019PO64,15.14,0.0436,8.9,2.45,0.0904,358.82,0.0996,-12.33,4,5
2019PO68,15.02,0.0712,15.26,2.331,0.0525,329.61,0.334,-9.81,4,5
2019PP11,15.16,0.0889,18.56,2.392,0.1148,359.32,0.188,-20.11,4,50
2019PP61,14.86,0.0538,11.18,2.402,0.0218,355.17,0.1974,-9.33,4,5
2019PP68,15.04,0.0756,15.7,2.405,0.0428,371.11,0.1245,-13.81,4,5
2019PQ63,15.36,0.0511,10.5,2.429,0.038,364.36,0.1084,-10.45,4,5
2019PQ68,15.07,0.058,11.95,2.422,0.0274,366.77,0.11,-10.96,4,5
2019PR41,15.03,0.0606,12.39,2.442,0.1111,359.05,0.118,-15.82,4,5
2019PR63,14.95,0.056,11.73,2.385,0.0763,340.85,0.2623,-10.46,4,5
2019PR68,14.72,0.0806,16.76,2.401,0.0497,372.57,0.1256,-14.9,4,5
2019PS41,15.1,0.0502,10.28,2.437,0.0296,368.73,0.0293,-10.56,4,5
2019PT41,14.99,0.0482,9.94,2.419,0.0314,358.96,0.1563,-9.48,4,5
2019PT63,15.44,0.0416,8.37,2.481,0.179,338.61,0.1523,-20.32,4,5
2019PT70,14.72,0.0282,5.8,2.429,0.0335,354.93,0.1559,-7.95,4,5
2019PU65,14.88,0.1563,35.4,2.205,0.0072,369.94,0.1698,-34.98,4,5
2019PU70,15.08,0.0898,19.38,2.315,0.0557,336.75,0.3236,-13.41,4,5
2019PU75,15.14,0.1001,21.61,2.314,0.0561,347.77,0.295,-16.31,4,5
2019PV37,14.91,0.0847,17.96,2.356,0.0977,343.58,0.2731,-16.28,4,5
2019PX44,15.04,0.099,20.8,2.376,0.0557,380.44,0.1304,-18.93,4,5
2019PY54,14.41,0.0455,11.34,2.002,0.034,163.97,0.7434,7.87,4,5
2019PZ48,15.13,0.0681,13.9,2.447,0.1378,356.5,0.1208,-19.68,4,5
2019PZ76,15.11,0.1022,21.53,2.371,0.0597,347.57,0.1321,-19.47,4,50
2019PZ90,14.88,0.0654,13.87,2.354,0.0247,339.22,0.2956,-9.04,4,5
2019QA116,15.61,0.0965,20.16,2.39,0.0421,224.38,0.0248,-18.13,4,50
2019QB68,15.73,0.043,8.8,2.44,0.0267,366.08,0.0544,-9.71,4,5
2019QB8,14.39,0.0253,5.67,2.228,0.0477,209.47,0.5238,0.38,4,50
2019QD70,15.1,0.0904,18.91,2.386,0.0463,376.73,0.1313,-16.59,4,5
2019QD71,16.02,0.036,7.32,2.456,0.102,355.81,0.1048,-12.19,4,50
2019QE70,14.91,0.1282,27.58,2.323,0.0284,4.25,0.0459,-25.89,4,50
2019QE79,15.03,0.07,14.49,2.412,0.0543,308.14,0.1277,-13.1,4,50
2019QG89,15.46,0.089,18.66,2.381,0.0311,374.23,0.1529,-15.54,4,5
2019QH79,15.63,0.0258,5.25,2.454,0.0519,362.51,0.0108,-9.32,4,5
2019QL112,15.61,0.0196,3.97,2.462,0.0828,357.77,0.0632,-10.39,4,5
2019QL74,15.41,0.0538,11.02,2.436,0.0577,366.09,0.0783,-11.71,4,5
2019QM115,15.38,0.0789,16.4,2.403,0.0504,371.79,0.1256,-14.64,4,5
2019QM79,15.44,0.0903,18.88,2.387,0.0442,377.14,0.1291,-16.52,4,5
2019QO71,15.52,0.0826,17.2,2.397,0.0435,373.98,0.1256,-15.05,4,5
2019QO74,14.94,0.0166,3.41,2.43,0.0206,353.67,0.1585,-7.13,4,5
2019QP53,15.16,0.0585,12.02,2.428,0.09,358.84,0.1445,-13.35,4,50
2019QP74,15.19,0.0511,10.92,2.338,0.0606,320.45,0.353,-7.09,4,5
2019QQ46,15.03,0.0585,12.0,2.434,0.0937,359.5,0.1314,-13.96,4,5
2019QQ49,15.24,0.0936,19.6,2.384,0.0388,380.91,0.114,-17.16,4,5
2019QQ5,14.23,0.0636,14.59,2.176,0.0315,11.98,0.5585,-1.17,4,50
2019QQ57,15.28,0.1028,21.68,2.37,0.0358,131.83,0.1064,-18.72,4,50
2019QQ74,15.42,0.0659,13.63,2.415,0.049,366.26,0.1312,-12.48,4,5
2019QQ75,15.33,0.0468,9.7,2.41,0.0397,353.25,0.194,-9.07,4,5
2019QR74,15.39,0.0619,12.76,2.42,0.0229,369.05,0.1004,-11.45,4,5
2019QS69,15.29,0.0635,13.22,2.399,0.0378,358.3,0.1912,-10.99,4,5
2019QS72,14.95,0.0478,10.4,2.296,0.067,300.04,0.4223,-5.2,4,5
2019QS89,15.33,0.0685,14.16,2.416,0.0075,345.53,0.0823,-12.3,4,5
2019QT60,15.18,0.0386,7.93,2.429,0.0492,356.36,0.1521,-9.19,4,5
2019QT75,15.38,0.0655,13.49,2.424,0.0208,374.05,0.036,-12.25,4,5
2019QT93,15.69,0.0801,16.66,2.402,0.0532,371.86,0.1279,-14.97,4,5
2019QU49,15.4,0.0782,16.24,2.405,0.0561,371.08,0.1259,-14.8,4,5
2019QU5,14.05,0.0581,13.22,2.195,0.0507,224.58,0.5412,-1.71,4,50
2019QU94,15.56,0.0348,7.08,2.454,0.093,356.36,0.1041,-11.68,4,5
2019QV93,15.35,0.0884,18.48,2.39,0.048,376.15,0.1272,-16.32,4,5
2019QW40,15.65,0.0354,7.26,2.437,0.1209,341.66,0.2039,-12.6,4,5
2019QW74,15.31,0.0688,14.22,2.416,0.061,366.8,0.1271,-13.48,4,5
2019QW79,15.04,0.0492,10.11,2.429,0.0415,363.01,0.1157,-10.29,4,5
2019QX49,15.32,0.0841,17.53,2.395,0.0425,374.42,0.128,-15.26,4,5
2019QX55,15.16,0.1251,26.78,2.332,0.0329,71.17,0.0187,-25.16,4,50
2019QY49,15.2,0.1475,32.88,2.241,0.0271,4.25,0.1711,-31.26,4,50
2019QZ48,14.97,0.0439,9.11,2.406,0.0549,347.82,0.2196,-8.93,4,5
2019QZ77,15.22,0.0746,15.48,2.407,0.0487,370.23,0.1253,-13.87,4,5
2019RA70,15.35,0.1496,33.14,2.255,0.045,422.73,0.0771,-34.81,4,5
2019RB81,15.31,0.0592,12.16,2.433,0.0579,368.2,0.0716,-12.44,4,5
2019RB83,15.12,0.0679,14.13,2.4,0.0583,359.0,0.1872,-12.47,4,5
2019RC72,15.09,0.1043,22.02,2.365,0.0524,313.06,0.1291,-19.85,4,50
2019RD57,15.32,0.0658,13.42,2.448,0.1559,348.95,0.1542,-21.12,4,50
2019RD77,14.96,0.0691,14.33,2.407,0.0465,365.73,0.1472,-12.66,4,5
2019RE57,15.23,0.1022,21.58,2.365,0.0868,371.05,0.1798,-20.84,4,50
2019RF77,14.94,0.0788,16.37,2.403,0.0552,370.87,0.1306,-14.82,4,5
2019RG77,15.25,0.0967,20.31,2.377,0.0442,380.34,0.1292,-17.87,4,5
2019RG83,14.96,0.1201,25.8,2.326,0.0388,194.39,0.1542,-22.93,4,50
2019RH48,15.05,0.0782,16.76,2.329,0.0562,333.58,0.3241,-11.31,4,5
2019RH65,14.62,0.0559,11.56,2.415,0.053,358.53,0.1669,-10.9,4,5
2019RJ74,15.05,0.1031,21.68,2.376,0.0189,392.47,0.0487,-19.18,4,5
2019RK57,15.06,0.1169,25.41,2.3,0.0937,355.04,0.2722,-23.35,4,50
2019RK83,15.28,0.0748,15.52,2.408,0.0519,369.92,0.1267,-14.02,4,5
2019RO82,15.27,0.0959,20.16,2.375,0.042,378.43,0.1421,-17.46,4,5
2019RP51,15.16,0.1475,32.49,2.268,0.0493,310.42,0.0319,-34.07,4,50
2019RT76,14.81,0.0473,9.71,2.431,0.0676,358.01,0.1427,-10.9,4,5
2019RY92,14.88,0.0595,12.7,2.34,0.0555,326.21,0.3372,-8.24,4,5
2019RZ32,14.89,0.1125,24.59,2.284,0.0419,229.85,0.3053,-18.12,4,50
2019SA107,14.96,0.1444,31.75,2.272,0.0528,334.68,0.0988,-32.71,4,50
2019SA243,15.01,0.0766,16.01,2.389,0.0526,300.94,0.1855,-13.37,4,50
2019SB136,15.07,0.0773,16.19,2.384,0.1087,346.99,0.2393,-16.48,4,5
2019SC173,14.71,0.1252,28.48,2.195,0.0206,315.42,0.4101,-18.09,4,5
2019SC186,14.88,0.0864,18.09,2.386,0.0228,374.72,0.1428,-14.96,4,5
2019SG186,15.01,0.0931,19.66,2.364,0.075,362.67,0.2107,-17.53,4,50
2019SG187,14.98,0.1,21.06,2.371,0.0274,383.88,0.1233,-18.09,4,5
2019SH189,14.93,0.0853,17.8,2.393,0.0474,374.16,0.1321,-15.63,4,5
2019SK190,15.03,0.1115,24.03,2.317,0.0093,368.31,0.2317,-18.93,4,5
2019SO185,14.83,0.0928,19.45,2.384,0.0942,367.32,0.1709,-19.37,4,50
2019SO238,14.6,0.0371,8.08,2.295,0.1119,289.9,0.4388,-6.37,4,5
2019SP185,14.97,0.0625,12.86,2.427,0.0768,363.48,0.1236,-13.48,4,5
2019SP228,15.8,0.0935,19.58,2.384,0.0533,378.18,0.1271,-17.6,4,5
2019ST184,15.05,0.1029,22.3,2.305,0.0204,350.47,0.2968,-15.65,4,5
2019SU177,14.95,0.073,15.08,2.418,0.049,374.13,0.0702,-14.06,4,5
2019SX148,15.34,0.0573,11.89,2.407,0.0968,346.83,0.2207,-12.67,4,50
2019SX186,15.35,0.0775,16.03,2.416,0.0492,282.04,0.0281,-14.78,4,50
2019SX239,15.2,0.0904,18.93,2.386,0.0432,377.1,0.1309,-16.51,4,5
2019SY148,14.76,0.1194,26.07,2.288,0.0408,364.2,0.2673,-21.12,4,5
2019TK39,15.19,0.1381,30.89,2.231,0.0362,182.24,0.2728,-26.23,4,50
2019TQ52,14.72,0.1239,26.83,2.307,0.0373,178.28,0.1875,-23.53,4,50
2019UK48,14.87,0.11,27.41,2.008,0.0319,56.51,0.6763,-3.49,4,50
2019WJ1,14.52,0.1056,24.16,2.181,0.0365,150.59,0.4866,-10.85,4,50
2020BA93,14.09,0.0913,19.71,2.312,0.0252,340.25,0.3191,-12.77,5,5
2020ET4,14.97,0.1209,26.81,2.255,0.108,332.45,0.3354,-24.67,5,50
2020FG12,14.32,0.103,23.29,2.209,0.0352,129.88,0.455,-11.32,5,50
2020FG35,14.68,0.0783,17.12,2.283,0.0177,313.68,0.3983,-8.31,5,5
2020FJ12,14.31,0.0745,16.49,2.255,0.0219,297.29,0.4452,-6.45,5,5
2020FJ31,15.13,0.0511,10.33,2.469,0.1385,354.38,0.0865,-17.45,5,5
2020FL37,14.81,0.0505,10.43,2.417,0.057,355.47,0.1768,-10.31,5,5
2020FN35,14.91,0.0946,19.9,2.373,0.021,378.02,0.1485,-16.49,5,5
2020FP43,14.69,0.0894,20.31,2.197,0.0396,276.26,0.4989,-7.48,5,5
2020FP44,15.08,0.0449,9.66,2.318,0.0457,310.76,0.3892,-5.04,5,5
2020FQ10,14.88,0.0737,16.55,2.224,0.0328,280.99,0.4884,-5.16,5,5
2020FS25,15.19,0.0679,14.52,2.334,0.0991,320.98,0.3468,-11.61,5,5
2020FS29,15.12,0.0426,8.98,2.369,0.1138,320.03,0.3282,-10.05,5,5
2020FS34,14.62,0.1123,26.37,2.127,0.0335,102.22,0.5399,-10.09,5,50
2020FT10,14.61,0.0919,19.53,2.351,0.0497,358.8,0.24,-15.41,5,5
2020FT8,14.56,0.043,8.78,2.447,0.1017,354.29,0.134,-12.73,5,5
2020FX8,14.85,0.0866,18.01,2.4,0.0291,382.25,0.0586,-15.84,5,5
2020GA31,15.04,0.0393,8.28,2.372,0.0867,325.82,0.3147,-8.22,5,5
2020GC23,14.44,0.0757,15.73,2.402,0.0515,368.26,0.1443,-13.96,5,5
2020GG11,14.59,0.0248,5.22,2.37,0.0725,323.8,0.3224,-6.29,5,5
2020GG30,14.99,0.0936,19.63,2.38,0.0181,381.06,0.1217,-16.54,5,5
2020GH25,14.84,0.068,14.19,2.393,0.0806,351.47,0.2203,-13.17,5,5
2020GV31,15.03,0.0184,4.08,2.255,0.0335,278.17,0.4552,-0.22,5,5
2020GW12,14.96,0.0495,10.55,2.341,0.0938,315.5,0.3595,-8.52,5,5
2020GY26,15.05,0.0802,19.24,2.082,0.0411,136.71,0.6413,-0.34,5,50
2020HA112,15.24,0.0867,19.36,2.239,0.0715,292.88,0.4509,-9.61,5,50
2020HA117,15.07,0.0704,15.32,2.295,0.0064,274.9,0.391,-7.23,5,5
2020HA160,14.77,0.0563,11.73,2.396,0.0889,343.24,0.2434,-11.64,5,5
2020HA162,15.44,0.0733,15.55,2.353,0.0071,315.86,0.2779,-10.34,5,5
2020HA168,15.46,0.119,26.87,2.214,0.0466,265.2,0.4063,-16.95,5,50
2020HA180,15.07,0.0342,6.98,2.448,0.0964,352.84,0.138,-11.53,5,5
2020HA62,14.76,0.0838,18.73,2.233,0.0397,171.56,0.4605,-7.59,5,50
2020HB104,14.65,0.0549,11.36,2.414,0.0245,360.84,0.1579,-10.03,5,5
2020HB112,15.06,0.1248,28.85,2.16,0.042,220.57,0.461,-16.68,5,50
2020HB115,14.94,0.0344,7.68,2.235,0.0538,243.27,0.5113,-0.8,5,50
2020HB117,14.63,0.1117,25.39,2.197,0.0263,297.12,0.4507,-13.37,5,5
2020HB16,14.66,0.0342,7.02,2.432,0.0862,349.02,0.1807,-10.3,5,5
2020HB160,15.23,0.1031,22.22,2.317,0.0241,357.65,0.2701,-16.38,5,5
2020HB180,14.92,0.0942,20.16,2.335,0.0776,347.87,0.2785,-16.63,5,5
2020HB185,15.26,0.0577,12.16,2.368,0.0329,340.65,0.2799,-8.58,5,5
2020HB57,14.69,0.0406,8.3,2.441,0.1345,340.84,0.2008,-14.37,5,5
2020HB62,15.08,0.1073,23.93,2.24,0.098,308.16,0.4054,-17.34,5,50
2020HB93,15.11,0.0527,11.08,2.374,0.0769,334.14,0.2909,-9.51,5,5
2020HC100,15.04,0.0299,6.5,2.296,0.0289,297.87,0.4319,-2.38,5,5
2020HC146,14.99,0.0694,15.19,2.283,0.0673,304.15,0.4156,-8.0,5,5
2020HC180,14.85,0.057,12.94,2.198,0.0232,261.71,0.5383,-1.2,5,5
2020HC181,15.26,0.0518,11.16,2.319,0.0435,314.05,0.3806,-5.87,5,5
2020HC3,14.55,0.0572,12.71,2.248,0.0393,151.65,0.4772,-3.27,5,50
2020HC37,14.58,0.0546,11.84,2.302,0.0942,301.3,0.4116,-7.68,5,5
2020HC62,14.69,0.056,12.49,2.238,0.0351,84.35,0.4889,-2.65,5,50
2020HC65,14.79,0.026,5.77,2.248,0.0383,128.94,0.4985,-0.17,5,50
2020HC90,14.94,0.0372,7.99,2.324,0.0739,307.41,0.3919,-5.44,5,5
2020HD107,15.04,0.0386,8.18,2.354,0.0478,324.05,0.3349,-5.92,5,5
2020HD116,15.3,0.086,19.62,2.188,0.0394,164.19,0.5162,-5.98,5,50
2020HD165,15.05,0.0739,15.26,2.417,0.0309,377.23,0.0318,-13.74,5,5
2020HD180,14.91,0.0911,20.19,2.252,0.0313,307.43,0.4203,-10.13,5,5
2020HD37,14.89,0.1009,22.73,2.218,0.0422,211.02,0.4488,-11.21,5,50
2020HD38,14.8,0.0111,2.4,2.2,0.0413,162.91,0.4896,0.06,5,50
2020HD57,14.48,0.0314,6.55,2.395,0.0547,338.2,0.2622,-7.17,5,5
2020HD78,14.93,0.1016,22.32,2.275,0.0516,289.03,0.3612,-14.43,5,50
2020HD87,14.77,0.0316,6.64,2.374,0.093,323.34,0.319,-7.91,5,5
2020HD91,14.53,0.0595,12.97,2.29,0.0381,305.11,0.4151,-5.64,5,5
2020HE102,14.58,0.0631,13.17,2.394,0.0412,355.49,0.207,-10.81,5,5
2020HE116,14.79,0.0113,2.44,2.308,0.0467,222.1,0.4221,-2.12,5,50
2020HE14,14.71,0.0805,16.83,2.387,0.0104,368.61,0.1626,-13.46,5,5
2020HE146,14.92,0.0618,12.73,2.425,0.0852,359.9,0.1458,-13.66,5,5
2020HE160,15.13,0.0514,10.53,2.438,0.1004,355.64,0.1442,-13.25,5,50
2020HE180,14.79,0.0375,7.72,2.429,0.0072,323.81,0.1296,-8.47,5,5
2020HE51,15.09,0.0441,9.56,2.304,0.0488,304.11,0.4115,-4.47,5,5
2020HE72,15.57,0.0623,12.72,2.446,0.1209,358.39,0.1135,-17.03,5,5
2020HE81,14.93,0.0309,6.32,2.446,0.0718,356.86,0.1163,-10.0,5,5
2020HE83,14.91,0.0938,19.67,2.383,0.0452,255.56,0.1195,-17.08,5,50
2020HE92,15.06,0.1009,21.24,2.373,0.0488,383.23,0.1212,-19.13,5,5
2020HF116,14.74,0.0553,12.25,2.252,0.0399,162.87,0.4732,-3.29,5,50
2020HF118,15.08,0.13,30.23,2.148,0.0181,291.19,0.4619,-17.57,5,5
2020HF129,14.73,0.0829,17.8,2.327,0.0563,336.42,0.3179,-12.29,5,5
2020HF160,15.11,0.0832,18.23,2.279,0.0186,315.69,0.3944,-9.24,5,5
2020HF180,15.29,0.0408,8.54,2.384,0.118,324.45,0.3052,-10.77,5,5
2020HF185,15.02,0.0914,19.19,2.379,0.0156,377.38,0.1426,-15.81,5,5
2020HF189,14.63,0.0603,13.63,2.207,0.0439,189.34,0.5238,-2.33,5,50
2020HF37,14.26,0.1171,26.83,2.18,0.0188,293.49,0.4594,-14.24,5,5
2020HF69,14.84,0.0566,12.15,2.327,0.0342,320.96,0.3597,-6.67,5,5
2020HF88,14.68,0.0611,12.67,2.408,0.0557,358.27,0.1787,-11.51,5,5
2020HF92,14.71,0.1094,24.83,2.2,0.031,296.28,0.452,-12.94,5,5
2020HG104,15.03,0.0882,18.78,2.346,0.1038,340.94,0.2859,-16.97,5,50
2020HG116,15.11,0.1234,28.44,2.167,0.0349,146.74,0.458,-16.0,5,50
2020HG12,14.81,0.0494,11.05,2.233,0.0421,175.05,0.5022,-1.88,5,50
2020HG146,15.45,0.1155,24.69,2.338,0.0471,282.79,0.1517,-22.14,5,50
2020HG160,14.58,0.0249,5.15,2.418,0.0118,350.63,0.191,-6.97,5,5
2020HG172,15.11,0.0457,9.65,2.367,0.0835,327.04,0.3147,-8.62,5,5
2020HG180,14.98,0.1245,28.63,2.171,0.0306,55.1,0.448,-16.53,5,50
2020HG19,14.65,0.077,17.19,2.238,0.0328,41.62,0.4644,-6.25,5,50
2020HG37,15.12,0.0382,8.9,2.141,0.0507,230.13,0.6144,2.58,5,5
2020HG95,14.96,0.0969,22.24,2.176,0.0359,270.52,0.5115,-8.32,5,5
2020HG97,14.97,0.0065,1.71,2.022,0.1179,297.03,0.4087,-6.26,5,5
2020HH107,15.21,0.0198,4.04,2.446,0.0369,359.78,0.0874,-8.25,5,5
2020HH113,15.18,0.0559,12.62,2.213,0.0338,55.02,0.5221,-1.63,5,50
2020HH116,14.61,0.1207,26.14,2.306,0.0369,169.85,0.2126,-22.11,5,50
2020HH120,14.46,0.0168,3.92,2.135,0.0538,205.67,0.6262,4.2,5,50
2020HH179,14.89,0.0969,20.36,2.377,0.0319,382.33,0.1204,-17.58,5,5
2020HH180,15.52,0.0685,14.24,2.401,0.0803,355.18,0.1992,-13.58,5,5
2020HH32,14.86,0.0632,14.19,2.224,0.0386,146.57,0.5016,-3.28,5,50
2020HH33,14.64,0.1007,22.79,2.207,0.0363,135.7,0.4628,-10.64,5,50
2020HH37,14.82,0.0217,4.71,2.302,0.0488,234.04,0.4279,-2.35,5,50
2020HH51,14.83,0.043,9.07,2.37,0.0866,326.35,0.3148,-8.54,5,5
2020HH85,15.03,0.0366,7.44,2.453,0.078,360.49,0.0701,-11.12,5,5
2020HH91,15.19,0.0249,5.36,2.318,0.0464,222.22,0.4026,-3.13,5,50
2020HJ103,15.01,0.0759,16.74,2.263,0.0554,299.89,0.4332,-7.93,5,5
2020HJ107,15.06,0.0722,15.4,2.34,0.0454,335.76,0.3128,-10.19,5,5
2020HJ116,14.96,0.0825,18.5,2.226,0.0666,284.51,0.4736,-8.18,5,5
2020HJ117,15.2,0.0479,9.87,2.424,0.0768,350.9,0.172,-10.98,5,50
2020HJ147,15.17,0.0514,10.7,2.4,0.0123,353.04,0.2062,-8.79,5,5
2020HJ180,14.92,0.1088,24.54,2.215,0.0328,77.23,0.4344,-13.06,5,50
2020HJ55,14.7,0.0199,4.4,2.255,0.0397,146.63,0.4919,-0.15,5,50
2020HJ67,15.31,0.08,16.64,2.4,0.0835,365.02,0.1617,-16.15,5,50
2020HJ81,14.79,0.0182,3.92,2.316,0.0481,233.21,0.4087,-2.73,5,50
2020HJ97,14.74,0.0656,14.35,2.284,0.0502,304.16,0.4182,-6.69,5,5
2020HJ99,14.8,0.0849,17.83,2.377,0.0383,168.7,0.183,-14.28,5,50
2020HK103,14.94,0.0233,5.14,2.26,0.0372,112.78,0.4848,-0.45,5,50
2020HK110,14.94,0.0517,10.68,2.418,0.0767,353.36,0.1808,-11.17,5,50
2020HK116,15.14,0.0907,19.03,2.38,0.0418,374.37,0.1534,-16.24,5,5
2020HK180,14.99,0.0654,13.66,2.39,0.0602,352.19,0.2226,-11.61,5,5
2020HK183,15.13,0.0859,18.63,2.303,0.0532,327.24,0.3537,-11.79,5,5
2020HK67,14.94,0.0658,13.74,2.39,0.0592,352.9,0.2197,-11.67,5,5
2020HK76,14.81,0.1126,25.49,2.205,0.0487,260.8,0.4364,-14.67,5,50
2020HK77,14.49,0.0132,2.86,2.299,0.101,289.24,0.4426,-4.25,5,5
2020HK9,14.64,0.0622,13.78,2.255,0.0396,161.29,0.4616,-4.41,5,50
2020HK99,15.06,0.0449,9.32,2.406,0.0573,347.96,0.2185,-9.13,5,5
2020HL114,14.51,0.0908,20.74,2.185,0.0369,270.88,0.5118,-7.15,5,5
2020HL172,14.97,0.0653,14.58,2.234,0.0397,164.08,0.4844,-4.43,5,50
2020HL173,14.8,0.0878,18.37,2.385,0.0409,374.0,0.1462,-15.7,5,5
2020HM101,15.03,0.0473,9.94,2.374,0.0181,338.95,0.2794,-7.18,5,5
2020HM113,15.43,0.0679,15.39,2.204,0.0615,260.97,0.5205,-4.03,5,50
2020HM116,15.33,0.0479,10.12,2.366,0.0853,327.1,0.3151,-8.93,5,5
2020HM140,14.82,0.0415,8.49,2.443,0.0601,361.95,0.0895,-10.48,5,5
2020HM180,15.39,0.0817,17.54,2.326,0.0224,338.63,0.3155,-11.06,5,5
2020HM33,14.49,0.1073,23.48,2.283,0.0415,341.31,0.3284,-16.47,5,5
2020HM42,14.55,0.0807,17.53,2.299,0.0595,320.42,0.3711,-10.68,5,5
2020HN103,14.73,0.0769,16.83,2.283,0.0149,312.92,0.4001,-8.01,5,5
2020HN114,14.63,0.1108,25.47,2.172,0.0329,280.75,0.4866,-12.07,5,5
2020HN116,14.89,0.0605,13.64,2.215,0.0348,84.24,0.5148,-2.42,5,50
2020HN14,14.52,0.0918,20.01,2.29,0.0358,327.84,0.3596,-12.12,5,5
2020HN173,15.55,0.0527,10.8,2.434,0.0875,357.67,0.1401,-12.7,5,5
2020HN179,14.85,0.0598,12.38,2.414,0.0084,353.76,0.136,-10.67,5,5
2020HN180,15.16,0.0327,6.83,2.388,0.0773,332.35,0.2841,-7.84,5,5
2020HN25,14.94,0.0381,7.79,2.444,0.0981,352.27,0.1481,-11.85,5,5
2020HN41,14.73,0.0641,13.42,2.385,0.0529,350.28,0.2341,-10.9,5,5
2020HN83,14.52,0.0778,17.12,2.27,0.051,304.81,0.4201,-8.42,5,5
2020HO109,14.92,0.0475,10.64,2.23,0.0388,140.9,0.5082,-1.36,5,50
2020HO116,15.12,0.0604,12.49,2.415,0.0643,359.43,0.1637,-12.02,5,5
2020HO178,15.31,0.0337,6.91,2.435,0.0532,356.43,0.1406,-9.1,5,5
2020HO21,14.85,0.0842,17.53,2.397,0.0897,365.12,0.1637,-17.57,5,5
2020HO55,14.61,0.069,15.48,2.227,0.0304,280.31,0.4901,-4.4,5,5
2020HO65,14.81,0.067,13.84,2.418,0.0095,368.43,0.0817,-12.1,5,5
2020HO67,14.93,0.0425,8.71,2.434,0.0313,362.75,0.1043,-9.46,5,5
2020HP103,14.98,0.0273,5.88,2.315,0.052,258.64,0.4072,-3.31,5,50
2020HP116,15.4,0.0544,11.34,2.396,0.0541,348.92,0.227,-9.86,5,5
2020HP180,15.06,0.0171,3.52,2.419,0.0976,336.93,0.2399,-9.08,5,5
2020HP65,14.95,0.0251,5.22,2.4,0.101,330.19,0.2789,-8.92,5,5
2020HP67,14.77,0.0278,5.79,2.401,0.0439,341.22,0.2465,-6.87,5,5
2020HQ110,14.92,0.1167,26.39,2.208,0.0473,261.85,0.4196,-16.19,5,50
2020HQ111,14.98,0.1274,27.83,2.287,0.0982,365.35,0.2493,-28.45,5,5
2020HQ113,14.92,0.1499,33.45,2.24,0.0523,334.17,0.1515,-34.2,5,50
2020HQ114,14.9,0.0375,7.75,2.418,0.0282,353.59,0.1809,-8.15,5,5
2020HQ116,15.1,0.0372,7.97,2.329,0.0653,310.8,0.3818,-5.31,5,5
2020HQ117,14.89,0.0807,16.95,2.378,0.0333,363.42,0.1986,-13.42,5,5
2020HQ170,14.94,0.0968,21.03,2.298,0.0537,335.42,0.3351,-14.45,5,5
2020HQ179,14.82,0.13,28.01,2.318,0.0422,232.78,0.0566,-27.31,5,50
2020HR111,15.06,0.0452,9.95,2.268,0.0321,289.61,0.4603,-2.72,5,5
2020HR117,14.66,0.079,16.93,2.33,0.0508,335.2,0.3202,-11.31,5,5
2020HR178,14.87,0.078,17.7,2.2,0.0279,271.57,0.5126,-4.86,5,5
2020HR179,15.13,0.0728,15.07,2.414,0.1418,345.46,0.2094,-19.58,5,5
2020HR180,15.21,0.0596,12.38,2.403,0.0661,353.27,0.2035,-11.43,5,5
2020HR21,14.31,0.0107,2.3,2.312,0.0471,224.57,0.4134,-2.35,5,50
2020HR58,14.72,0.0395,8.75,2.257,0.0387,140.79,0.4794,-1.62,5,50
2020HR92,14.35,0.0488,10.14,2.401,0.0519,348.59,0.222,-9.23,5,5
2020HS105,14.7,0.0807,17.44,2.31,0.0526,326.65,0.3519,-10.87,5,5
2020HS115,15.18,0.0851,18.03,2.356,0.0858,348.19,0.2623,-15.53,5,50
2020HS116,15.41,0.0812,16.76,2.421,0.0832,375.15,0.0529,-17.54,5,5
2020HS160,15.49,0.0612,13.09,2.334,0.1022,316.26,0.3589,-10.54,5,5
2020HS179,15.04,0.09,18.84,2.384,0.0473,374.79,0.1444,-16.4,5,5
2020HS180,14.76,0.0494,10.56,2.337,0.0591,319.37,0.3565,-6.78,5,5
2020HS184,15.22,0.0767,16.84,2.275,0.051,306.64,0.4143,-8.43,5,5
2020HS34,14.71,0.0713,14.84,2.4,0.0295,366.37,0.1561,-12.37,5,5
2020HS50,14.92,0.0741,16.51,2.241,0.0366,128.37,0.4671,-5.66,5,50
2020HS60,14.77,0.0906,20.33,2.225,0.0522,263.8,0.4613,-9.18,5,50
2020HS92,14.95,0.0774,16.24,2.379,0.1188,342.66,0.2547,-17.0,5,50
2020HT116,15.05,0.0848,17.82,2.376,0.033,366.43,0.1908,-14.27,5,5
2020HT122,15.06,0.045,9.94,2.26,0.087,281.18,0.475,-4.32,5,5
2020HT155,15.13,0.0926,20.78,2.225,0.0563,292.34,0.4564,-10.13,5,5
2020HT184,15.42,0.0509,10.33,2.46,0.1054,362.33,0.0219,-14.66,5,5
2020HT188,14.71,0.0521,11.45,2.273,0.0519,292.76,0.4494,-4.25,5,5
2020HT45,14.4,0.0763,16.18,2.356,0.0451,346.64,0.2721,-11.72,5,5
2020HT70,15.03,0.0261,5.57,2.341,0.1105,305.55,0.3824,-7.14,5,5
2020HT91,15.11,0.1139,24.29,2.342,0.0491,297.51,0.1501,-21.84,5,50
2020HU114,14.82,0.0962,20.58,2.335,0.0292,357.91,0.257,-15.25,5,5
2020HU115,15.18,0.1191,25.39,2.343,0.0334,71.18,0.0674,-23.33,5,50
2020HU116,15.31,0.1037,21.99,2.355,0.0321,30.48,0.1587,-18.45,5,50
2020HU120,14.85,0.0642,14.57,2.201,0.0303,265.37,0.5285,-2.5,5,5
2020HU188,14.97,0.092,21.13,2.174,0.0315,265.89,0.5235,-6.86,5,5
2020HU81,14.6,0.0628,13.72,2.286,0.0116,305.82,0.4165,-5.55,5,5
2020HU90,14.37,0.0676,15.21,2.22,0.0374,131.85,0.5024,-3.66,5,50
2020HV102,15.2,0.062,12.74,2.429,0.1049,356.13,0.1569,-15.02,5,5
2020HV113,14.52,0.0667,15.06,2.213,0.0345,85.99,0.5105,-3.39,5,50
2020HV116,14.85,0.1109,25.16,2.201,0.0309,298.64,0.4466,-13.44,5,5
2020HV140,14.89,0.0887,19.12,2.316,0.0245,339.92,0.3177,-12.3,5,5
2020HV154,14.58,0.0525,11.78,2.224,0.0837,268.44,0.5126,-3.47,5,50
2020HV159,15.32,0.0718,14.62,2.452,0.1338,362.84,0.0615,-20.4,5,5
2020HV169,15.34,0.0366,7.47,2.444,0.0566,361.14,0.0894,-9.91,5,5
2020HV184,15.11,0.0717,15.01,2.386,0.0752,351.86,0.2273,-13.27,5,5
2020HV47,14.45,0.0184,3.99,2.304,0.0313,4.25,0.425,-1.8,5,50
2020HV65,14.72,0.0466,9.83,2.364,0.1127,319.81,0.3318,-10.28,5,5
2020HV91,15.1,0.0101,2.19,2.306,0.0612,289.48,0.413,-2.87,5,50
2020HW101,15.17,0.0387,7.99,2.419,0.0561,351.24,0.1893,-8.98,5,5
2020HW103,14.89,0.0393,8.23,2.386,0.0201,340.56,0.264,-6.81,5,5
2020HW112,15.07,0.1156,24.55,2.353,0.0135,401.64,0.0311,-22.33,5,5
2020HW113,14.73,0.1054,23.9,2.202,0.0125,294.02,0.4589,-11.5,5,5
2020HW115,15.15,0.0623,12.84,2.423,0.1078,353.53,0.1762,-14.83,5,50
2020HW116,15.54,0.0172,3.61,2.377,0.0885,322.18,0.3211,-6.84,5,5
2020HW117,14.87,0.0343,7.63,2.248,0.0372,118.14,0.4945,-0.73,5,50
2020HW159,14.85,0.0037,1.09,1.732,0.0457,340.61,0.2399,-6.28,5,5
2020HW169,15.25,0.0565,12.28,2.297,0.0982,299.5,0.4167,-8.01,5,5
2020HW38,14.75,0.0133,2.87,2.32,0.0469,223.29,0.4035,-2.67,5,50
2020HW97,14.58,0.0464,10.58,2.188,0.0463,195.14,0.5587,0.23,5,50
2020HX113,14.99,0.0444,9.91,2.235,0.0401,153.53,0.5034,-1.39,5,50
2020HX27,14.37,0.0636,13.78,2.304,0.0598,311.45,0.3918,-7.53,5,5
2020HX28,14.9,0.0764,15.96,2.389,0.082,356.05,0.2086,-14.84,5,5
2020HX54,14.65,0.0351,7.22,2.428,0.065,352.17,0.1723,-9.32,5,5
2020HX94,14.45,0.0588,13.18,2.231,0.0406,163.32,0.5002,-2.8,5,50
2020HY103,15.04,0.0609,13.85,2.197,0.0407,161.85,0.5369,-1.86,5,50
2020HY107,14.88,0.0858,18.35,2.334,0.0255,346.49,0.2893,-12.43,5,5
2020HY110,14.78,0.0815,17.89,2.276,0.029,312.21,0.4027,-8.9,5,5
2020HY116,14.73,0.0344,7.17,2.4,0.0408,343.29,0.2408,-7.3,5,5
2020HY127,14.83,0.0379,7.73,2.449,0.0913,355.68,0.1214,-11.67,5,5
2020HY158,15.55,0.0356,7.39,2.407,0.0944,337.35,0.2512,-9.74,5,5
2020HY159,15.03,0.1139,24.29,2.341,0.0326,56.39,0.1435,-21.03,5,50
2020HY67,14.92,0.0261,5.28,2.464,0.1045,354.31,0.0944,-11.99,5,5
2020HZ103,14.58,0.0585,12.95,2.256,0.0297,289.17,0.4647,-3.89,5,5
2020HZ116,15.09,0.0289,5.99,2.407,0.1006,333.92,0.2615,-9.47,5,5
2020HZ145,15.02,0.0532,10.88,2.443,0.0633,367.69,0.0258,-12.13,5,5
2020HZ179,14.84,0.0099,2.07,2.384,0.0578,329.66,0.2958,-5.71,5,5
2020HZ40,14.72,0.0898,19.1,2.349,0.0436,356.56,0.2486,-14.58,5,5
2020HZ75,15.25,0.0763,16.98,2.244,0.0645,286.11,0.461,-7.13,5,50
2020JA16,14.96,0.0417,9.3,2.242,0.0378,127.3,0.4978,-1.22,5,50
2020JB45,14.8,0.0748,16.6,2.25,0.0222,294.86,0.452,-6.28,5,5
2020JC22,14.88,0.0705,14.62,2.408,0.0373,368.65,0.1314,-12.74,5,5
2020JC27,14.84,0.0745,15.44,2.409,0.1023,358.49,0.1747,-16.41,5,50
2020JD14,14.91,0.1032,21.83,2.361,0.03,4.33,0.1369,-18.47,5,50
2020JD32,15.09,0.0577,12.98,2.217,0.0375,127.54,0.5142,-2.19,5,50
2020JD4,14.65,0.071,14.95,2.371,0.0275,351.5,0.2455,-10.88,5,5
2020JD42,15.01,0.0156,3.16,2.466,0.0923,356.11,0.069,-10.8,5,5
2020JD49,14.7,0.0158,3.41,2.311,0.0372,116.03,0.4152,-2.15,5,50
2020JF45,15.29,0.1192,27.41,2.171,0.0287,290.24,0.4652,-14.77,5,5
2020JH29,14.56,0.0661,14.18,2.327,0.044,325.29,0.348,-8.42,5,5
2020JJ21,14.83,0.1226,28.22,2.17,0.0293,23.05,0.4564,-15.7,5,50
2020JL5,14.31,0.0728,15.7,2.316,0.0576,322.69,0.3589,-9.63,5,5
2020JL8,13.86,0.0199,4.38,2.272,0.0534,284.3,0.4704,-1.39,5,5
2020JM50,15.24,0.1174,26.92,2.177,0.0126,292.37,0.4622,-14.13,5,5
2020JN43,14.78,0.0859,18.48,2.321,0.0254,339.55,0.316,-11.84,5,5
2020JO35,14.47,0.0391,8.27,2.359,0.03,327.96,0.3217,-5.77,5,5
2020JO43,15.14,0.056,11.56,2.42,0.1012,350.01,0.1936,-13.37,5,5
2020JP25,14.84,0.0691,14.46,2.385,0.0837,347.89,0.2396,-13.19,5,5
2020JP46,14.84,0.0247,5.16,2.386,0.0573,332.59,0.2862,-6.4,5,5
2020JQ22,14.98,0.1175,26.83,2.188,0.0691,294.53,0.448,-16.29,5,50
2020JQ35,14.4,0.0811,18.29,2.214,0.0399,172.4,0.4924,-5.98,5,50
2020JQ46,15.02,0.0735,15.22,2.413,0.0192,375.75,0.0718,-13.27,5,5
2020JQ49,14.89,0.0742,16.45,2.251,0.0438,293.91,0.4519,-6.68,5,5
2020JR28,14.6,0.0167,3.6,2.319,0.1156,295.37,0.4173,-5.91,5,50
2020JR31,14.86,0.0241,5.13,2.35,0.0463,318.59,0.3517,-4.56,5,5
2020JR49,14.92,0.0828,17.77,2.326,0.043,337.62,0.3168,-11.75,5,5
2020JS29,14.96,0.035,7.12,2.456,0.0864,358.9,0.0781,-11.46,5,5
2020JS49,15.04,0.0699,15.52,2.25,0.0487,240.7,0.4608,-5.71,5,50
2020JT49,15.64,0.0442,9.12,2.422,0.0439,356.93,0.1604,-9.4,5,5
2020JU49,14.87,0.0778,17.38,2.237,0.0517,255.3,0.4673,-6.67,5,50
2020JU50,15.11,0.0098,2.05,2.382,0.0261,331.64,0.2931,-4.87,5,5
2020JV19,14.83,0.0898,20.34,2.203,0.0269,280.28,0.4908,-7.52,5,5
2020JV48,14.75,0.0671,15.08,2.222,0.0344,80.71,0.4993,-3.71,5,50
2020JW49,15.3,0.0888,19.9,2.227,0.0179,292.79,0.4602,-8.22,5,5
2020JX21,14.74,0.0475,10.05,2.362,0.0894,324.42,0.3249,-8.92,5,5
2020JX26,14.09,0.0428,9.55,2.238,0.0407,161.06,0.502,-1.18,5,50
2020KA61,15.21,0.0846,17.79,2.376,0.0334,366.46,0.1901,-14.27,5,5
2020KB24,15.02,0.0908,20.59,2.202,0.0099,280.58,0.4897,-7.53,5,5
2020KC30,14.88,0.0658,14.18,2.315,0.025,321.17,0.3658,-7.46,5,5
2020KC51,15.16,0.0918,19.42,2.362,0.1065,351.4,0.2435,-18.88,5,50
2020KD30,14.81,0.0463,9.5,2.435,0.0459,363.25,0.1008,-10.27,5,5
2020KD51,14.7,0.0889,18.78,2.364,0.0366,142.34,0.2067,-14.71,5,50
2020KE31,14.8,0.0296,6.35,2.326,0.1128,300.2,0.4019,-6.97,5,5
2020KE51,14.71,0.1049,22.58,2.32,0.0379,360.05,0.2605,-17.38,5,5
2020KF36,15.4,0.0714,15.74,2.265,0.0486,298.68,0.4368,-6.89,5,5
2020KG51,15.13,0.0886,20.21,2.189,0.0361,271.54,0.5107,-6.83,5,5
2020KH34,14.96,0.0135,2.8,2.389,0.1216,327.66,0.2745,-10.05,5,5
2020KJ12,14.55,0.0655,14.67,2.228,0.0402,166.06,0.4927,-3.92,5,50
2020KL30,15.4,0.0683,14.37,2.373,0.0739,343.59,0.2648,-11.95,5,5
2020KL51,14.69,0.0505,11.32,2.23,0.0407,163.48,0.5064,-1.8,5,50
2020KL60,14.4,0.0198,4.32,2.288,0.0945,286.98,0.4535,-3.63,5,50
2020KL8,14.41,0.1201,27.12,2.213,0.035,141.28,0.4018,-17.06,5,50
2020KO31,15.04,0.0981,21.11,2.32,0.078,344.42,0.2963,-17.13,5,5
2020KO36,14.73,0.031,6.96,2.224,0.0541,238.22,0.472,-0.02,5,50
2020KP56,15.15,0.0304,6.66,2.276,0.0526,287.95,0.4608,-2.17,5,5
2020KP60,15.06,0.0826,18.47,2.233,0.0381,153.51,0.4636,-7.19,5,50
2020KQ48,14.57,0.1055,23.9,2.204,0.0043,123.12,0.4572,-11.47,5,5
2020KQ60,14.89,0.1133,25.91,2.184,0.0321,290.76,0.4643,-13.48,5,5
2020KR60,14.82,0.0935,20.52,2.276,0.0412,321.52,0.3792,-12.09,5,5
2020KW52,14.85,0.1237,28.56,2.163,0.0435,219.41,0.4617,-16.31,5,50
2020KX39,15.13,0.0911,20.55,2.212,0.0412,191.17,0.4759,-8.47,5,50
2020KY34,14.88,0.127,27.54,2.306,0.0473,286.14,0.1713,-25.34,5,50
2020KY60,15.06,0.1034,22.3,2.315,0.0659,346.1,0.2826,-17.71,5,50
2020KZ29,14.85,0.085,18.28,2.322,0.0233,339.18,0.3168,-11.63,5,5
2020KZ45,14.69,0.0269,5.58,2.41,0.0517,343.79,0.2281,-7.39,5,5
2020KZ57,15.32,0.0637,14.2,2.241,0.0389,152.56,0.4793,-4.04,5,50
2020LA12,15.03,0.0897,19.37,2.311,0.0283,337.92,0.3253,-12.39,5,5
2020LN12,15.11,0.0552,12.16,2.265,0.0076,275.17,0.4555,-3.53,5,5
2020LY9,14.65,0.0714,16.13,2.211,0.0408,169.43,0.508,-4.25,5,50
2020MB8,14.94,0.1286,27.98,2.296,0.0249,390.67,0.1859,-24.86,4,5
2020MV56,15.3,0.0967,20.2,2.39,0.0542,322.95,0.058,-18.63,5,50
2020MY50,15.07,0.1163,25.29,2.297,0.0103,366.22,0.2593,-19.63,5,5
2020MZ50,15.35,0.1151,24.53,2.345,0.0464,275.84,0.1262,-22.24,5,50
2020OA43,14.85,0.1116,23.65,2.356,0.0778,383.15,0.1414,-23.47,4,5
2020OA64,14.4,0.0246,5.6,2.192,0.0769,249.57,0.5652,0.79,4,50
2020OC103,15.16,0.0916,19.55,2.339,0.0898,344.26,0.2836,-16.86,4,5
2020OC80,14.93,0.0957,20.45,2.337,0.0323,358.61,0.2526,-15.33,4,5
2020OE7,14.89,0.0859,19.55,2.194,0.036,272.23,0.5094,-6.39,4,5
2020OG119,15.19,0.1044,22.05,2.365,0.0528,315.92,0.132,-19.77,4,50
2020OG89,15.04,0.0648,13.6,2.38,0.0832,342.44,0.2614,-12.07,4,5
2020OL100,14.72,0.0614,13.17,2.326,0.058,320.37,0.3599,-8.02,4,5
2020OL116,15.04,0.0746,16.44,2.266,0.0781,297.89,0.4339,-8.59,4,50
2020OL80,14.81,0.0451,9.44,2.386,0.0725,336.51,0.2741,-8.81,4,5
2020OM112,15.35,0.1053,22.24,2.364,0.0546,326.05,0.1285,-20.14,4,50
2020OM84,15.01,0.0884,18.46,2.391,0.049,376.24,0.126,-16.38,4,5
2020ON117,15.12,0.0722,15.04,2.398,0.0966,352.71,0.2093,-15.16,4,5
2020ON80,15.35,0.0829,17.26,2.398,0.0501,373.29,0.1282,-15.33,4,5
2020OO83,15.17,0.1141,24.76,2.301,0.0459,270.53,0.2632,-19.79,4,50
2020OQ86,14.84,0.0684,14.2,2.404,0.0245,366.13,0.1508,-11.88,4,5
2020OR102,14.77,0.1347,29.85,2.253,0.0299,15.98,0.2527,-25.25,4,50
2020OS116,14.95,0.1236,27.07,2.279,0.0296,7.7,0.2608,-21.7,4,50
2020OS12,14.48,0.1241,28.59,2.166,0.0328,95.91,0.456,-16.29,4,50
2020OS81,14.91,0.1286,28.04,2.291,0.0309,27.09,0.1962,-24.57,4,50
2020OS83,15.09,0.0926,20.0,2.312,0.0435,339.66,0.3192,-13.57,4,5
2020OT102,15.21,0.0648,13.74,2.357,0.0604,336.56,0.298,-10.06,4,5
2020OT116,15.06,0.0879,18.53,2.37,0.0579,330.24,0.2041,-15.51,4,50
2020OU116,15.26,0.0389,8.4,2.313,0.1124,297.28,0.4143,-7.27,4,5
2020OV110,15.06,0.0603,13.25,2.272,0.0631,294.81,0.4425,-5.78,4,5
2020OX79,15.07,0.0674,13.91,2.421,0.0374,372.53,0.0713,-12.77,4,5
2020OY105,14.95,0.0789,16.92,2.327,0.055,333.39,0.3257,-11.33,4,5
2020OY79,15.0,0.0819,17.6,2.325,0.055,334.6,0.3242,-11.9,4,5
2020PA110,15.51,0.0595,12.75,2.331,0.0674,320.55,0.3555,-8.32,4,5
2020PA112,14.89,0.1011,22.21,2.275,0.0597,315.75,0.3642,-14.65,4,50
2020PA54,14.6,0.0641,13.34,2.4,0.0216,360.94,0.1791,-10.86,4,5
2020PA82,14.74,0.023,5.16,2.227,0.0487,214.35,0.5264,0.54,4,50
2020PB112,15.66,0.0345,7.12,2.42,0.0921,342.65,0.2205,-10.07,4,5
2020PB55,15.12,0.0381,7.83,2.43,0.0709,352.95,0.1665,-9.93,4,5
2020PB75,15.26,0.106,23.31,2.274,0.087,326.85,0.3573,-17.62,4,50
2020PC44,14.84,0.0917,19.18,2.387,0.0581,336.66,0.1289,-17.2,4,50
2020PC54,14.88,0.0632,13.13,2.403,0.0196,362.13,0.169,-10.85,4,5
2020PC75,14.98,0.1049,22.83,2.294,0.0306,345.75,0.3138,-15.93,4,5
2020PC82,15.47,0.0117,2.11,1.753,0.1335,346.24,0.1282,-13.53,4,5
2020PD26,14.42,0.1131,24.55,2.302,0.0219,363.79,0.2629,-18.91,4,5
2020PD75,14.51,0.0877,19.0,2.305,0.0535,330.17,0.3452,-12.38,4,5
2020PD81,14.79,0.0997,20.96,2.375,0.0528,381.57,0.1265,-18.98,4,5
2020PE20,14.58,0.0946,20.01,2.361,0.062,345.05,0.2066,-17.02,4,50
2020PE76,15.16,0.0852,17.75,2.397,0.0555,374.34,0.1246,-16.07,4,5
2020PF22,15.21,0.13,28.15,2.305,0.0464,287.46,0.1319,-26.99,4,50
2020PF50,15.21,0.092,19.25,2.385,0.0521,307.0,0.1256,-17.06,4,50
2020PF74,14.79,0.0919,19.16,2.396,0.0584,381.78,0.0773,-18.02,4,5
2020PF75,15.54,0.0485,9.78,2.478,0.1422,354.87,0.0533,-17.76,4,5
2020PF86,15.13,0.0682,14.11,2.413,0.0479,367.2,0.1307,-12.77,4,5
2020PG75,15.64,0.0377,7.66,2.458,0.1196,351.08,0.131,-13.73,4,5
2020PH39,14.43,0.0678,14.31,2.365,0.1112,331.41,0.2989,-13.75,4,5
2020PH75,15.18,0.0519,10.65,2.437,0.0811,360.1,0.1212,-12.41,4,5
2020PH78,14.87,0.0619,12.82,2.41,0.0288,363.62,0.1517,-11.06,4,5
2020PJ70,15.08,0.0759,15.71,2.414,0.0347,376.83,0.0602,-14.08,4,5
2020PJ78,14.79,0.1092,23.14,2.357,0.0596,353.08,0.129,-21.56,4,50
2020PJ94,14.87,0.0774,16.09,2.402,0.0437,371.09,0.1309,-14.07,4,5
2020PK50,15.23,0.0647,13.8,2.341,0.0477,330.64,0.3261,-8.89,4,5
2020PK55,14.9,0.0971,20.31,2.388,0.0722,377.6,0.098,-19.7,4,50
2020PK63,14.97,0.055,11.37,2.415,0.0278,361.22,0.1541,-10.16,4,5
2020PK75,15.24,0.0849,18.26,2.321,0.0557,335.27,0.3242,-12.46,4,5
2020PK92,15.27,0.0601,12.44,2.413,0.0713,356.77,0.1777,-12.15,4,5
2020PL52,14.85,0.0962,20.2,2.379,0.0237,383.39,0.1111,-17.3,4,5
2020PL53,15.17,0.0935,19.6,2.381,0.0436,378.63,0.1307,-17.17,4,5
2020PL75,15.16,0.1316,28.46,2.309,0.0453,263.65,0.094,-27.86,4,50
2020PL78,15.21,0.0261,5.58,2.34,0.0941,308.24,0.379,-6.14,4,5
2020PL81,15.54,0.0543,11.16,2.431,0.0954,355.26,0.1568,-13.25,4,5
2020PL92,15.31,0.0582,11.96,2.431,0.0679,364.69,0.105,-12.57,4,5
2020PM75,15.19,0.1085,22.99,2.357,0.0471,279.34,0.1265,-20.63,4,50
2020PM77,15.19,0.0455,9.29,2.448,0.0916,358.55,0.1067,-12.53,4,5
2020PM80,15.43,0.0422,8.61,2.448,0.1077,353.09,0.139,-12.88,4,50
2020PM87,14.79,0.1016,21.88,2.32,0.0541,353.51,0.2763,-16.98,4,5
2020PN30,14.62,0.0687,14.76,2.324,0.0786,320.69,0.3568,-10.13,4,5
2020PN53,14.49,0.0805,17.18,2.34,0.033,343.77,0.2924,-11.61,4,5
2020PN56,14.68,0.0436,8.99,2.424,0.0199,359.64,0.1441,-8.96,4,5
2020PN75,15.45,0.0854,17.81,2.395,0.0571,373.35,0.1327,-16.1,4,5
2020PN77,15.59,0.0704,14.59,2.409,0.0132,371.32,0.1133,-12.39,4,5
2020PN93,14.72,0.0821,17.09,2.398,0.0489,372.99,0.1286,-15.13,4,5
2020PO114,14.99,0.0981,21.27,2.302,0.0521,339.48,0.3231,-14.97,4,5
2020PO54,14.8,0.0684,14.28,2.391,0.0276,359.34,0.1976,-11.32,4,5
2020PP75,15.26,0.0759,15.8,2.399,0.0518,298.98,0.1527,-13.68,4,50
2020PP92,15.82,0.0496,10.15,2.441,0.0829,360.04,0.1127,-12.35,4,5
2020PP94,15.77,0.0722,15.07,2.394,0.1007,349.97,0.2219,-15.26,4,5
2020PQ75,15.27,0.0487,10.03,2.425,0.0295,362.07,0.1301,-9.78,4,5
2020PQ92,14.98,0.1082,22.86,2.364,0.0365,150.34,0.0793,-20.48,4,50
2020PQ93,15.15,0.0535,11.0,2.429,0.041,365.55,0.1004,-10.88,4,5
2020PR55,15.22,0.0574,11.83,2.424,0.0693,360.64,0.1423,-12.16,4,5
2020PR92,15.0,0.0717,14.97,2.391,0.0205,362.87,0.184,-11.87,4,5
2020PR93,15.08,0.0854,17.88,2.386,0.0369,372.31,0.1525,-15.03,4,5
2020PS51,14.94,0.082,17.04,2.403,0.0324,378.09,0.0855,-14.91,4,5
2020PT93,15.19,0.095,19.96,2.376,0.0246,379.95,0.1344,-16.81,4,5
2020PU55,14.86,0.0924,20.11,2.295,0.0701,326.96,0.3543,-13.89,4,5
2020PU93,15.22,0.1426,31.39,2.27,0.0481,300.93,0.1352,-31.24,4,50
2020PV51,15.17,0.0932,19.57,2.378,0.0434,375.96,0.1495,-16.85,4,5
2020PV54,15.35,0.0127,2.6,2.449,0.067,343.74,0.1143,-8.73,4,50
2020PV73,14.61,0.0977,20.52,2.376,0.0468,380.73,0.1287,-18.2,4,5
2020PW54,14.74,0.008,1.61,1.213,0.0909,255.44,0.4154,0.02,4,50
2020PW73,15.02,0.0991,20.79,2.38,0.0533,317.52,0.0955,-18.99,4,50
2020PW80,15.45,0.0243,5.0,2.43,0.0242,354.76,0.1554,-7.55,4,5
2020PX110,15.44,0.1046,23.91,2.185,0.0294,282.17,0.4849,-10.67,4,5
2020PX16,14.92,0.0995,21.06,2.36,0.0518,306.17,0.1772,-18.12,4,50
2020PX51,14.74,0.1022,21.54,2.371,0.0603,350.77,0.1299,-19.61,4,50
2020PX53,14.65,0.1013,21.27,2.378,0.0536,385.83,0.0947,-19.71,4,5
2020PX54,15.02,0.0644,13.51,2.379,0.0416,349.2,0.244,-10.35,4,5
2020PX80,15.51,0.05,10.19,2.453,0.112,356.82,0.1087,-14.6,4,5
2020PX93,15.21,0.0815,16.97,2.398,0.0412,373.53,0.1263,-14.74,4,5
2020PY111,14.91,0.1112,23.5,2.363,0.045,261.7,0.0489,-21.85,4,50
2020PY51,15.32,0.103,21.59,2.382,0.0636,365.27,0.0572,-20.65,4,50
2020PY74,14.87,0.0835,17.45,2.389,0.0091,368.09,0.1391,-14.27,4,5
2020PY81,15.36,0.0836,17.98,2.323,0.056,334.97,0.324,-12.25,4,5
2020PY93,15.35,0.0982,20.68,2.372,0.0404,201.53,0.1398,-17.5,4,50
2020PZ69,15.23,0.0551,11.38,2.415,0.0333,361.07,0.1537,-10.3,4,5
2020PZ93,15.68,0.0344,6.95,2.476,0.1341,352.02,0.086,-15.17,4,50
2020QA27,14.47,0.0579,12.36,2.337,0.0048,204.0,0.3384,-6.92,4,5
2020QA65,15.14,0.0965,20.27,2.377,0.0411,380.69,0.1278,-17.74,4,5
2020QA76,15.19,0.106,22.39,2.363,0.0609,356.1,0.1312,-20.84,4,50
2020QA80,15.62,0.1213,26.37,2.298,0.036,374.6,0.2334,-22.18,4,5
2020QA85,15.25,0.0607,12.57,2.413,0.0455,362.36,0.152,-11.4,4,5
2020QA89,15.64,0.0675,13.98,2.411,0.0442,231.31,0.1303,-12.29,4,50
2020QC75,14.95,0.1115,23.66,2.353,0.0521,387.88,0.13,-21.85,4,5
2020QC77,15.02,0.0805,16.76,2.399,0.0402,373.2,0.1259,-14.54,4,5
2020QC84,14.94,0.0906,19.42,2.331,0.094,338.08,0.304,-16.47,4,5
2020QC89,15.51,0.1557,34.82,2.235,0.0648,392.68,0.0457,-39.06,4,50
2020QC94,15.05,0.0392,8.46,2.312,0.0722,303.5,0.4068,-5.11,4,5
2020QC95,15.22,0.0539,11.34,2.372,0.0148,341.61,0.2735,-7.94,4,5
2020QD71,15.2,0.074,15.28,2.417,0.0839,366.42,0.1266,-15.7,4,5
2020QD84,14.97,0.0371,7.77,2.385,0.0937,329.11,0.2949,-8.91,4,5
2020QD88,14.93,0.0812,16.91,2.399,0.0435,373.27,0.1261,-14.78,4,5
2020QD94,15.0,0.1253,27.46,2.279,0.0315,52.33,0.2549,-22.34,4,50
2020QE37,15.3,0.0532,10.99,2.418,0.0442,359.6,0.157,-10.38,4,5
2020QE85,15.42,0.1146,25.06,2.283,0.0389,198.56,0.2991,-18.69,4,50
2020QF27,14.93,0.0259,5.31,2.431,0.0296,355.12,0.1525,-7.77,4,5
2020QF65,15.16,0.0288,5.91,2.431,0.0412,355.06,0.1524,-8.23,4,5
2020QF84,14.71,0.1057,22.3,2.368,0.0358,136.06,0.0943,-19.49,4,50
2020QF94,14.96,0.0628,13.26,2.367,0.0459,341.62,0.2777,-9.63,4,5
2020QG100,15.12,0.0446,9.6,2.32,0.0294,312.53,0.3853,-4.71,4,5
2020QG67,14.87,0.1139,24.4,2.332,0.0345,119.47,0.178,-20.65,4,50
2020QG72,15.06,0.044,9.14,2.402,0.0507,346.7,0.2273,-8.63,4,5
2020QG84,14.9,0.0837,17.44,2.398,0.0588,372.48,0.1318,-15.85,4,5
2020QH65,15.05,0.0773,16.14,2.39,0.0655,360.86,0.192,-14.25,4,5
2020QH67,15.01,0.1315,28.83,2.277,0.0339,121.45,0.216,-25.17,4,50
2020QH71,14.84,0.0199,4.45,2.234,0.0684,265.94,0.5192,-0.26,4,50
2020QH84,15.17,0.11,25.4,2.162,0.0528,254.51,0.5007,-11.91,4,50
2020QH90,15.43,0.0422,8.75,2.41,0.0731,345.52,0.2224,-9.56,4,5
2020QJ68,15.05,0.0748,15.53,2.405,0.0477,369.3,0.1349,-13.76,4,5
2020QJ70,15.06,0.0493,10.31,2.389,0.039,345.13,0.2464,-8.44,4,5
2020QJ77,14.88,0.0145,2.98,2.431,0.0176,353.71,0.1572,-7.04,4,5
2020QJ84,15.25,0.0478,10.08,2.368,0.1033,323.95,0.3199,-9.97,4,5
2020QJ88,15.37,0.0549,11.46,2.391,0.0611,346.0,0.241,-9.97,4,5
2020QJ89,15.31,0.0809,16.96,2.383,0.0711,357.36,0.2019,-14.84,4,50
2020QJ90,15.07,0.0543,11.3,2.399,0.0772,345.79,0.2336,-10.85,4,5
2020QK68,15.43,0.127,27.14,2.339,0.0789,402.01,0.0411,-28.73,4,50
2020QK83,14.95,0.0996,21.64,2.299,0.0533,339.38,0.3245,-15.32,4,5
2020QK89,14.75,0.0758,16.04,2.359,0.0586,345.88,0.2703,-12.21,4,5
2020QL17,14.95,0.0824,17.17,2.398,0.0486,373.12,0.1293,-15.19,4,5
2020QL25,15.18,0.0419,8.63,2.423,0.0332,357.28,0.1573,-8.92,4,5
2020QL67,15.24,0.0679,14.25,2.379,0.0098,352.13,0.2289,-10.47,4,5
2020QL94,15.15,0.0817,16.98,2.403,0.0106,378.75,0.0743,-14.52,4,5
2020QM89,15.01,0.02,4.48,2.227,0.0483,210.85,0.5273,0.7,4,50
2020QN67,15.01,0.0425,8.81,2.41,0.049,350.05,0.2075,-8.79,4,5
2020QN84,14.67,0.0824,18.06,2.278,0.008,305.94,0.3982,-8.88,4,5
2020QO101,15.45,0.0901,18.84,2.389,0.0552,322.97,0.1283,-16.71,4,50
2020QO58,15.31,0.071,14.71,2.411,0.0477,368.68,0.127,-13.23,4,5
2020QO72,14.9,0.0438,9.28,2.355,0.0808,321.79,0.3369,-7.75,4,5
2020QO80,14.92,0.0694,14.37,2.414,0.0606,366.54,0.1324,-13.52,4,5
2020QO84,14.87,0.0532,11.11,2.39,0.0044,185.34,0.2314,-8.56,4,5
2020QP72,15.17,0.1487,32.95,2.256,0.0442,268.78,0.0937,-33.82,4,50
2020QP83,15.01,0.0938,19.65,2.384,0.0651,362.16,0.1295,-18.23,4,50
2020QP84,15.06,0.045,9.23,2.436,0.0714,358.36,0.1309,-11.01,4,5
2020QP88,14.97,0.0695,14.4,2.41,0.0406,368.45,0.128,-12.73,4,5
2020QQ104,15.57,0.0614,12.63,2.427,0.0376,370.21,0.0722,-11.92,4,5
2020QQ51,15.08,0.1341,29.27,2.288,0.07,385.0,0.1793,-29.22,4,50
2020QQ65,14.95,0.063,13.89,2.266,0.0452,294.97,0.4463,-5.37,4,5
2020QQ66,14.96,0.1363,29.64,2.297,0.0314,38.54,0.0823,-28.54,4,50
2020QQ67,14.8,0.0975,22.17,2.196,0.018,282.82,0.485,-9.02,4,5
2020QQ71,15.48,0.0516,10.4,2.479,0.1504,354.19,0.0576,-18.85,4,50
2020QQ83,15.3,0.0846,18.07,2.337,0.0549,343.14,0.2943,-13.07,4,5
2020QR83,15.46,0.0368,7.48,2.456,0.1041,355.69,0.1047,-12.46,4,50
2020QS30,14.71,0.083,17.68,2.345,0.0746,342.25,0.2887,-13.96,4,5
2020QS64,14.72,0.0328,7.38,2.22,0.0592,253.02,0.5305,-0.18,4,50
2020QS84,14.88,0.0761,17.6,2.16,0.0419,170.0,0.5634,-2.93,4,50
2020QT17,14.86,0.0473,10.51,2.247,0.0423,180.24,0.4859,-2.19,4,50
2020QT85,15.56,0.0838,18.51,2.262,0.0491,305.32,0.4211,-9.38,4,5
2020QT88,15.05,0.0794,16.41,2.417,0.0624,376.98,0.048,-15.93,4,5
2020QU37,14.6,0.0697,14.99,2.321,0.0714,321.44,0.3573,-9.87,4,5
2020QU65,14.66,0.0225,4.96,2.265,0.0397,148.98,0.4776,-0.69,4,50
2020QU67,15.12,0.0738,15.23,2.421,0.0529,375.37,0.0449,-14.47,4,5
2020QU84,15.18,0.0613,13.07,2.342,0.0549,328.21,0.3309,-8.6,4,5
2020QV64,15.54,0.075,15.45,2.427,0.1185,361.13,0.1337,-18.48,4,50
2020QV67,15.19,0.0409,9.25,2.206,0.0696,258.02,0.5409,-0.76,4,50
2020QV75,15.08,0.0882,18.42,2.391,0.0478,376.0,0.1277,-16.26,4,5
2020QV85,15.17,0.0216,4.44,2.435,0.0131,357.16,0.1316,-7.53,4,5
2020QV91,15.2,0.0535,11.05,2.417,0.0372,360.28,0.155,-10.21,4,5
2020QW65,14.78,0.0462,10.15,2.276,0.0883,288.27,0.4535,-5.19,4,5
2020QW66,14.99,0.0692,14.86,2.326,0.0711,323.09,0.351,-9.93,4,5
2020QW82,14.76,0.0417,8.69,2.399,0.0658,342.2,0.2463,-8.76,4,5
2020QW89,15.15,0.0703,14.6,2.404,0.0317,366.88,0.1482,-12.36,4,5
2020QW91,15.31,0.1313,28.46,2.304,0.0287,4.25,0.1205,-26.28,4,50
2020QW94,15.08,0.0511,10.6,2.406,0.0378,353.95,0.1967,-9.41,4,5
2020QX108,15.22,0.0745,15.46,2.406,0.0468,369.99,0.1283,-13.74,4,5
2020QX83,14.87,0.0975,21.69,2.244,0.0719,305.17,0.4202,-12.87,4,50
2020QX88,15.12,0.0382,7.82,2.442,0.0772,356.69,0.1273,-10.75,4,5
2020QY55,15.07,0.0172,3.75,2.288,0.0843,288.17,0.4521,-2.96,4,50
2020QY83,14.94,0.108,23.74,2.269,0.0792,330.74,0.3514,-18.2,4,50
2020QY84,14.95,0.0732,15.2,2.407,0.0471,369.19,0.1309,-13.52,4,5
2020QY92,15.25,0.0643,13.25,2.424,0.0853,362.37,0.1346,-13.96,4,50
2020QZ15,15.12,0.0038,1.22,0.377,0.1272,344.32,0.1543,-12.46,4,5
2020QZ65,14.93,0.0371,7.74,2.397,0.0413,343.09,0.2442,-7.46,4,5
2020QZ83,15.18,0.0793,16.99,2.331,0.0572,335.0,0.3195,-11.64,4,5
2020QZ84,15.1,0.0397,8.37,2.366,0.0506,329.4,0.3117,-6.62,4,5
2020RA103,15.57,0.1523,36.54,2.107,0.0469,278.66,0.392,-28.27,4,50
2020RA111,15.43,0.0671,14.41,2.326,0.0466,325.29,0.3487,-8.64,4,5
2020RA114,14.97,0.0369,7.6,2.426,0.0297,357.05,0.1515,-8.5,4,5
2020RA118,15.1,0.0924,19.49,2.366,0.0627,353.29,0.2,-16.62,4,50
2020RA119,14.68,0.1515,33.7,2.246,0.0335,425.29,0.0798,-34.9,4,5
2020RA120,14.97,0.0542,11.24,2.409,0.024,358.44,0.175,-9.73,4,5
2020RA126,15.36,0.0734,15.23,2.408,0.0485,369.2,0.1302,-13.6,4,5
2020RA162,15.33,0.1042,22.4,2.323,0.0606,340.53,0.2619,-18.0,4,50
2020RA87,15.14,0.0869,18.31,2.369,0.0684,354.63,0.2182,-15.58,4,50
2020RA89,15.57,0.1232,26.72,2.303,0.0606,354.21,0.2142,-24.15,4,50
2020RA97,14.98,0.0578,12.05,2.395,0.0708,347.34,0.2331,-10.94,4,5
2020RB118,15.03,0.0468,9.7,2.411,0.0772,347.09,0.2162,-10.34,4,5
2020RB119,15.26,0.0348,7.12,2.441,0.0537,359.55,0.1086,-9.52,4,5
2020RB120,15.26,0.0392,8.04,2.438,0.0848,353.44,0.1531,-10.99,4,5
2020RB121,15.46,0.1005,22.69,2.21,0.0532,269.37,0.4588,-11.37,4,50
2020RB145,14.96,0.0221,5.08,2.172,0.039,242.4,0.5884,2.77,4,5
2020RB26,15.0,0.0664,14.27,2.323,0.0551,322.29,0.3569,-8.65,4,5
2020RB36,14.8,0.0909,18.93,2.398,0.05,382.97,0.0608,-17.44,4,5
2020RB74,15.16,0.0648,13.92,2.325,0.065,321.16,0.3572,-8.85,4,5
2020RB88,14.78,0.1059,25.2,2.101,0.0326,75.36,0.5842,-6.92,4,50
2020RB91,15.15,0.052,10.77,2.412,0.0625,331.76,0.1875,-10.36,4,50
2020RC105,15.06,0.1216,25.98,2.34,0.0476,290.42,0.0825,-24.49,4,50
2020RC116,15.15,0.05,10.19,2.451,0.0975,361.33,0.0769,-13.51,4,50
2020RC118,14.87,0.0476,9.85,2.412,0.0477,353.17,0.1928,-9.42,4,5
2020RC119,15.21,0.0819,17.08,2.395,0.0423,372.37,0.1374,-14.75,4,5
2020RC120,15.04,0.1028,22.37,2.295,0.0522,341.08,0.3223,-16.05,4,5
2020RC121,15.02,0.108,23.23,2.322,0.0893,355.79,0.2609,-21.34,4,5
2020RC145,15.15,0.0745,15.52,2.397,0.034,367.02,0.1588,-12.95,4,5
2020RC68,15.33,0.0798,16.84,2.367,0.1235,337.49,0.277,-17.22,4,50
2020RC99,15.02,0.0856,17.85,2.394,0.0517,374.19,0.1302,-15.9,4,5
2020RD117,14.73,0.0752,15.65,2.399,0.0494,366.58,0.1572,-13.63,4,5
2020RD118,15.54,0.0838,17.68,2.368,0.0777,354.14,0.2365,-15.19,4,50
2020RD119,14.9,0.0521,10.84,2.4,0.0252,352.84,0.2088,-9.04,4,5
2020RD120,15.17,0.0763,15.84,2.406,0.0555,369.87,0.13,-14.4,4,5
2020RD121,15.48,0.0325,6.59,2.461,0.105,354.68,0.1016,-12.4,4,5
2020RD129,14.79,0.0659,14.92,2.205,0.0472,213.74,0.5216,-3.08,4,50
2020RD144,14.94,0.0752,16.12,2.329,0.0758,328.11,0.3354,-11.53,4,5
2020RD149,15.19,0.0747,15.75,2.369,0.0903,343.44,0.2663,-13.75,4,50
2020RE118,15.26,0.1379,30.02,2.295,0.0287,4.33,0.0493,-29.18,4,50
2020RE119,15.12,0.0604,12.57,2.398,0.0035,68.99,0.1927,-10.01,4,5
2020RE120,14.99,0.025,5.62,2.223,0.047,203.49,0.5302,0.63,4,50
2020RE121,15.47,0.0366,8.03,2.277,0.0984,284.5,0.4607,-4.74,4,5
2020RE127,15.22,0.1505,33.37,2.253,0.0362,156.48,0.034,-34.54,4,50
2020RE130,14.89,0.103,22.38,2.299,0.069,340.58,0.3185,-17.1,4,5
2020RE134,15.74,0.0661,13.5,2.445,0.1107,364.2,0.074,-17.02,4,5
2020RE68,15.69,0.1093,23.38,2.335,0.0302,376.77,0.1984,-19.4,4,5
2020RE91,14.85,0.0983,20.99,2.34,0.0135,364.53,0.2344,-15.85,4,5
2020RF102,15.02,0.0544,11.19,2.426,0.0466,363.8,0.1199,-11.0,4,5
2020RF118,14.77,0.0259,5.37,2.412,0.0576,343.6,0.2262,-7.6,4,5
2020RF119,15.66,0.0529,10.94,2.412,0.0531,355.34,0.1842,-10.31,4,5
2020RF120,15.41,0.0554,11.38,2.433,0.0529,292.86,0.0727,-11.52,4,50
2020RF121,15.39,0.0887,18.71,2.368,0.03,4.25,0.1923,-14.54,4,50
2020RF129,15.22,0.0886,18.55,2.387,0.0485,374.71,0.1402,-16.27,4,5
2020RF144,15.36,0.0785,16.83,2.328,0.0563,333.21,0.3257,-11.31,4,5
2020RF50,15.19,0.0751,15.51,2.417,0.0921,364.83,0.1354,-16.39,4,5
2020RF65,15.16,0.0966,22.11,2.181,0.0401,272.95,0.5055,-8.61,4,5
2020RG118,15.32,0.0979,20.58,2.376,0.0472,381.07,0.1269,-18.31,4,5
2020RG119,14.9,0.1287,28.01,2.296,0.0194,391.7,0.1829,-24.83,4,5
2020RG120,15.5,0.0421,8.78,2.394,0.0401,343.83,0.2452,-7.8,4,5
2020RG50,14.87,0.0784,16.85,2.324,0.027,334.44,0.3273,-10.32,4,5
2020RG65,14.93,0.023,5.16,2.225,0.0493,217.36,0.5277,0.57,4,50
2020RG84,14.86,0.0822,17.11,2.399,0.0533,372.72,0.1283,-15.34,4,5
2020RG87,15.19,0.0828,17.36,2.382,0.0656,362.03,0.1974,-15.17,4,5
2020RG88,14.74,0.039,8.08,2.41,0.0202,351.41,0.1999,-7.85,4,5
2020RG93,14.79,0.1084,22.96,2.358,0.0563,339.29,0.1306,-21.13,4,50
2020RH110,14.74,0.0575,12.33,2.328,0.0611,318.88,0.3623,-7.61,4,5
2020RH118,15.12,0.075,15.71,2.386,0.135,338.17,0.2587,-18.04,4,50
2020RH119,14.93,0.0467,9.66,2.417,0.1018,344.01,0.2185,-11.91,4,5
2020RH134,15.45,0.0672,13.91,2.412,0.0669,362.48,0.1551,-13.22,4,5
2020RH53,15.49,0.065,13.62,2.381,0.0065,303.53,0.2299,-10.03,4,5
2020RH65,15.54,0.0689,14.56,2.363,0.1332,325.68,0.3105,-15.54,4,50
2020RH84,14.81,0.0538,11.59,2.319,0.0805,310.47,0.3848,-7.53,4,5
2020RH87,15.46,0.0856,18.23,2.343,0.0377,349.83,0.2729,-13.06,4,5
2020RJ118,15.06,0.0184,3.78,2.429,0.0155,353.78,0.16,-7.11,4,5
2020RJ119,15.57,0.0546,11.11,2.457,0.1457,349.26,0.1426,-18.04,4,50
2020RJ120,15.63,0.0661,13.81,2.39,0.0806,348.36,0.2342,-12.61,4,5
2020RJ126,15.08,0.0233,4.73,2.453,0.0886,353.77,0.1206,-10.49,4,5
2020RJ130,15.97,0.047,9.51,2.47,0.1446,350.76,0.1103,-17.14,4,50
2020RJ145,15.19,0.0651,13.5,2.408,0.033,364.39,0.1528,-11.59,4,5
2020RJ51,14.73,0.0367,7.62,2.408,0.1165,332.55,0.2635,-11.22,4,5
2020RJ65,14.88,0.0556,11.79,2.354,0.0946,323.55,0.331,-10.01,4,5
2020RJ84,14.94,0.0765,15.89,2.404,0.0116,374.08,0.1108,-13.36,4,5
2020RJ93,14.87,0.0546,11.26,2.422,0.0565,360.6,0.1448,-11.16,4,5
2020RK108,15.13,0.1038,21.76,2.382,0.1227,369.59,0.1484,-25.64,4,50
2020RK118,15.04,0.0749,16.13,2.317,0.0816,321.76,0.3571,-11.11,4,50
2020RK119,14.78,0.0311,6.36,2.443,0.0399,361.29,0.0867,-8.94,4,5
2020RK120,15.33,0.0699,14.46,2.413,0.0782,362.36,0.1543,-14.31,4,5
2020RK51,15.08,0.1015,21.56,2.352,0.0163,375.94,0.1845,-17.43,4,5
2020RK57,15.06,0.0697,14.43,2.411,0.051,367.31,0.1329,-13.1,4,5
2020RK88,14.88,0.0074,1.31,0.723,0.0519,234.61,0.5011,0.08,4,50
2020RK93,14.84,0.0604,12.53,2.409,0.0372,360.97,0.1659,-10.92,4,5
2020RL102,15.27,0.0575,11.76,2.442,0.0737,367.69,0.0412,-13.19,4,5
2020RL118,15.04,0.0329,6.97,2.356,0.0742,319.62,0.343,-6.38,4,5
2020RL119,14.96,0.0591,12.23,2.413,0.0309,362.95,0.1491,-10.79,4,5
2020RL120,15.18,0.0193,4.05,2.385,0.0201,334.45,0.2827,-5.26,4,5
2020RL144,15.23,0.0761,16.14,2.354,0.0476,345.41,0.2765,-11.69,4,5
2020RL87,15.09,0.0687,15.05,2.278,0.0496,303.29,0.422,-6.98,4,5
2020RL88,15.05,0.071,16.43,2.155,0.0048,131.17,0.5747,-1.4,4,5
2020RM100,15.06,0.1008,22.12,2.276,0.0651,323.93,0.3622,-15.05,4,50
2020RM110,15.52,0.0569,11.82,2.402,0.0639,351.58,0.2105,-10.86,4,5
2020RM118,14.72,0.1047,22.19,2.357,0.0289,4.25,0.1407,-18.74,4,50
2020RM119,15.26,0.0502,10.41,2.406,0.0557,350.86,0.2084,-9.76,4,5
2020RM120,15.38,0.0305,6.35,2.401,0.0736,337.74,0.2565,-8.06,4,5
2020RM121,15.63,0.0308,6.27,2.453,0.097,353.41,0.1256,-11.46,4,5
2020RM128,15.65,0.1067,22.56,2.361,0.054,326.42,0.1306,-20.42,4,50
2020RM51,14.99,0.0739,15.58,2.369,0.0091,350.57,0.2405,-11.16,4,5
2020RM86,14.75,0.0425,8.75,2.424,0.0467,356.45,0.1596,-9.34,4,5
2020RM87,15.38,0.0581,12.9,2.249,0.0854,280.94,0.4771,-5.52,4,5
2020RM88,14.94,0.0782,16.31,2.395,0.0815,360.24,0.1874,-15.47,4,5
2020RM89,15.43,0.0333,6.79,2.446,0.0891,353.48,0.1384,-10.96,4,5
2020RN100,14.93,0.0677,14.5,2.334,0.0711,326.21,0.3385,-10.03,4,5
2020RN109,15.26,0.0332,7.43,2.227,0.0477,210.76,0.5205,-0.14,4,50
2020RN118,15.27,0.0825,17.17,2.399,0.0525,373.34,0.1248,-15.41,4,5
2020RN119,15.35,0.0303,6.19,2.448,0.0536,361.11,0.0743,-9.44,4,5
2020RN120,15.02,0.087,18.18,2.39,0.0381,376.36,0.1261,-15.7,4,5
2020RN147,15.06,0.0524,11.0,2.378,0.0996,330.92,0.2943,-10.83,4,5
2020RN149,15.46,0.0786,16.34,2.402,0.0504,371.06,0.1312,-14.54,4,5
2020RN164,15.25,0.0684,14.1,2.421,0.0826,363.71,0.1341,-14.61,4,5
2020RN89,15.37,0.0529,10.9,2.426,0.0383,364.16,0.1165,-10.59,4,5
2020RO117,14.86,0.1263,29.25,2.156,0.0286,15.01,0.4635,-16.43,4,50
2020RO118,15.25,0.0049,1.22,1.675,0.092,344.82,0.1877,-9.32,4,5
2020RO119,14.97,0.0191,4.28,2.23,0.0477,208.4,0.5239,0.64,4,50
2020RO120,15.9,0.0805,16.56,2.428,0.2107,328.68,0.222,-30.65,4,50
2020RO127,15.49,0.0879,18.45,2.38,0.0635,350.56,0.1756,-16.21,4,50
2020RO51,15.25,0.0947,19.86,2.382,0.055,324.59,0.1278,-17.73,4,50
2020RO55,15.34,0.0277,5.63,2.458,0.0963,354.69,0.106,-11.39,4,5
2020RO88,15.04,0.0443,9.13,2.423,0.0201,359.44,0.1475,-8.99,4,5
2020RP101,15.04,0.0491,10.34,2.371,0.0258,338.07,0.2843,-7.38,4,5
2020RP118,14.79,0.0345,7.07,2.434,0.0118,360.67,0.1151,-8.41,4,5
2020RP119,14.88,0.0687,14.21,2.415,0.0767,363.11,0.1464,-14.14,4,5
2020RP120,15.68,0.1108,23.85,2.32,0.0131,371.74,0.2282,-18.87,4,5
2020RP126,15.61,0.0703,14.57,2.411,0.0575,327.09,0.1334,-13.26,4,50
2020RP127,15.29,0.018,3.9,2.301,0.0463,215.91,0.4305,-2.07,4,50
2020RP144,15.98,0.0653,14.11,2.31,0.0707,313.49,0.3827,-8.52,4,5
2020RP162,15.26,0.1364,30.44,2.237,0.0375,182.96,0.2759,-26.39,4,50
2020RP99,14.72,0.0846,18.21,2.321,0.0444,336.39,0.3229,-12.0,4,5
2020RQ107,14.77,0.0832,17.89,2.322,0.0554,334.48,0.3256,-12.1,4,5
2020RQ117,14.95,0.1035,21.93,2.358,0.069,369.5,0.1744,-20.14,4,50
2020RQ118,15.65,0.039,8.08,2.409,0.0353,349.69,0.2081,-8.03,4,5
2020RQ119,15.51,0.0565,11.74,2.402,0.1215,337.05,0.2536,-14.0,4,5
2020RQ120,15.2,0.0773,16.06,2.404,0.0481,370.94,0.1288,-14.24,4,5
2020RQ125,15.18,0.0751,15.57,2.41,0.0943,360.73,0.1652,-16.15,4,5
2020RQ137,15.16,0.1274,27.54,2.31,0.0505,311.45,0.1499,-25.72,4,50
2020RQ139,15.46,0.0628,12.97,2.419,0.0557,364.86,0.1297,-12.33,4,5
2020RQ16,15.36,0.0121,2.03,0.943,0.163,340.81,0.1319,-16.59,4,5
2020RQ162,15.74,0.0454,9.44,2.401,0.0424,348.13,0.2239,-8.55,4,5
2020RR110,15.43,0.0138,2.83,2.437,0.0188,356.29,0.1316,-7.31,4,5
2020RR117,14.96,0.067,14.4,2.324,0.0729,320.82,0.3573,-9.55,4,5
2020RR118,14.93,0.0754,16.14,2.331,0.0537,332.74,0.3254,-10.71,4,5
2020RR119,15.47,0.0717,14.78,2.421,0.0357,376.34,0.0173,-13.56,4,5
2020RR120,15.22,0.0516,10.74,2.4,0.0418,350.95,0.2154,-9.3,4,5
2020RR125,15.31,0.083,17.84,2.323,0.0563,334.3,0.3258,-12.1,4,5
2020RR127,15.45,0.0403,8.23,2.444,0.0374,365.75,0.0311,-9.81,4,5
2020RR41,14.93,0.0304,6.23,2.437,0.0736,352.39,0.1584,-9.6,4,5
2020RR84,15.17,0.0724,15.08,2.396,0.0715,358.31,0.1935,-13.74,4,5
2020RR88,15.69,0.0613,12.53,2.443,0.1357,351.01,0.1567,-17.76,4,50
2020RR90,14.59,0.0213,4.77,2.23,0.0479,209.8,0.5229,0.52,4,50
2020RR96,15.23,0.0898,19.14,2.343,0.0353,354.64,0.2593,-14.08,4,5
2020RS117,15.16,0.0525,10.77,2.434,0.059,364.12,0.0998,-11.47,4,5
2020RS118,15.0,0.0698,14.45,2.412,0.0441,369.17,0.1201,-12.98,4,5
2020RS119,15.22,0.1044,22.04,2.366,0.0561,334.76,0.1278,-20.09,4,50
2020RS120,15.06,0.0784,16.49,2.374,0.0256,360.03,0.2147,-12.57,4,5
2020RS127,15.1,0.068,14.09,2.412,0.046,366.92,0.134,-12.64,4,5
2020RS162,15.18,0.0793,16.48,2.404,0.059,370.93,0.1289,-15.1,4,5
2020RS168,15.38,0.1048,22.13,2.364,0.053,319.44,0.129,-20.08,4,50
2020RS39,15.17,0.0565,11.6,2.431,0.0372,368.79,0.0689,-11.32,4,5
2020RS80,15.06,0.0689,14.72,2.336,0.0934,323.62,0.3402,-11.52,4,5
2020RS96,15.19,0.0373,7.66,2.432,0.0886,349.37,0.18,-10.7,4,5
2020RT117,15.14,0.0975,21.16,2.301,0.061,336.84,0.3288,-15.13,4,5
2020RT119,14.96,0.0694,14.35,2.415,0.0499,369.25,0.1137,-13.2,4,5
2020RT120,14.99,0.0978,21.21,2.303,0.0611,326.85,0.3226,-15.21,4,50
2020RT129,14.93,0.0888,19.26,2.304,0.041,332.03,0.3427,-12.17,4,5
2020RT130,14.97,0.0574,11.95,2.398,0.0241,355.16,0.2033,-9.7,4,5
2020RT136,15.15,0.0747,15.83,2.354,0.0537,343.39,0.2816,-11.59,4,5
2020RT162,15.09,0.1083,23.48,2.303,0.0485,284.21,0.2853,-17.89,4,50
2020RT28,14.94,0.0701,14.61,2.395,0.0188,363.24,0.1779,-11.68,4,5
2020RT96,15.4,0.0564,11.59,2.431,0.0704,362.66,0.1188,-12.34,4,5
2020RU103,14.8,0.0933,20.16,2.311,0.0479,339.2,0.3204,-13.83,4,5
2020RU117,15.53,0.0732,15.76,2.319,0.0867,320.5,0.3584,-11.08,4,50
2020RU118,15.08,0.0495,10.28,2.404,0.133,331.09,0.2684,-13.85,4,5
2020RU119,14.75,0.0577,12.04,2.392,0.067,346.99,0.2367,-10.67,4,5
2020RU120,15.29,0.0431,8.99,2.394,0.0402,344.12,0.2446,-7.91,4,5
2020RU128,14.79,0.0985,20.63,2.385,0.0191,390.65,0.0219,-18.22,4,5
2020RU162,15.13,0.0838,17.71,2.362,0.0169,359.83,0.2282,-13.15,4,5
2020RU168,15.28,0.0934,19.56,2.386,0.068,367.91,0.1302,-18.21,4,50
2020RU17,15.21,0.0437,9.03,2.418,0.1,343.38,0.2199,-11.42,4,5
2020RU85,15.12,0.0711,15.19,2.336,0.068,329.89,0.3281,-10.63,4,5
2020RU86,14.99,0.1114,23.99,2.318,0.0178,371.31,0.2305,-19.04,4,5
2020RU96,15.23,0.0694,14.35,2.414,0.1076,354.55,0.1826,-16.06,4,5
2020RV1,14.4,0.0376,8.39,2.239,0.0619,272.6,0.5051,-1.58,4,5
2020RV107,14.89,0.0485,10.01,2.42,0.03,359.78,0.1506,-9.55,4,5
2020RV117,15.18,0.0588,12.0,2.446,0.0997,363.03,0.0805,-14.94,4,5
2020RV118,14.9,0.0765,16.83,2.27,0.0469,304.48,0.4215,-8.05,4,5
2020RV119,15.27,0.056,11.45,2.443,0.0824,364.76,0.0731,-13.38,4,5
2020RV127,15.14,0.0771,16.56,2.325,0.0594,329.99,0.3355,-10.99,4,5
2020RV52,15.21,0.0637,13.65,2.329,0.071,321.42,0.3535,-9.08,4,5
2020RV86,15.24,0.0476,9.99,2.379,0.0312,340.24,0.2715,-7.6,4,5
2020RV96,15.27,0.037,7.6,2.431,0.0499,356.69,0.146,-9.16,4,5
2020RW117,14.91,0.0466,9.65,2.409,0.0467,351.62,0.2018,-9.15,4,5
2020RW118,15.4,0.0754,16.23,2.32,0.0398,328.72,0.3435,-9.77,4,5
2020RW119,15.47,0.0667,14.08,2.367,0.0727,340.01,0.2801,-11.32,4,5
2020RW127,15.49,0.0544,11.27,2.412,0.0393,358.2,0.1726,-10.16,4,5
2020RW129,15.3,0.0767,15.93,2.403,0.0392,371.43,0.1275,-13.82,4,5
2020RW41,15.12,0.0784,16.29,2.404,0.061,369.95,0.1329,-15.01,4,5
2020RW52,15.49,0.0621,12.9,2.402,0.0322,359.59,0.1813,-10.79,4,5
2020RW86,14.87,0.084,17.68,2.372,0.0333,363.54,0.2053,-13.89,4,5
2020RX102,15.62,0.064,13.4,2.385,0.0262,353.13,0.226,-10.22,4,5
2020RX117,15.01,0.1009,22.28,2.261,0.0523,319.74,0.386,-13.87,4,5
2020RX118,15.21,0.0536,11.0,2.433,0.0267,369.3,0.0483,-10.82,4,5
2020RX119,14.97,0.0729,15.13,2.406,0.0451,368.68,0.1353,-13.34,4,5
2020RX133,15.51,0.157,35.17,2.231,0.068,404.3,0.0455,-39.97,4,50
2020RX21,15.08,0.0448,9.24,2.423,0.0361,358.45,0.1521,-9.32,4,5
2020RX52,15.4,0.0894,18.88,2.367,0.0378,162.85,0.1982,-14.87,4,50
2020RX55,14.63,0.0076,1.35,0.07,0.0425,243.47,0.5865,2.96,4,5
2020RY115,15.16,0.096,20.15,2.379,0.0533,378.58,0.1344,-18.08,4,5
2020RY117,15.06,0.0403,8.31,2.42,0.0756,348.54,0.1991,-9.9,4,5
2020RY119,15.63,0.039,7.93,2.455,0.0753,363.04,0.013,-11.36,4,5
2020RY126,14.8,0.0414,8.64,2.394,0.0741,338.39,0.2604,-8.82,4,5
2020RY133,15.4,0.0322,6.93,2.321,0.0946,301.94,0.4035,-5.89,4,5
2020RY162,15.51,0.0558,11.43,2.439,0.0545,369.22,0.0222,-12.05,4,5
2020RY21,15.52,0.0638,13.32,2.391,0.049,353.27,0.2185,-10.98,4,5
2020RY50,15.39,0.0323,6.6,2.442,0.0693,355.94,0.1312,-9.82,4,5
2020RY87,15.38,0.0561,11.74,2.388,0.0053,241.63,0.2306,-8.9,4,5
2020RY88,15.24,0.0957,20.0,2.391,0.0662,367.63,0.0858,-18.96,4,50
2020RZ110,14.84,0.0647,13.66,2.364,0.0184,344.2,0.2733,-9.31,4,5
2020RZ118,15.07,0.0795,16.54,2.401,0.0474,372.07,0.1282,-14.62,4,5
2020RZ119,15.37,0.0421,8.67,2.423,0.03,357.81,0.1543,-8.9,4,5
2020RZ120,15.81,0.0475,9.7,2.447,0.0943,358.4,0.1107,-12.9,4,5
2020RZ126,15.27,0.1194,25.81,2.311,0.0214,381.2,0.2053,-21.74,4,5
2020RZ127,15.11,0.0861,17.92,2.399,0.0471,378.27,0.0966,-16.14,4,5
2020RZ146,15.38,0.0636,12.97,2.448,0.0998,366.99,0.0185,-15.92,4,5
2020RZ162,15.55,0.0881,19.01,2.315,0.0472,336.38,0.3256,-12.68,4,5
2020RZ54,15.01,0.0377,7.76,2.426,0.032,357.05,0.1522,-8.6,4,5
2020RZ97,15.07,0.1036,21.86,2.367,0.0437,384.32,0.1271,-19.43,4,5
2020SA73,14.89,0.0532,10.94,2.427,0.1027,351.0,0.1804,-13.33,4,5
2020SA85,15.3,0.0491,10.25,2.392,0.0614,343.0,0.25,-9.17,4,5
2020SA91,15.02,0.0824,17.16,2.398,0.0044,201.87,0.1008,-14.41,4,5
2020SB33,15.21,0.0372,7.76,2.394,0.1394,321.06,0.3043,-12.35,4,5
2020SB85,15.28,0.0336,6.91,2.429,0.033,356.62,0.1486,-8.36,4,5
2020SC33,15.27,0.0546,11.45,2.38,0.0634,340.23,0.2694,-9.49,4,5
2020SC72,15.19,0.0877,18.65,2.349,0.0395,354.73,0.2544,-13.91,4,5
2020SC84,14.91,0.0484,10.22,2.363,0.0327,333.31,0.3043,-7.04,4,5
2020SD63,15.0,0.1016,21.43,2.368,0.0336,384.26,0.1259,-18.67,4,5
2020SD70,15.0,0.0815,17.12,2.377,0.0602,359.62,0.2112,-14.4,4,5
2020SD73,14.87,0.0754,16.65,2.261,0.0696,296.88,0.4385,-8.34,4,5
2020SD84,15.16,0.0817,16.94,2.409,0.0335,380.57,0.0358,-15.14,4,5
2020SE63,15.04,0.1154,24.79,2.325,0.0451,379.16,0.1975,-21.59,4,5
2020SE78,15.13,0.0388,8.59,2.257,0.0828,279.04,0.4827,-3.36,4,5
2020SF63,15.1,0.0648,13.29,2.434,0.0887,365.27,0.0963,-14.86,4,5
2020SF84,14.48,0.0312,6.54,2.384,0.0206,336.82,0.2768,-5.99,4,5
2020SG22,14.68,0.0536,11.4,2.348,0.047,327.74,0.329,-7.43,4,5
2020SG63,14.85,0.0953,20.56,2.315,0.0078,333.49,0.3013,-13.75,4,5
2020SG76,14.82,0.0518,10.68,2.422,0.0527,359.4,0.1509,-10.6,4,5
2020SG84,15.51,0.0543,11.15,2.431,0.1061,352.45,0.1684,-13.88,4,5
2020SG98,14.63,0.0312,6.58,2.364,0.0383,326.92,0.3207,-5.44,4,5
2020SH33,14.73,0.099,21.13,2.341,0.0582,360.62,0.2411,-17.31,4,5
2020SH84,15.06,0.0654,13.61,2.398,0.0166,361.05,0.1821,-10.92,4,5
2020SH98,14.85,0.0714,15.6,2.286,0.0931,302.75,0.4124,-9.88,4,5
2020SJ83,14.75,0.0239,5.19,2.304,0.0871,294.56,0.4303,-4.21,4,5
2020SJ84,15.29,0.0329,6.72,2.447,0.0522,361.82,0.0712,-9.59,4,5
2020SK82,14.47,0.0653,13.88,2.35,0.0317,337.11,0.3034,-9.02,4,5
2020SL107,15.06,0.0996,22.85,2.175,0.0401,271.58,0.5081,-9.07,4,5
2020SL73,14.96,0.0974,21.11,2.304,0.0587,339.07,0.322,-15.2,4,5
2020SL84,14.83,0.0769,16.48,2.33,0.0553,332.98,0.3254,-11.02,4,5
2020SM100,15.62,0.1393,30.34,2.293,0.0216,420.28,0.0097,-30.01,4,5
2020SM65,14.87,0.0852,17.68,2.407,0.0884,371.12,0.1204,-18.22,4,5
2020SM84,14.91,0.1233,27.21,2.262,0.0289,356.12,0.3014,-20.97,4,5
2020SN82,15.15,0.1178,25.28,2.327,0.0375,385.56,0.174,-22.2,4,5
2020SO84,14.6,0.0737,15.66,2.35,0.0582,339.99,0.2936,-11.38,4,5
2020SO94,14.78,0.0628,13.25,2.365,0.0844,334.23,0.2965,-11.1,4,5
2020SP103,15.07,0.0832,18.55,2.24,0.0549,293.34,0.4531,-8.51,4,5
2020SP84,15.02,0.0541,11.3,2.39,0.0045,192.04,0.231,-8.67,4,5
2020SP90,15.36,0.054,11.03,2.445,0.075,366.58,0.0344,-12.85,4,5
2020SQ84,14.99,0.1106,23.42,2.358,0.0324,393.51,0.0916,-21.17,4,5
2020SQ98,14.78,0.0824,17.71,2.323,0.0544,334.32,0.3258,-11.91,4,5
2020SR108,15.52,0.0831,17.29,2.399,0.0612,372.2,0.1305,-15.9,4,5
2020SR50,15.18,0.0766,15.86,2.414,0.0358,377.65,0.0482,-14.29,4,5
2020SS107,15.35,0.0949,19.94,2.377,0.0145,381.0,0.1283,-16.67,4,5
2020SS108,15.33,0.0742,16.37,2.263,0.0596,298.46,0.4359,-7.76,4,5
2020SS84,15.58,0.0248,5.36,2.309,0.0983,295.3,0.4241,-5.08,4,5
2020ST64,14.98,0.1019,23.07,2.205,0.0496,290.29,0.4631,-11.59,4,5
2020ST70,14.81,0.0991,21.53,2.298,0.023,341.45,0.3234,-14.24,4,5
2020ST84,15.39,0.0208,4.67,2.222,0.0394,264.15,0.5309,0.87,4,5
2020SU65,14.84,0.0334,6.89,2.425,0.1028,341.59,0.2184,-10.76,4,5
2020SU83,14.68,0.1016,22.59,2.247,0.0219,315.42,0.4032,-12.52,4,5
2020SU84,15.34,0.0756,15.68,2.406,0.05,370.2,0.1282,-14.04,4,5
2020SV108,15.12,0.123,26.54,2.314,0.0116,391.68,0.1655,-23.23,4,5
2020SV64,15.13,0.0829,17.2,2.408,0.0321,381.82,0.0071,-26.34,4,5
2020SV84,15.24,0.054,11.14,2.419,0.045,360.34,0.1522,-10.55,4,5
2020SV91,15.06,0.084,18.17,2.307,0.0818,323.2,0.3567,-12.87,4,5
2020SV96,14.85,0.0933,19.53,2.385,0.058,377.51,0.1286,-17.8,4,5
2020SW34,15.03,0.0978,20.71,2.358,0.0667,367.11,0.204,-18.29,4,5
2020SW84,15.45,0.0763,15.84,2.406,0.0549,370.11,0.1282,-14.38,4,5
2020SW99,15.29,0.0787,16.36,2.404,0.0506,371.9,0.1241,-14.65,4,5
2020SX32,15.04,0.045,9.89,2.269,0.0676,287.08,0.4624,-3.78,4,5
2020SX8,14.62,0.0141,3.2,2.151,0.0397,241.8,0.5902,3.08,4,5
2020SX83,14.94,0.0943,20.75,2.271,0.079,314.57,0.3901,-13.78,4,5
2020SX84,15.49,0.1046,23.44,2.228,0.0442,305.86,0.4261,-13.09,4,5
2020SX96,15.12,0.0929,19.46,2.385,0.0592,376.75,0.1325,-17.75,4,5
2020SX98,15.32,0.0929,19.46,2.385,0.0519,378.23,0.1259,-17.45,4,5
2020SY68,15.2,0.0911,19.65,2.316,0.0604,337.84,0.3195,-13.99,4,5
2020SY71,14.85,0.1038,22.58,2.294,0.0699,338.99,0.3242,-17.18,4,5
2020SY91,15.42,0.0554,12.09,2.29,0.0495,302.21,0.4211,-5.34,4,5
2020SZ97,14.61,0.0129,2.75,2.346,0.0885,309.45,0.374,-5.4,4,5
2020TA88,15.29,0.0544,11.24,2.415,0.0298,360.98,0.1541,-10.14,4,5
2020TB91,14.75,0.1058,22.42,2.355,0.0667,376.45,0.1733,-20.67,4,5
2020TC76,14.83,0.064,13.31,2.399,0.033,359.5,0.1858,-11.0,4,5
2020TE90,15.38,0.051,10.54,2.417,0.0497,357.08,0.1696,-10.17,4,5
2020TE98,15.43,0.0712,14.71,2.417,0.0331,374.13,0.0737,-13.2,4,5
2020TF18,14.86,0.1297,28.23,2.294,0.0299,391.8,0.1828,-25.43,4,5
2020TF2,14.53,0.0906,20.14,2.246,0.1045,295.03,0.4341,-13.49,4,5
2020TH77,14.99,0.0858,17.88,2.396,0.0519,375.13,0.1222,-16.02,4,5
2020TK83,15.32,0.0398,8.26,2.406,0.0541,346.02,0.2257,-8.42,4,5
2020TM69,14.7,0.05,10.4,2.401,0.0239,352.21,0.2074,-8.77,4,5
2020TM72,14.95,0.102,21.5,2.369,0.036,384.52,0.123,-18.81,4,5
2020TO78,14.93,0.1006,21.47,2.339,0.0124,367.31,0.2263,-16.46,4,5
2020TO90,14.85,0.1042,22.11,2.355,0.0383,379.58,0.1652,-18.91,4,5
2020TP81,15.32,0.1383,30.1,2.295,0.0165,417.98,0.0496,-29.35,4,5
2020TQ77,14.94,0.0728,15.4,2.36,0.0221,348.17,0.2651,-10.69,4,5
2020TR77,15.3,0.0651,13.56,2.396,0.0664,353.74,0.2103,-12.07,4,5
2020TR80,15.09,0.0843,17.57,2.395,0.0421,374.82,0.1255,-15.3,4,5
2020TS69,14.85,0.0349,7.19,2.425,0.0356,355.03,0.1635,-8.34,4,5
2020TS70,14.75,0.1007,21.58,2.329,0.0866,350.27,0.2729,-18.92,4,5
2020TS77,15.11,0.0178,3.82,2.332,0.1195,299.26,0.4005,-6.9,4,5
2020TS92,15.6,0.0626,12.95,2.412,0.0705,358.44,0.1718,-12.54,4,5
2020TT55,14.9,0.13,28.12,2.308,0.018,404.07,0.1156,-26.07,4,5
2020TU77,14.52,0.0563,11.77,2.388,0.0044,185.16,0.2317,-8.91,4,5
2020TV77,15.21,0.0347,7.06,2.451,0.0859,356.78,0.1085,-11.16,4,5
2020TV83,14.87,0.1488,33.03,2.25,0.0321,417.9,0.117,-33.35,4,5
2020TW77,14.66,0.0423,9.0,2.35,0.0615,321.86,0.3422,-6.55,4,5
2020TW87,15.33,0.071,14.71,2.411,0.0526,368.11,0.1289,-13.42,4,5
2020TX62,15.39,0.0673,13.91,2.415,0.1795,328.13,0.2534,-22.28,4,5
2020TX77,15.23,0.0561,11.74,2.388,0.0043,173.62,0.2318,-8.88,4,5
2020TY22,14.84,0.0892,20.45,2.178,0.042,265.95,0.5226,-6.67,4,5
2020TY77,15.25,0.0863,18.02,2.392,0.0483,374.71,0.1313,-15.89,4,5
2020TZ21,14.9,0.1241,28.19,2.198,0.0205,315.25,0.4104,-17.77,4,5
2020TZ77,15.02,0.0537,11.12,2.413,0.075,352.4,0.1936,-11.34,4,5
2020TZ81,14.98,0.025,5.59,2.228,0.0407,267.1,0.5184,0.39,4,5
2020UA39,15.22,0.1443,31.73,2.272,0.0485,415.33,0.0987,-32.7,4,5
2020UC45,14.87,0.0956,20.06,2.381,0.0562,378.47,0.1314,-18.16,4,5
2020UG5,15.18,0.0629,12.89,2.437,0.1309,351.5,0.1629,-17.5,4,5
2020UQ54,15.21,0.108,22.88,2.358,0.0455,386.95,0.1274,-20.71,4,5
2020US54,14.94,0.0949,20.12,2.355,0.0166,368.19,0.2086,-15.58,4,5
2020UT54,15.11,0.1241,26.87,2.308,0.0075,361.07,0.1802,-23.27,4,5
2020UT75,14.9,0.0802,16.59,2.414,0.0935,367.69,0.1265,-17.54,4,5
2020UV54,15.1,0.0725,15.67,2.309,0.0761,316.52,0.3744,-10.08,4,5
2020UV64,15.06,0.1332,29.08,2.289,0.0561,391.68,0.182,-27.92,4,5
2020XE7,14.28,0.0786,17.7,2.219,0.0508,279.66,0.4892,-6.31,4,5
2020XY23,15.1,0.0831,19.41,2.137,0.0044,70.75,0.5793,-2.9,4,5
2021AD3,15.25,0.1083,24.8,2.179,0.0173,283.22,0.4832,-11.31,4,5
2021FO56,14.99,0.1553,37.23,2.086,0.0253,302.96,0.4294,-27.3,5,5
2021GA53,14.61,0.1182,27.18,2.172,0.0398,289.3,0.4657,-14.83,5,5
2021GD110,14.92,0.1011,21.96,2.3,0.0288,344.77,0.3135,-15.06,5,5
2021GG127,15.12,0.1243,26.82,2.316,0.0208,394.79,0.1515,-23.92,5,5
2021GK127,15.13,0.1246,26.73,2.327,0.0235,403.53,0.091,-24.81,5,5
2021GK198,14.97,0.0949,19.87,2.385,0.0299,384.16,0.0925,-17.32,5,5
2021GK71,14.66,0.089,18.61,2.389,0.0394,377.77,0.121,-16.17,5,5
2021GL123,14.63,0.0531,11.36,2.335,0.1121,311.3,0.3687,-10.0,5,5
2021GL159,14.72,0.0436,9.12,2.386,0.0436,340.33,0.2643,-7.69,5,5
2021GM122,15.05,0.0619,13.2,2.341,0.1246,314.74,0.3535,-12.62,5,5
2021GM68,14.6,0.0526,10.83,2.424,0.201,316.4,0.276,-22.2,5,5
2021GN101,14.95,0.0743,15.63,2.372,0.0278,354.85,0.2339,-11.61,5,5
2021GO58,14.69,0.0882,19.83,2.221,0.037,288.42,0.4694,-8.19,5,5
2021GP166,14.54,0.0708,14.82,2.384,0.0731,350.79,0.2327,-12.91,5,5
2021GP63,14.99,0.0217,4.49,2.415,0.1379,325.31,0.2772,-11.75,5,5
2021GR101,14.88,0.0085,1.73,0.818,0.1631,323.28,0.262,-14.16,5,5
2021GR73,15.57,0.0467,9.56,2.44,0.1922,322.68,0.2496,-20.82,5,5
2021GT104,15.07,0.1224,26.55,2.303,0.024,381.59,0.2103,-22.56,5,5
2021GX125,14.91,0.1104,25.02,2.202,0.0368,298.14,0.4469,-13.47,5,5
2021GY125,15.17,0.0938,19.88,2.357,0.115,347.98,0.2541,-20.27,5,5
2021GY72,15.04,0.0076,1.61,1.544,0.1283,331.03,0.2496,-11.01,5,5
2021GZ63,15.55,0.0448,9.3,2.404,0.1341,329.01,0.2742,-13.29,5,5
2021GZ89,14.88,0.1099,24.14,2.273,0.0543,337.47,0.3394,-17.41,5,5
2021HA22,15.21,0.0567,11.75,2.409,0.0485,357.16,0.1811,-10.63,5,5
2021HE15,15.38,0.0725,15.13,2.393,0.0669,357.87,0.1992,-13.41,5,5
2021HE19,15.43,0.0597,12.28,2.427,0.1,355.24,0.1639,-14.22,5,5
2021HF21,15.34,0.0681,13.95,2.438,0.1022,365.13,0.089,-16.49,5,5
2021HH6,14.79,0.0527,10.88,2.418,0.0991,348.02,0.2032,-12.63,5,5
2021HL12,14.86,0.0612,12.64,2.418,0.0761,358.66,0.1629,-12.8,5,5
2021HO5,14.75,0.0866,19.62,2.203,0.0091,275.87,0.4966,-6.54,5,5
2021HP15,15.01,0.1079,24.51,2.198,0.0242,293.72,0.4588,-12.18,5,5
2021HQ12,15.46,0.0324,6.63,2.439,0.1491,332.82,0.2296,-14.56,5,5
2021HS17,15.24,0.0797,16.68,2.385,0.0378,365.6,0.1814,-13.63,5,5
2021HS31,15.8,0.0814,16.45,2.475,0.2409,329.04,0.1542,-38.01,5,5
2021HU18,14.79,0.0531,11.12,2.383,0.0722,339.19,0.2693,-9.75,5,5
2021HV18,15.1,0.0831,17.54,2.366,0.0569,356.38,0.233,-14.17,5,5
2021HW14,14.77,0.0568,12.63,2.247,0.0938,278.47,0.4817,-5.69,5,5
2021HX18,15.35,0.0861,17.9,2.404,0.0439,381.21,0.057,-16.24,5,5
2021HY18,15.11,0.0557,11.87,2.346,0.0767,323.54,0.3373,-8.75,5,5
2021HZ21,15.73,0.0765,15.81,2.418,0.0488,377.29,0.0327,-14.79,5,5
2021JA77,15.13,0.0671,14.52,2.308,0.0836,311.8,0.385,-9.41,5,5
2021JB18,15.15,0.0595,12.29,2.419,0.0815,356.81,0.1687,-12.82,5,5
2021JB77,15.21,0.0476,9.85,2.413,0.1015,342.49,0.2288,-11.78,5,5
2021JC28,14.59,0.1388,31.61,2.192,0.0175,341.02,0.3547,-23.89,5,5
2021JC39,14.88,0.1082,24.6,2.195,0.0307,292.07,0.4619,-12.3,5,5
2021JC58,14.09,0.0897,20.12,2.227,0.0452,291.95,0.4592,-9.06,5,5
2021JD37,15.29,0.0508,10.39,2.444,0.0858,361.66,0.0932,-12.81,5,5
2021JD50,15.43,0.0614,12.43,2.466,0.1473,355.23,0.0885,-19.96,5,5
2021JE21,15.28,0.0147,2.99,2.445,0.0949,347.36,0.1682,-9.97,5,5
2021JE36,15.22,0.032,6.5,2.46,0.0894,358.79,0.0634,-11.51,5,5
2021JE39,15.12,0.1232,28.38,2.168,0.018,294.41,0.4567,-15.9,5,5
2021JE52,15.01,0.0338,6.95,2.426,0.072,349.21,0.1887,-9.34,5,5
2021JF18,14.97,0.0865,19.02,2.272,0.0056,241.43,0.3991,-9.56,5,5
2021JF34,15.74,0.0723,14.7,2.455,0.1521,356.7,0.1005,-22.3,5,5
2021JF77,15.53,0.0964,20.22,2.383,0.1032,366.57,0.1721,-21.34,5,5
2021JG32,15.0,0.0594,12.31,2.408,0.0077,340.64,0.16,-10.34,5,5
2021JG51,15.04,0.0983,22.15,2.217,0.0452,293.73,0.4555,-10.79,5,5
2021JG77,14.95,0.024,5.31,2.26,0.0327,280.9,0.4815,-0.62,5,5
2021JG78,14.85,0.0389,8.5,2.288,0.056,294.77,0.4399,-3.49,5,5
2021JH18,14.94,0.0404,8.81,2.287,0.0656,294.02,0.4403,-3.95,5,5
2021JH69,15.63,0.0283,5.83,2.428,0.1261,334.74,0.2375,-11.91,5,5
2021JK24,14.89,0.1016,22.8,2.226,0.0666,299.83,0.4358,-13.16,5,5
2021JM20,14.81,0.0881,19.83,2.219,0.0315,287.34,0.4727,-7.95,5,5
2021JN22,14.49,0.1119,24.66,2.266,0.0744,332.61,0.3484,-18.84,5,5
2021JP35,14.67,0.1031,23.56,2.184,0.0378,280.24,0.4883,-10.49,5,5
2021JP44,14.69,0.0887,20.3,2.183,0.0375,268.49,0.5175,-6.65,5,5
2021JQ26,14.98,0.0469,9.9,2.366,0.082,327.19,0.3155,-8.63,5,5
2021JQ35,15.46,0.0387,7.98,2.423,0.0736,349.74,0.19,-9.79,5,5
2021JQ36,14.79,0.096,20.51,2.338,0.048,357.1,0.2552,-15.9,5,5
2021JT16,14.95,0.0492,11.46,2.143,0.1186,229.34,0.5975,-2.2,5,5
2021JV22,14.7,0.016,3.65,2.193,0.1063,246.89,0.5626,-0.56,5,5
2021JV25,14.83,0.0648,13.86,2.335,0.0933,320.63,0.3488,-10.7,5,5
2021JV35,14.93,0.0832,17.34,2.395,0.021,376.29,0.1168,-14.6,5,5
2021JW21,15.01,0.0201,4.47,2.245,0.0828,270.61,0.5057,-1.49,5,5
2021JW32,15.01,0.0402,8.17,2.458,0.1077,355.85,0.1003,-13.27,5,5
2021JX20,14.97,0.0777,16.72,2.32,0.0394,330.51,0.3389,-10.24,5,5
2021JX21,14.96,0.0784,16.39,2.388,0.028,366.78,0.1732,-13.24,5,5
2021JY44,15.11,0.0899,18.72,2.398,0.0816,374.11,0.1208,-18.68,5,5
2021JZ20,15.62,0.0375,7.63,2.453,0.1329,344.65,0.1704,-14.41,5,5
2021JZ22,15.11,0.0291,6.01,2.416,0.1166,333.2,0.2546,-10.82,5,5
2021JZ60,14.81,0.1039,21.85,2.375,0.0399,391.02,0.0632,-19.93,5,5
2021JZ76,14.92,0.0854,18.29,2.331,0.0428,342.85,0.2997,-12.62,5,5
2021KE21,14.65,0.0723,16.19,2.229,0.0314,282.9,0.4833,-5.1,5,5
2021KG16,15.07,0.0722,14.92,2.415,0.0218,375.21,0.0696,-13.11,5,5
2021KH15,14.82,0.0505,10.99,2.292,0.0478,301.29,0.423,-4.72,5,5
2021KJ5,15.31,0.0289,6.12,2.355,0.1132,310.9,0.361,-8.07,5,5
2021KL4,15.33,0.1198,25.88,2.312,0.0148,383.02,0.1989,-21.8,5,5
2021KP12,15.47,0.0683,13.82,2.466,0.1495,359.39,0.0424,-21.7,5,5
2021KP7,15.21,0.094,19.96,2.352,0.047,362.33,0.2283,-15.95,5,5
2021KS21,15.82,0.0697,14.54,2.394,0.0853,352.66,0.2148,-13.69,5,50
2021KU11,14.8,0.0608,13.75,2.208,0.0404,161.43,0.5233,-2.3,5,50
2021KW10,15.34,0.069,15.26,2.259,0.0451,294.81,0.4481,-6.09,5,5
2021KW9,15.24,0.1176,25.52,2.302,0.0193,371.84,0.2406,-20.51,5,5
2021KX9,15.22,0.1057,22.75,2.321,0.0246,363.45,0.2513,-17.39,5,5
2021KY3,15.21,0.0874,19.48,2.242,0.0496,253.77,0.4436,-9.08,5,50
2021LA12,15.03,0.1159,25.33,2.284,0.0431,244.22,0.2905,-19.57,5,50
2021LB33,15.26,0.0703,15.67,2.241,0.0662,282.78,0.473,-6.02,5,50
2021LB49,15.18,0.0454,9.41,2.408,0.1034,339.22,0.2438,-11.4,5,5
2021LB9,14.71,0.0195,4.02,2.423,0.0797,342.77,0.216,-8.51,5,5
2021LC14,14.8,0.0036,1.08,1.617,0.0634,329.17,0.2957,-5.86,5,5
2021LC49,15.63,0.0229,4.73,2.411,0.1162,330.11,0.2686,-10.14,5,5
2021LD29,14.98,0.0701,15.73,2.227,0.0289,280.49,0.4898,-4.54,5,5
2021LD38,15.48,0.0045,1.4,1.626,0.1254,279.4,0.4655,-5.08,5,5
2021LD49,15.3,0.0263,5.67,2.317,0.0476,230.39,0.4035,-3.21,5,50
2021LE28,15.17,0.0317,6.85,2.309,0.0833,298.99,0.4185,-4.61,5,50
2021LE49,15.38,0.0474,9.87,2.397,0.087,339.52,0.2545,-10.28,5,5
2021LF49,15.32,0.0283,6.13,2.307,0.0501,244.79,0.4186,-2.99,5,50
2021LK10,15.1,0.0377,7.78,2.417,0.062,349.05,0.2003,-8.98,5,5
2021LK37,15.23,0.0673,13.99,2.403,0.005,233.8,0.1558,-11.43,5,5
2021LN18,14.88,0.1009,22.79,2.212,0.0428,216.47,0.4587,-10.82,5,50
2021LO38,15.1,0.0618,12.75,2.419,0.0838,357.73,0.1647,-13.31,5,5
2021LQ9,14.73,0.0175,3.72,2.355,0.0842,314.3,0.3568,-5.75,5,5
2021LR4,14.62,0.039,8.3,2.346,0.0858,315.54,0.3579,-7.09,5,5
2021LS21,15.05,0.1238,27.2,2.273,0.0157,364.92,0.2759,-21.39,5,5
2021LS26,14.98,0.0446,9.96,2.235,0.0378,130.09,0.504,-1.27,5,50
2021LT48,15.03,0.0583,12.12,2.403,0.0202,358.64,0.1829,-10.05,5,5
2021LV18,15.29,0.0274,6.08,2.249,0.0391,139.58,0.4968,-0.32,5,50
2021LZ11,15.32,0.0295,5.99,2.455,0.1028,352.24,0.1285,-11.76,5,5
2021LZ17,15.13,0.0519,11.08,2.335,0.0607,319.62,0.3564,-7.1,5,5
2021LZ18,15.4,0.0464,9.46,2.452,0.0904,361.17,0.0738,-12.8,5,5
2021LZ46,15.14,0.058,13.01,2.227,0.0615,273.45,0.5035,-3.54,5,5
2021MP4,15.06,0.0599,12.41,2.413,0.0642,358.14,0.1724,-11.84,5,5
2021MW25,14.94,0.0445,9.95,2.233,0.0358,95.11,0.5071,-1.05,5,50
2021MZ4,14.9,0.0291,6.35,2.292,0.0827,291.09,0.4439,-3.87,5,5
2021ND16,15.18,0.0521,11.66,2.23,0.0394,150.57,0.5047,-1.97,5,50
2021NG61,15.35,0.0293,6.16,2.377,0.1161,318.73,0.3266,-9.19,5,5
2021OO26,15.32,0.0233,4.78,2.432,0.0737,346.52,0.1795,-8.73,4,50
2021PD116,15.17,0.0882,20.13,2.189,0.0363,271.14,0.5117,-6.7,4,5
2021PL175,15.13,0.0736,15.96,2.303,0.0585,317.29,0.3776,-9.3,4,5
2021PO130,15.33,0.0619,13.27,2.33,0.065,321.6,0.3539,-8.55,4,5
2021PR131,14.97,0.0855,17.83,2.394,0.0517,374.15,0.1302,-15.88,4,5
2021PT177,15.4,0.0309,6.39,2.414,0.1048,336.23,0.2473,-10.19,4,5
2021PX174,14.7,0.1054,23.35,2.255,0.026,323.79,0.3815,-14.11,4,5
2021QA60,14.87,0.1116,24.56,2.268,0.0247,340.72,0.3372,-16.82,4,5
2021QM9,15.25,0.104,23.73,2.187,0.0291,283.2,0.4827,-10.63,5,5
2021QN83,14.78,0.1211,26.04,2.324,0.0282,4.25,0.1486,-22.82,4,50
2021QO86,15.28,0.0403,8.7,2.312,0.1128,297.23,0.4145,-7.42,4,5
2021QQ65,14.86,0.1001,21.05,2.375,0.0185,387.54,0.0932,-18.21,4,5
2021QX65,15.37,0.1001,20.98,2.383,0.0489,289.61,0.0526,-19.23,4,50
2021RA139,15.25,0.0199,4.14,2.397,0.0764,333.06,0.2745,-7.28,4,5
2021RA93,15.17,0.0929,19.83,2.34,0.0618,338.25,0.2638,-15.52,4,50
2021RB133,14.71,0.1071,24.52,2.18,0.0169,282.3,0.4854,-10.96,4,5
2021RB206,14.87,0.1035,22.53,2.293,0.0533,340.5,0.3245,-16.2,4,5
2021RB5,14.72,0.0311,6.56,2.368,0.0888,321.36,0.3293,-7.38,4,5
2021RC108,15.13,0.0219,4.48,2.445,0.0988,347.39,0.1696,-10.52,4,5
2021RC148,14.81,0.0866,18.01,2.402,0.0532,378.91,0.085,-16.58,4,5
2021RC172,14.86,0.0189,3.9,2.419,0.0291,348.68,0.1973,-6.86,4,5
2021RC207,15.31,0.0828,17.35,2.383,0.0576,364.52,0.1872,-14.92,4,5
2021RC44,14.83,0.0894,18.57,2.405,0.0929,374.07,0.1064,-19.23,4,50
2021RC5,14.51,0.1005,21.82,2.3,0.055,340.87,0.3199,-15.72,4,5
2021RC61,14.54,0.0895,19.49,2.293,0.044,326.36,0.3612,-11.9,4,5
2021RC64,15.05,0.0803,17.24,2.326,0.0505,334.55,0.324,-11.44,4,5
2021RD129,14.93,0.0429,8.84,2.425,0.0446,357.56,0.1521,-9.4,4,5
2021RD207,15.12,0.0568,11.91,2.383,0.0098,347.18,0.241,-8.81,4,5
2021RD24,14.96,0.1548,34.7,2.229,0.0281,4.25,0.0885,-35.47,4,50
2021RD66,15.12,0.09,20.13,2.23,0.0525,266.51,0.4523,-9.65,4,50
2021RD73,15.24,0.1525,34.04,2.238,0.0329,80.09,0.0967,-34.75,4,50
2021RE207,14.86,0.0751,15.65,2.398,0.0345,368.1,0.1525,-13.15,4,5
2021RE234,14.61,0.0889,19.68,2.255,0.0501,305.62,0.4215,-10.26,4,5
2021RE64,15.61,0.0653,13.47,2.42,0.1781,329.73,0.2458,-21.72,4,50
2021RE72,14.96,0.0261,5.84,2.226,0.0483,211.52,0.526,0.41,4,50
2021RE73,15.19,0.1189,25.27,2.351,0.0584,399.65,0.052,-24.98,4,5
2021RF64,15.23,0.0126,2.68,2.355,0.1033,310.28,0.3646,-6.55,4,5
2021RG205,15.15,0.0995,20.92,2.375,0.0521,381.5,0.1268,-18.9,4,5
2021RG71,15.29,0.0944,19.81,2.38,0.0437,379.43,0.1284,-17.41,4,5
2021RG73,14.9,0.0888,18.54,2.393,0.0217,381.97,0.0849,-15.95,4,5
2021RH66,15.14,0.0746,15.49,2.407,0.0464,370.16,0.1273,-13.75,4,5
2021RH76,15.13,0.0808,17.14,2.354,0.0478,349.59,0.2644,-12.74,4,5
2021RJ121,15.12,0.0199,4.06,2.447,0.0434,359.08,0.093,-8.4,4,5
2021RJ140,15.01,0.0969,20.82,2.324,0.0341,352.19,0.2801,-15.05,4,5
2021RJ200,14.98,0.0552,11.61,2.375,0.0183,343.26,0.2666,-8.26,4,5
2021RJ207,15.07,0.0928,20.0,2.318,0.0514,341.94,0.3092,-14.17,4,5
2021RK113,15.07,0.0469,10.16,2.304,0.0202,306.68,0.4075,-4.18,4,5
2021RK129,14.97,0.0665,14.18,2.341,0.0222,334.06,0.3184,-8.65,4,5
2021RK130,15.43,0.0064,1.56,0.835,0.163,308.99,0.3338,-12.36,4,5
2021RK200,15.11,0.1484,32.78,2.262,0.018,428.35,0.0123,-33.37,4,5
2021RK23,14.79,0.1272,28.7,2.218,0.0651,326.47,0.3718,-21.23,4,50
2021RK37,15.21,0.0937,19.59,2.39,0.0284,385.91,0.0612,-17.24,4,5
2021RK60,15.06,0.0836,17.41,2.398,0.0548,373.4,0.1271,-15.71,4,5
2021RK99,14.91,0.0665,14.63,2.269,0.026,299.1,0.4374,-5.63,4,5
2021RL23,14.32,0.0388,8.54,2.268,0.0901,282.72,0.469,-4.16,4,5
2021RL81,15.04,0.0922,19.33,2.384,0.0524,307.04,0.1327,-17.0,4,50
2021RL99,14.64,0.0934,20.25,2.303,0.023,337.42,0.3314,-12.86,4,5
2021RM207,15.06,0.0879,18.39,2.388,0.0334,376.62,0.1296,-15.68,4,5
2021RM27,15.0,0.0648,13.61,2.378,0.0436,348.91,0.2456,-10.45,4,5
2021RM64,14.89,0.0306,6.61,2.312,0.0951,297.71,0.4178,-5.41,4,5
2021RM72,14.85,0.0935,20.41,2.287,0.0261,329.1,0.3583,-12.25,4,5
2021RM99,15.26,0.0986,20.67,2.382,0.0608,352.15,0.1043,-19.13,4,50
2021RN99,15.09,0.0375,8.4,2.23,0.0399,149.99,0.5154,-0.39,4,50
2021RO106,15.38,0.0241,4.96,2.423,0.0456,349.81,0.1878,-7.65,4,5
2021RO54,15.11,0.1059,22.58,2.342,0.0577,338.6,0.2027,-19.54,4,50
2021RO64,14.92,0.0021,0.74,0.569,0.0397,333.91,0.2784,-5.38,4,5
2021RO72,15.11,0.0568,11.69,2.427,0.0205,368.64,0.0838,-10.89,4,5
2021RP140,14.8,0.0358,7.34,2.432,0.0559,355.57,0.1504,-9.25,4,5
2021RP33,14.86,0.0519,10.7,2.419,0.0225,361.93,0.1417,-9.85,4,5
2021RQ117,14.43,0.0689,15.71,2.19,0.0463,208.55,0.5378,-2.98,4,50
2021RQ143,15.75,0.0238,5.02,2.354,0.19,293.44,0.3799,-14.77,4,5
2021RQ81,15.41,0.0476,10.18,2.336,0.0532,319.09,0.3581,-6.34,4,5
2021RR130,14.81,0.0253,5.21,2.429,0.0318,354.18,0.1595,-7.71,4,5
2021RR33,14.75,0.0366,7.54,2.427,0.0453,232.14,0.1523,-8.67,4,50
2021RS42,14.54,0.0976,21.52,2.264,0.0415,319.28,0.3879,-12.65,4,5
2021RS96,15.22,0.044,9.07,2.423,0.0346,358.32,0.1521,-9.21,4,5
2021RT137,15.1,0.0678,14.08,2.405,0.0333,365.26,0.1534,-11.97,4,5
2021RT240,15.02,0.0422,8.69,2.424,0.0369,120.55,0.1489,-8.86,4,50
2021RT98,14.78,0.0617,13.36,2.305,0.0532,311.45,0.3924,-7.02,4,5
2021RU127,14.82,0.0476,10.21,2.329,0.0374,317.19,0.3684,-5.59,4,5
2021RU137,15.35,0.0823,17.71,2.321,0.0316,335.9,0.325,-11.14,4,5
2021RU140,14.81,0.0123,2.57,2.389,0.088,326.46,0.3,-7.13,4,5
2021RU205,14.89,0.0814,17.59,2.311,0.0448,328.48,0.348,-10.8,4,5
2021RU96,15.15,0.0722,14.81,2.436,0.1445,353.16,0.1538,-20.55,4,50
2021RV155,15.0,0.0236,5.39,2.189,0.0079,230.69,0.5698,2.45,4,5
2021RW104,15.06,0.0406,8.48,2.39,0.1434,319.98,0.3092,-12.74,4,50
2021RW185,15.21,0.0705,14.56,2.417,0.0198,375.05,0.0609,-12.86,4,5
2021RW81,14.67,0.0753,16.71,2.249,0.0338,293.89,0.4536,-6.51,4,5
2021RX141,14.73,0.0467,10.63,2.192,0.0397,143.85,0.553,0.24,4,50
2021RX206,14.81,0.0983,21.8,2.252,0.0354,127.4,0.4055,-11.77,4,50
2021RX212,15.4,0.08,17.03,2.346,0.0811,338.67,0.2969,-13.63,4,5
2021RX60,15.29,0.0835,18.77,2.222,0.0371,285.67,0.4761,-7.18,4,5
2021RY123,14.94,0.0784,16.27,2.405,0.0573,371.0,0.1262,-14.89,4,5
2021RY47,15.04,0.0967,21.14,2.285,0.029,330.94,0.3546,-13.09,4,5
2021RY60,15.19,0.0775,16.61,2.329,0.0553,333.08,0.3256,-11.11,4,5
2021RZ118,14.87,0.1351,29.53,2.286,0.0361,164.36,0.1613,-27.49,4,50
2021RZ121,15.22,0.0165,3.35,2.456,0.0974,351.18,0.131,-10.66,4,5
2021RZ123,14.82,0.0782,16.26,2.403,0.0479,371.62,0.1271,-14.44,4,5
2021RZ206,15.13,0.0278,5.63,2.467,0.1322,347.17,0.1357,-14.05,4,5
2021RZ49,14.99,0.0628,13.48,2.327,0.0483,323.12,0.353,-8.01,4,5
2021SA24,15.15,0.0342,6.98,2.444,0.0324,363.72,0.0586,-9.11,4,5
2021SA49,15.07,0.0978,20.56,2.375,0.0401,381.39,0.128,-17.97,4,5
2021SA75,15.25,0.094,19.68,2.385,0.0613,377.62,0.1278,-18.14,4,5
2021SB24,15.18,0.0812,16.82,2.41,0.0364,380.45,0.0264,-15.17,4,5
2021SB33,15.35,0.0767,15.95,2.402,0.0329,372.11,0.1249,-13.68,4,5
2021SB39,15.0,0.0231,4.69,2.459,0.0977,353.5,0.1113,-11.17,4,5
2021SB88,15.67,0.0962,20.18,2.38,0.0543,322.57,0.1277,-18.01,4,50
2021SC35,15.42,0.0621,12.82,2.417,0.1008,353.25,0.1855,-14.09,4,50
2021SC39,14.59,0.0922,20.23,2.276,0.059,318.2,0.3845,-12.42,4,5
2021SC41,15.44,0.064,13.25,2.41,0.0384,364.12,0.1496,-11.62,4,5
2021SC54,14.84,0.0754,16.25,2.315,0.0719,322.16,0.3582,-10.75,4,5
2021SC75,14.78,0.0661,14.45,2.284,0.0566,303.64,0.4187,-6.98,4,5
2021SD32,15.18,0.0853,17.79,2.395,0.0503,374.47,0.1277,-15.81,4,5
2021SD45,15.35,0.0623,12.78,2.432,0.0556,370.55,0.0484,-12.85,4,5
2021SD77,15.38,0.1512,33.5,2.254,0.0589,370.54,0.0339,-36.53,4,50
2021SE36,14.77,0.0739,16.21,2.277,0.042,306.45,0.4154,-7.68,4,5
2021SE60,15.36,0.05,10.18,2.455,0.104,360.47,0.0721,-14.23,4,5
2021SF14,15.47,0.0212,4.48,2.368,0.1546,304.6,0.3606,-11.24,4,5
2021SF40,15.11,0.0956,20.12,2.373,0.0526,309.52,0.1594,-17.34,4,50
2021SF77,15.38,0.0479,10.0,2.395,0.0586,344.47,0.2419,-9.07,4,5
2021SJ39,14.87,0.0773,16.37,2.358,0.0381,349.48,0.2625,-11.84,4,5
2021SJ74,15.11,0.0681,14.45,2.354,0.0531,338.46,0.2956,-10.26,4,5
2021SK74,14.79,0.0424,8.95,2.366,0.1297,315.03,0.3399,-11.05,4,5
2021SL74,15.13,0.0192,4.3,2.227,0.0482,210.44,0.527,0.73,4,50
2021SM36,15.15,0.0439,9.23,2.376,0.0764,331.3,0.2972,-8.43,4,5
2021SN74,15.17,0.0426,9.12,2.334,0.0557,315.95,0.367,-5.74,4,5
2021SO44,15.17,0.0444,9.17,2.42,0.0292,357.75,0.1596,-9.03,4,5
2021SO60,15.16,0.0455,9.24,2.462,0.1228,355.34,0.0968,-15.01,4,50
2021SP36,15.05,0.0452,9.77,2.31,0.0487,306.95,0.4021,-4.81,4,5
2021SR32,14.97,0.0868,18.13,2.392,0.0407,376.15,0.1252,-15.74,4,5
2021SS33,14.84,0.0594,12.22,2.427,0.092,357.48,0.1535,-13.7,4,5
2021SS45,14.47,0.0311,6.97,2.225,0.0478,210.78,0.5237,0.1,4,50
2021SS50,15.33,0.0548,11.41,2.396,0.0796,344.6,0.2396,-10.95,4,5
2021SS67,14.47,0.0402,8.59,2.338,0.0754,314.04,0.3679,-6.38,4,5
2021ST41,14.89,0.047,9.85,2.383,0.0837,333.99,0.2837,-9.44,4,5
2021ST46,15.22,0.1042,22.34,2.33,0.0307,11.76,0.2352,-17.18,4,50
2021ST47,14.7,0.0905,20.52,2.203,0.0117,281.04,0.49,-7.46,4,5
2021ST67,15.29,0.0737,15.78,2.333,0.0543,332.17,0.326,-10.46,4,5
2021SU33,15.32,0.0114,2.34,2.418,0.0943,353.85,0.0984,-10.61,4,5
2021SU74,15.32,0.0456,9.52,2.391,0.1184,328.72,0.2879,-11.67,4,5
2021SV39,15.51,0.0436,9.1,2.394,0.1209,328.2,0.2873,-11.7,4,5
2021SV40,15.23,0.0728,15.09,2.408,0.0227,372.3,0.1106,-12.93,4,5
2021SV43,14.94,0.0632,13.09,2.41,0.015,365.42,0.1436,-11.08,4,5
2021SV74,15.26,0.068,14.52,2.338,0.127,316.24,0.3495,-13.9,4,5
2021SV75,15.19,0.0762,16.47,2.312,0.0308,326.06,0.355,-9.38,4,5
2021SW43,15.04,0.1084,23.88,2.266,0.0187,334.7,0.353,-15.46,4,5
2021SX10,14.76,0.1056,22.32,2.362,0.045,258.45,0.1259,-19.86,4,50
2021SX58,14.78,0.0549,11.46,2.393,0.0388,350.05,0.2264,-9.39,4,5
2021SY21,14.68,0.0387,7.96,2.427,0.0359,357.27,0.1512,-8.8,4,5
2021SY25,15.19,0.027,5.71,2.363,0.0962,317.21,0.3423,-7.27,4,5
2021SY35,14.81,0.0961,20.16,2.381,0.0649,362.05,0.1295,-18.61,4,50
2021SY44,15.05,0.0631,13.44,2.345,0.0539,330.88,0.3223,-9.01,4,5
2021SY65,15.13,0.1017,21.4,2.372,0.0579,381.96,0.1282,-19.72,4,5
2021SY74,15.35,0.0792,16.99,2.327,0.0556,333.32,0.3261,-11.4,4,5
2021SZ23,15.26,0.0921,19.33,2.378,0.0297,376.59,0.147,-16.19,4,5
2021SZ36,14.96,0.025,5.42,2.301,0.0729,295.37,0.4316,-3.52,4,5
2021TA156,15.27,0.0342,6.96,2.452,0.0915,355.86,0.1113,-11.46,4,5
2021TA195,15.11,0.0746,15.53,2.399,0.0386,367.68,0.1525,-13.19,4,5
2021TA23,15.17,0.0674,14.59,2.309,0.117,306.05,0.3905,-11.71,4,5
2021TA65,15.31,0.1426,31.39,2.269,0.034,109.59,0.1323,-30.42,4,50
2021TA94,14.79,0.0287,5.93,2.42,0.0874,342.19,0.2214,-9.35,4,5
2021TB16,14.87,0.0246,5.52,2.225,0.0466,201.07,0.5281,0.59,4,50
2021TB165,15.16,0.0336,6.86,2.448,0.0941,352.95,0.1387,-11.32,4,5
2021TB168,15.25,0.1095,23.21,2.356,0.011,391.29,0.1071,-20.24,4,5
2021TB174,15.64,0.0448,9.22,2.425,0.0491,357.42,0.1547,-9.7,4,5
2021TB187,15.42,0.0601,12.89,2.327,0.0693,318.85,0.3615,-8.33,4,5
2021TB29,15.09,0.0189,3.97,2.385,0.02,334.47,0.2824,-5.26,4,5
2021TB44,15.78,0.0804,16.73,2.4,0.0456,372.54,0.1284,-14.71,4,5
2021TB80,15.01,0.07,14.51,2.409,0.0319,369.28,0.1263,-12.56,4,5
2021TC142,15.26,0.0772,15.99,2.409,0.0891,364.31,0.1501,-16.39,4,5
2021TC80,14.92,0.0384,7.99,2.399,0.0246,346.02,0.2324,-7.37,4,5
2021TC83,15.19,0.0748,15.52,2.407,0.052,369.42,0.1312,-13.98,4,5
2021TD140,15.17,0.0711,14.72,2.411,0.038,370.32,0.1171,-12.99,4,5
2021TD142,14.59,0.0601,13.12,2.289,0.0628,302.4,0.4192,-6.46,4,5
2021TD192,15.68,0.0502,10.23,2.45,0.1123,355.83,0.1202,-14.52,4,5
2021TD195,15.17,0.1198,27.64,2.165,0.0295,22.87,0.4719,-14.42,4,50
2021TD35,15.32,0.033,6.83,2.41,0.0533,345.6,0.2215,-7.94,4,5
2021TD61,15.54,0.0748,15.45,2.419,0.0976,364.75,0.1312,-16.68,4,50
2021TD88,15.03,0.0537,11.22,2.39,0.0045,192.85,0.2318,-8.6,4,5
2021TD95,14.88,0.073,16.74,2.177,0.0408,164.49,0.5464,-3.01,4,50
2021TE106,15.13,0.0612,13.02,2.346,0.0536,330.01,0.3244,-8.7,4,5
2021TE15,15.55,0.0436,8.8,2.478,0.1442,351.96,0.0823,-17.22,4,5
2021TE168,15.06,0.0822,17.79,2.307,0.0471,326.79,0.3539,-10.88,4,5
2021TE198,15.45,0.0618,12.71,2.426,0.0381,370.07,0.077,-11.97,4,5
2021TE22,15.58,0.0015,0.6,0.511,0.0354,354.21,0.1426,-7.33,4,5
2021TE88,15.1,0.05,10.33,2.417,0.0276,359.31,0.1586,-9.55,4,5
2021TE97,15.24,0.0803,17.04,2.354,0.0192,351.8,0.2599,-11.96,4,5
2021TF117,15.42,0.0755,15.66,2.407,0.0508,370.22,0.127,-14.07,4,5
2021TF168,15.18,0.0523,11.42,2.286,0.0494,298.96,0.4306,-4.73,4,5
2021TF174,14.99,0.056,11.56,2.419,0.045,361.61,0.1464,-10.86,4,5
2021TF193,14.65,0.0805,17.98,2.239,0.0507,255.87,0.4611,-7.23,4,50
2021TF36,15.82,0.073,15.15,2.407,0.0484,368.84,0.1323,-13.52,4,5
2021TF43,15.15,0.0464,9.57,2.42,0.0707,352.45,0.1837,-10.44,4,5
2021TF47,14.77,0.0489,10.12,2.413,0.0935,345.3,0.2192,-11.52,4,5
2021TG135,14.97,0.0656,13.54,2.419,0.032,370.2,0.098,-12.16,4,5
2021TG142,15.61,0.1388,30.38,2.283,0.0443,268.53,0.1307,-29.63,4,50
2021TG50,15.34,0.0815,16.97,2.397,0.0477,372.08,0.1349,-14.9,4,5
2021TG56,15.41,0.0799,17.3,2.307,0.0319,326.61,0.3557,-9.98,4,5
2021TG75,15.38,0.0916,19.26,2.375,0.054,370.93,0.1727,-16.68,4,5
2021TH106,15.43,0.0527,11.37,2.315,0.0813,308.17,0.3922,-7.26,4,5
2021TH167,15.19,0.0364,7.42,2.448,0.0821,357.38,0.1099,-11.05,4,5
2021TH50,15.62,0.0405,8.3,2.437,0.1021,349.02,0.1751,-11.99,4,5
2021TH63,14.94,0.0405,8.36,2.417,0.0143,355.23,0.1757,-8.23,4,5
2021TH64,15.5,0.0336,6.91,2.428,0.0363,355.99,0.1532,-8.4,4,5
2021TH68,14.86,0.0367,7.54,2.432,0.0645,354.47,0.1561,-9.63,4,5
2021TH88,14.98,0.0673,14.3,2.352,0.1103,325.58,0.323,-13.01,4,5
2021TJ157,14.98,0.1226,26.44,2.315,0.0326,63.75,0.1664,-23.3,4,50
2021TJ167,15.5,0.0245,4.96,2.464,0.1073,353.19,0.1022,-12.06,4,5
2021TJ193,15.94,0.08,16.65,2.401,0.0594,337.63,0.1337,-14.96,4,50
2021TJ54,14.96,0.0496,10.22,2.425,0.0593,358.2,0.1521,-10.64,4,5
2021TJ68,15.16,0.0161,3.34,2.406,0.0405,341.45,0.2394,-6.36,4,5
2021TJ75,14.77,0.0574,11.85,2.417,0.0457,361.83,0.1477,-11.03,4,5
2021TJ87,15.24,0.0833,17.38,2.394,0.0342,374.63,0.1276,-14.84,4,5
2021TJ88,15.22,0.0438,9.39,2.333,0.0705,313.84,0.3716,-6.36,4,5
2021TJ89,14.92,0.0485,10.6,2.283,0.0339,297.17,0.4377,-3.73,4,5
2021TJ97,15.3,0.0444,9.33,2.376,0.0883,328.99,0.3029,-9.04,4,5
2021TK108,15.43,0.0462,9.45,2.442,0.1309,344.54,0.1859,-14.86,4,5
2021TK167,15.0,0.0298,6.68,2.227,0.0471,206.07,0.5223,0.14,4,50
2021TK44,15.3,0.0271,5.6,2.415,0.0657,343.87,0.2218,-8.08,4,5
2021TK68,15.46,0.0726,15.39,2.357,0.0769,338.92,0.2896,-12.27,4,5
2021TK75,14.87,0.0576,11.91,2.415,0.0195,363.69,0.1419,-10.46,4,5
2021TL106,15.36,0.0548,11.53,2.375,0.022,342.71,0.2684,-8.24,4,5
2021TL178,15.67,0.0301,6.19,2.425,0.0755,347.22,0.1969,-9.15,4,5
2021TL19,15.1,0.0289,5.89,2.453,0.0628,361.02,0.0581,-9.84,4,5
2021TL37,15.02,0.1084,23.12,2.342,0.032,38.36,0.1772,-19.24,4,50
2021TL51,15.25,0.0278,5.65,2.46,0.0763,360.54,0.0328,-10.56,4,5
2021TL68,15.62,0.0504,10.3,2.442,0.0644,365.44,0.0626,-11.74,4,5
2021TL92,15.31,0.0399,8.18,2.434,0.0106,362.52,0.0985,-8.95,4,5
2021TM168,14.98,0.066,14.16,2.328,0.0435,325.67,0.3468,-8.43,4,5
2021TM22,14.83,0.0603,13.6,2.214,0.0772,267.57,0.5163,-4.0,4,50
2021TM33,15.41,0.0606,12.89,2.346,0.1135,318.8,0.3434,-11.75,4,5
2021TM37,15.29,0.0213,4.33,2.461,0.1256,345.43,0.1553,-12.81,4,5
2021TM51,15.02,0.0337,7.56,2.226,0.0462,202.42,0.5205,-0.07,4,50
2021TM68,15.27,0.0777,16.15,2.402,0.0444,371.21,0.1306,-14.16,4,5
2021TM73,14.98,0.0855,18.53,2.304,0.0762,324.11,0.3568,-12.83,4,5
2021TM76,14.81,0.0316,7.09,2.224,0.0462,200.69,0.5256,0.15,4,50
2021TM91,15.06,0.0538,11.76,2.283,0.0868,294.01,0.4373,-6.37,4,5
2021TM92,14.98,0.0802,16.68,2.4,0.0471,372.17,0.1301,-14.72,4,5
2021TN155,15.38,0.0788,16.37,2.403,0.0506,371.72,0.1261,-14.64,4,5
2021TN175,15.06,0.0885,18.47,2.393,0.0668,362.73,0.131,-17.02,4,50
2021TN36,14.67,0.0348,7.16,2.427,0.0327,356.09,0.1556,-8.36,4,5
2021TN48,15.12,0.0436,9.44,2.306,0.0725,302.25,0.4122,-5.34,4,5
2021TN66,15.27,0.062,12.92,2.397,0.0241,357.99,0.1939,-10.43,4,5
2021TN75,15.13,0.0333,6.86,2.422,0.0953,342.19,0.22,-10.19,4,5
2021TO114,15.27,0.0835,17.42,2.394,0.0237,375.7,0.1229,-14.65,4,5
2021TO152,15.3,0.0295,6.07,2.429,0.0352,354.85,0.1577,-8.05,4,5
2021TO155,15.63,0.0467,9.52,2.451,0.1004,357.89,0.105,-13.32,4,5
2021TO166,15.05,0.0327,6.8,2.399,0.0406,342.28,0.245,-7.1,4,5
2021TO167,15.37,0.0951,20.06,2.369,0.0306,5.26,0.161,-16.22,4,50
2021TO170,15.45,0.0769,15.97,2.404,0.0451,371.53,0.1243,-14.12,4,5
2021TO172,15.82,0.086,17.96,2.393,0.0457,374.96,0.1291,-15.73,4,5
2021TO182,15.09,0.0513,10.6,2.418,0.0259,360.78,0.1498,-9.76,4,5
2021TO193,15.05,0.054,11.08,2.435,0.0808,360.57,0.1224,-12.63,4,5
2021TO37,15.28,0.0879,18.35,2.392,0.0526,307.56,0.1271,-16.1,4,50
2021TO66,15.83,0.0217,4.37,2.478,0.1181,354.47,0.0436,-13.16,4,5
2021TO75,15.08,0.1025,21.63,2.367,0.0448,258.59,0.1292,-18.99,4,50
2021TO91,14.98,0.0104,2.17,2.4,0.0269,339.28,0.253,-5.66,4,5
2021TO92,14.9,0.0389,7.94,2.444,0.0457,363.95,0.0605,-9.85,4,5
2021TP167,14.96,0.0245,5.5,2.227,0.047,204.83,0.5248,0.47,4,50
2021TP18,14.73,0.0812,16.93,2.395,0.0503,370.23,0.1474,-14.82,4,5
2021TP182,15.38,0.0348,7.34,2.367,0.0826,323.35,0.3249,-7.39,4,5
2021TP27,15.36,0.0754,15.7,2.397,0.1205,348.44,0.2211,-17.47,4,50
2021TP37,15.11,0.0319,6.47,2.462,0.0947,358.15,0.0639,-11.87,4,5
2021TP48,15.29,0.05,10.18,2.453,0.1104,357.64,0.1014,-14.54,4,5
2021TP51,15.46,0.0269,5.75,2.339,0.0861,309.25,0.3782,-5.75,4,5
2021TP60,15.31,0.0865,18.07,2.392,0.0448,375.56,0.1269,-15.83,4,5
2021TP66,15.4,0.0928,19.34,2.397,0.0525,384.17,0.0527,-17.98,4,5
2021TQ166,14.76,0.0078,1.59,1.712,0.1086,350.56,0.1173,-11.41,4,5
2021TQ167,15.2,0.0362,7.51,2.404,0.0937,336.49,0.2568,-9.63,4,5
2021TQ27,15.31,0.0624,12.88,2.419,0.0758,360.31,0.1496,-12.9,4,50
2021TQ66,15.35,0.0197,4.12,2.385,0.0203,334.47,0.2827,-5.28,4,5
2021TQ75,15.53,0.0316,6.47,2.438,0.0908,349.37,0.1708,-10.54,4,5
2021TQ79,15.64,0.0465,9.45,2.459,0.1015,361.03,0.0476,-13.77,4,5
2021TQ88,15.09,0.0937,19.99,2.341,0.0938,347.59,0.2723,-17.74,4,50
2021TR106,14.74,0.113,25.03,2.254,0.032,332.94,0.3596,-16.71,4,5
2021TR142,14.79,0.0609,12.6,2.412,0.0189,364.76,0.1419,-10.86,4,5
2021TR167,15.2,0.0571,11.8,2.418,0.0502,361.18,0.1501,-11.14,4,5
2021TR168,15.21,0.0436,8.95,2.431,0.0098,360.19,0.106,-9.21,4,5
2021TR17,15.07,0.0229,4.74,2.415,0.0691,342.36,0.2266,-7.94,4,5
2021TR66,15.13,0.0833,17.63,2.36,0.0384,170.67,0.2381,-13.07,4,50
2021TR91,15.27,0.0282,5.84,2.415,0.0567,345.75,0.2147,-7.87,4,5
2021TS109,15.33,0.0146,3.03,2.417,0.0598,343.22,0.2211,-7.29,4,5
2021TS166,15.58,0.1047,22.09,2.366,0.0528,317.86,0.1239,-19.95,4,50
2021TS167,15.77,0.033,6.73,2.446,0.0783,356.22,0.1206,-10.46,4,5
2021TS17,15.09,0.0732,15.15,2.413,0.0109,375.58,0.07,-13.12,4,5
2021TS41,14.98,0.0675,14.14,2.384,0.1025,341.34,0.2586,-13.9,4,5
2021TS45,15.15,0.0322,6.59,2.439,0.0559,357.37,0.1269,-9.25,4,5
2021TS88,15.63,0.0436,9.08,2.399,0.0761,340.73,0.2499,-9.35,4,5
2021TS95,15.51,0.0414,8.43,2.452,0.0696,363.95,0.0245,-11.23,4,5
2021TT105,15.33,0.0377,7.74,2.429,0.0491,356.28,0.1513,-9.12,4,5
2021TT113,15.2,0.075,15.6,2.402,0.0541,366.96,0.1509,-13.87,4,5
2021TT138,15.22,0.0239,4.87,2.446,0.0666,355.98,0.1196,-9.29,4,5
2021TT143,14.59,0.0769,15.98,2.404,0.0459,370.99,0.1286,-14.1,4,5
2021TT166,15.95,0.031,5.01,1.878,0.2199,315.44,0.2429,-22.75,4,50
2021TT66,15.61,0.0407,8.36,2.431,0.0638,355.92,0.1509,-10.0,4,5
2021TT70,15.09,0.0746,15.52,2.4,0.0386,368.15,0.1484,-13.22,4,5
2021TT84,15.6,0.0931,19.52,2.383,0.0446,378.47,0.1293,-17.12,4,5
2021TT95,15.36,0.1041,22.35,2.326,0.0176,364.31,0.2459,-16.98,4,5
2021TT96,15.1,0.0871,18.79,2.317,0.042,336.85,0.3241,-12.33,4,5
2021TU164,15.0,0.0323,6.59,2.444,0.1421,337.49,0.2091,-14.07,4,50
2021TU167,15.21,0.0952,21.04,2.259,0.0326,315.02,0.4005,-11.55,4,5
2021TU42,14.9,0.0224,4.65,2.409,0.0178,345.71,0.2215,-6.45,4,5
2021TU54,15.22,0.0853,18.01,2.367,0.0532,306.98,0.2228,-14.26,4,50
2021TU74,15.01,0.0235,4.83,2.433,0.0301,355.58,0.1451,-7.74,4,5
2021TU84,15.12,0.0852,18.83,2.259,0.0243,306.6,0.4218,-8.89,4,5
2021TV101,14.82,0.1128,24.86,2.266,0.0087,336.26,0.3374,-16.82,4,5
2021TV103,14.77,0.0772,17.62,2.189,0.0797,262.25,0.5266,-5.95,4,50
2021TV108,15.19,0.0769,16.92,2.27,0.0481,304.54,0.4212,-8.15,4,5
2021TV166,15.54,0.0953,20.69,2.301,0.0947,328.51,0.3424,-16.33,4,50
2021TV20,14.97,0.0213,4.38,2.433,0.0798,347.18,0.1864,-9.05,4,5
2021TV21,15.11,0.0768,16.83,2.279,0.0498,308.78,0.4081,-8.59,4,5
2021TV42,14.79,0.0437,8.99,2.427,0.0408,359.03,0.1423,-9.46,4,5
2021TW105,14.76,0.0969,20.56,2.354,0.0337,368.96,0.206,-16.47,4,5
2021TW106,15.33,0.0196,4.02,2.437,0.0273,356.67,0.1308,-7.66,4,5
2021TW108,15.2,0.0743,15.42,2.407,0.0456,370.07,0.1276,-13.67,4,5
2021TW166,14.66,0.1094,23.19,2.356,0.0516,314.0,0.1276,-21.1,4,50
2021TW167,15.52,0.0307,6.34,2.413,0.0474,347.1,0.212,-7.73,4,5
2021TW4,14.47,0.0693,15.5,2.234,0.0375,141.08,0.4815,-4.6,4,50
2021TW42,14.86,0.1156,24.94,2.316,0.0638,357.97,0.2281,-21.87,4,50
2021TW50,14.65,0.0823,17.31,2.375,0.0793,356.22,0.2231,-15.34,4,50
2021TX101,14.94,0.0736,15.27,2.406,0.0429,369.73,0.1297,-13.43,4,5
2021TX106,15.06,0.0283,5.77,2.447,0.064,358.12,0.1035,-9.56,4,5
2021TX166,15.7,0.0601,12.52,2.399,0.0908,346.1,0.2316,-12.49,4,5
2021TX50,15.5,0.0852,17.73,2.398,0.0678,372.25,0.1321,-16.65,4,5
2021TX56,15.01,0.0993,21.57,2.298,0.0537,338.48,0.3271,-15.19,4,5
2021TX92,15.43,0.0487,9.98,2.435,0.012,368.19,0.0486,-10.06,4,5
2021TX94,15.37,0.0644,13.3,2.417,0.0511,365.61,0.131,-12.34,4,5
2021TY166,15.17,0.0556,11.47,2.422,0.0646,359.26,0.1532,-11.55,4,5
2021TY34,15.01,0.0836,17.43,2.396,0.0497,373.33,0.1314,-15.43,4,5
2021TY52,14.91,0.0006,0.73,0.124,0.0606,342.18,0.2244,-7.05,4,5
2021TY86,15.65,0.0916,19.92,2.296,0.0715,326.22,0.3556,-13.76,4,5
2021TY95,15.27,0.0453,9.29,2.437,0.0814,356.82,0.1373,-11.54,4,5
2021TZ106,14.97,0.022,4.93,2.226,0.0482,210.95,0.528,0.65,4,50
2021TZ138,15.14,0.0672,13.9,2.415,0.0589,365.87,0.1323,-13.09,4,5
2021TZ150,15.41,0.0625,13.05,2.393,0.0179,356.46,0.2056,-10.21,4,5
2021TZ166,15.09,0.0668,14.89,2.24,0.0629,278.97,0.4774,-5.39,4,50
2021TZ26,15.53,0.0261,5.34,2.447,0.0597,358.07,0.1044,-9.23,4,5
2021TZ52,15.35,0.0295,6.05,2.437,0.1032,345.06,0.1907,-10.96,4,5
2021TZ94,15.49,0.0609,12.54,2.425,0.0519,366.76,0.1061,-12.15,4,5
2021UA101,15.22,0.0728,15.14,2.402,0.0385,367.42,0.1491,-12.94,4,5
2021UA111,15.25,0.0833,17.41,2.388,0.0446,370.09,0.1588,-14.85,4,5
2021UA24,14.98,0.0866,18.07,2.396,0.0907,366.52,0.1599,-18.0,4,50
2021UA40,15.14,0.0557,11.55,2.407,0.038,356.88,0.185,-10.1,4,5
2021UB38,14.98,0.0608,12.74,2.384,0.0053,242.67,0.2316,-9.46,4,5
2021UC106,15.23,0.0704,15.13,2.323,0.0776,321.68,0.3547,-10.38,4,5
2021UC12,14.79,0.104,23.75,2.186,0.0275,282.43,0.4846,-10.49,4,5
2021UC20,15.32,0.0485,10.45,2.32,0.0328,313.9,0.3815,-5.24,4,5
2021UD106,15.46,0.0574,12.27,2.336,0.0737,320.43,0.3525,-8.45,4,5
2021UD52,14.83,0.0629,13.28,2.364,0.0316,342.24,0.2783,-9.22,4,5
2021UE12,14.9,0.0523,11.84,2.203,0.0319,7.85,0.5374,-0.68,4,50
2021UE15,15.0,0.0587,12.91,2.272,0.0951,290.36,0.4474,-6.96,4,50
2021UE29,15.33,0.0854,17.75,2.404,0.091,369.61,0.1326,-17.95,4,50
2021UE90,15.13,0.0349,7.17,2.428,0.0258,357.13,0.1486,-8.3,4,5
2021UF106,15.33,0.058,12.1,2.393,0.0514,350.1,0.2264,-10.19,4,5
2021UF119,15.44,0.0923,19.33,2.384,0.0498,290.63,0.1295,-16.9,4,50
2021UG106,15.48,0.0672,13.75,2.44,0.1057,365.24,0.0828,-16.49,4,50
2021UG34,15.34,0.0502,10.64,2.353,0.112,317.21,0.3447,-10.29,4,5
2021UG36,15.19,0.0255,5.23,2.43,0.0349,354.39,0.1566,-7.82,4,5
2021UG54,14.67,0.059,12.35,2.386,0.0062,284.25,0.231,-9.24,4,5
2021UH106,14.81,0.1148,25.77,2.224,0.0419,316.48,0.4022,-16.2,4,5
2021UH29,15.34,0.0479,10.27,2.33,0.1337,302.41,0.3883,-10.65,4,5
2021UH54,15.43,0.0461,9.49,2.427,0.099,348.26,0.1919,-12.07,4,5
2021UH56,15.03,0.0464,9.5,2.44,0.0761,359.99,0.1123,-11.59,4,5
2021UH58,14.9,0.1222,26.85,2.274,0.0458,272.39,0.2852,-21.4,4,50
2021UJ120,14.86,0.0288,6.63,2.169,0.0421,241.52,0.5895,2.44,4,5
2021UJ26,14.84,0.0463,10.85,2.132,0.0256,227.91,0.6198,2.72,4,5
2021UJ29,14.87,0.0196,4.02,2.437,0.0113,357.35,0.1266,-7.48,4,5
2021UJ56,14.83,0.0494,10.55,2.34,0.0654,314.95,0.3513,-6.99,4,50
2021UK107,14.81,0.0863,17.99,2.396,0.0209,380.11,0.0923,-15.39,4,5
2021UK43,15.48,0.0618,13.68,2.255,0.035,289.94,0.4621,-4.45,4,5
2021UK75,15.25,0.0418,8.63,2.419,0.0877,345.85,0.211,-10.56,4,5
2021UK85,15.35,0.0941,19.74,2.381,0.0496,291.72,0.1272,-17.41,4,50
2021UL107,15.36,0.0332,6.9,2.405,0.0374,345.36,0.2285,-7.33,4,5
2021UL58,15.27,0.0727,15.07,2.409,0.0471,369.31,0.1276,-13.46,4,5
2021UM107,15.19,0.0278,5.72,2.43,0.0329,355.22,0.153,-7.95,4,5
2021UM120,15.67,0.0162,3.28,2.464,0.1039,352.49,0.1059,-11.37,4,5
2021UM32,15.01,0.0744,15.92,2.334,0.0555,332.8,0.3238,-10.67,4,5
2021UM39,15.38,0.1032,21.71,2.373,0.0458,387.53,0.0955,-19.77,4,5
2021UM40,15.25,0.0752,15.6,2.407,0.056,369.09,0.1324,-14.2,4,5
2021UM98,15.23,0.0959,20.07,2.386,0.0791,376.04,0.1324,-19.39,4,50
2021UN105,15.02,0.0382,7.85,2.426,0.041,356.35,0.1547,-8.84,4,5
2021UN120,15.54,0.0658,13.65,2.407,0.0238,365.52,0.1485,-11.52,4,5
2021UN98,14.93,0.054,11.26,2.393,0.0202,350.94,0.2243,-8.92,4,5
2021UO105,15.42,0.0579,11.91,2.427,0.0667,362.93,0.1243,-12.29,4,5
2021UO11,15.2,0.0203,4.16,2.432,0.0376,353.54,0.1577,-7.63,4,5
2021UO12,14.94,0.066,13.63,2.418,0.0634,365.09,0.1321,-13.14,4,5
2021UO121,15.49,0.0556,11.55,2.405,0.057,353.19,0.2017,-10.53,4,5
2021UP105,15.58,0.0561,11.42,2.452,0.1141,359.03,0.0969,-15.65,4,5
2021UP12,14.75,0.0415,8.93,2.322,0.0488,310.85,0.3871,-4.9,4,5
2021UP16,15.02,0.0897,18.84,2.378,0.0174,375.05,0.1533,-15.38,4,5
2021UP27,15.21,0.0866,18.08,2.393,0.0476,375.26,0.1276,-15.94,4,5
2021UP90,14.99,0.0793,16.49,2.401,0.0392,373.01,0.1235,-14.33,4,5
2021UQ120,15.38,0.1056,22.32,2.362,0.0503,301.34,0.1296,-20.01,4,50
2021UQ63,14.82,0.1406,30.68,2.29,0.0454,278.28,0.0396,-31.2,4,50
2021UR18,15.1,0.0498,10.78,2.309,0.0623,307.13,0.4002,-5.81,4,5
2021UR30,15.41,0.0649,13.46,2.407,0.0414,363.05,0.1594,-11.73,4,5
2021UR74,15.22,0.0628,13.09,2.394,0.0204,357.04,0.2021,-10.33,4,5
2021UR88,15.55,0.0238,4.86,2.45,0.0717,356.5,0.1083,-9.64,4,5
2021UR89,15.26,0.0856,17.71,2.415,0.0851,376.68,0.0583,-18.54,4,5
2021US120,15.51,0.0253,5.18,2.442,0.0676,354.44,0.1374,-9.24,4,5
2021US14,14.88,0.039,8.19,2.374,0.0319,334.36,0.2925,-6.43,4,5
2021US55,15.57,0.0563,11.67,2.409,0.0998,346.02,0.2206,-12.85,4,5
2021US69,15.19,0.0862,17.98,2.394,0.0556,374.21,0.1297,-16.21,4,5
2021UT121,15.02,0.1037,22.57,2.294,0.058,340.72,0.3226,-16.53,4,5
2021UU108,15.38,0.0717,14.85,2.41,0.0472,369.24,0.1243,-13.33,4,5
2021UU54,15.08,0.0791,17.04,2.317,0.027,331.41,0.3389,-10.15,4,5
2021UU74,15.19,0.0719,15.16,2.368,0.062,346.42,0.2613,-11.95,4,5
2021UV120,15.33,0.0888,19.3,2.298,0.0692,325.34,0.3573,-13.02,4,5
2021UV41,15.46,0.0468,9.59,2.438,0.102,353.27,0.1539,-12.71,4,50
2021UW117,15.14,0.1291,27.95,2.306,0.0348,131.83,0.14,-25.71,4,50
2021UW30,15.03,0.0216,4.53,2.384,0.0214,334.56,0.2829,-5.37,4,5
2021UW9,14.41,0.022,4.91,2.235,0.0638,263.88,0.5166,-0.23,4,50
2021UX100,15.04,0.0872,18.78,2.317,0.0501,336.19,0.3246,-12.64,4,5
2021UY105,14.63,0.0959,22.74,2.111,0.0627,227.26,0.5906,-5.47,4,50
2021UY50,14.97,0.0767,15.88,2.412,0.012,378.83,0.0402,-13.82,4,5
2021UZ107,14.93,0.0611,12.74,2.396,0.0344,355.99,0.2023,-10.41,4,5
2021UZ117,15.27,0.0725,15.05,2.406,0.0327,370.14,0.1271,-12.96,4,5
2021UZ29,15.24,0.0286,5.84,2.444,0.0499,270.53,0.0921,-8.86,4,50
2021UZ37,14.81,0.0794,16.42,2.414,0.0653,374.82,0.0799,-15.88,4,5
2021VA97,15.1,0.0763,15.87,2.403,0.0435,370.44,0.1328,-13.87,4,5
2021VB102,15.38,0.0616,13.38,2.3,0.023,311.75,0.396,-6.11,4,5
2021VB21,15.1,0.0787,17.0,2.311,0.0703,322.85,0.3585,-11.21,4,5
2021VB28,15.01,0.1,23.69,2.11,0.0424,178.29,0.5848,-5.9,4,50
2021VB6,14.88,0.0848,18.37,2.305,0.0719,324.66,0.3559,-12.44,4,5
2021VB80,15.23,0.0371,7.62,2.434,0.0695,354.37,0.1541,-9.93,4,5
2021VC11,14.98,0.0771,16.02,2.405,0.0247,374.43,0.1068,-13.71,4,5
2021VC21,14.91,0.0768,15.97,2.403,0.0396,371.35,0.1287,-13.86,4,5
2021VC80,15.21,0.057,12.25,2.323,0.0774,314.12,0.3743,-8.03,4,5
2021VC83,15.06,0.137,31.37,2.181,0.033,127.43,0.3832,-22.59,4,50
2021VD17,15.27,0.1053,24.01,2.191,0.0285,286.85,0.4743,-11.2,4,5
2021VD95,14.9,0.1281,27.78,2.302,0.018,394.97,0.1651,-24.87,4,5
2021VD96,15.03,0.0614,13.11,2.338,0.0111,329.62,0.3324,-7.52,4,5
2021VE72,15.19,0.0822,17.12,2.398,0.048,372.99,0.1299,-15.11,4,5
2021VE95,15.34,0.0922,19.27,2.391,0.0722,371.73,0.1252,-18.2,4,50
2021VE96,15.28,0.0786,16.28,2.411,0.0247,379.44,0.038,-14.36,4,5
2021VF15,14.98,0.0731,15.45,2.362,0.0573,345.03,0.2711,-11.71,4,5
2021VF35,14.42,0.0736,16.43,2.236,0.0503,244.42,0.4704,-6.27,4,50
2021VF8,15.79,0.0619,13.33,2.316,0.0555,316.62,0.3742,-7.6,4,5
2021VG31,15.09,0.1361,31.02,2.195,0.0642,326.86,0.3607,-24.5,4,50
2021VG42,14.87,0.0897,18.74,2.39,0.0588,338.17,0.1294,-16.81,4,50
2021VG82,15.34,0.0984,20.7,2.373,0.0419,381.01,0.1325,-18.13,4,5
2021VG84,15.27,0.0321,7.25,2.208,0.0455,191.15,0.5449,0.79,4,50
2021VG96,15.22,0.0627,13.3,2.352,0.036,335.78,0.3065,-8.72,4,5
2021VH6,15.03,0.0796,17.09,2.326,0.0562,333.37,0.3262,-11.5,4,5
2021VH66,15.72,0.0151,3.14,2.402,0.1225,324.55,0.2906,-9.83,4,5
2021VH96,14.85,0.0702,14.83,2.363,0.0504,344.28,0.273,-10.92,4,5
2021VJ20,15.14,0.0905,18.92,2.387,0.0544,319.8,0.1302,-16.78,4,50
2021VK20,14.95,0.1263,27.42,2.302,0.0505,312.04,0.1926,-24.74,4,50
2021VK30,15.53,0.079,16.73,2.357,0.1052,337.4,0.2881,-15.43,4,5
2021VK32,15.1,0.0847,17.78,2.378,0.0503,365.32,0.1905,-14.87,4,5
2021VK33,15.51,0.0622,13.26,2.344,0.0474,330.45,0.3246,-8.59,4,5
2021VK36,14.91,0.0825,17.7,2.327,0.0545,336.52,0.3177,-12.13,4,5
2021VK77,15.21,0.1245,27.05,2.299,0.0193,384.19,0.205,-23.15,4,5
2021VK97,15.35,0.1032,22.53,2.286,0.0677,334.04,0.3404,-16.48,4,5
2021VL10,14.6,0.0387,8.71,2.216,0.0389,131.69,0.5138,0.1,4,50
2021VL100,15.59,0.0444,8.99,2.468,0.1448,348.89,0.1256,-16.77,4,50
2021VL20,14.91,0.1047,22.35,2.339,0.0284,4.25,0.2052,-17.73,4,50
2021VL32,14.91,0.1104,23.43,2.354,0.0546,330.94,0.1305,-21.49,4,50
2021VM30,15.22,0.0446,9.19,2.425,0.0459,357.96,0.1516,-9.61,4,5
2021VM32,15.31,0.079,16.42,2.402,0.0509,371.23,0.1309,-14.64,4,5
2021VM46,14.98,0.1038,21.81,2.378,0.0331,393.36,0.0108,-19.81,4,5
2021VM66,15.69,0.0894,18.7,2.388,0.051,298.91,0.1286,-16.42,4,50
2021VN12,15.15,0.0877,18.32,2.392,0.0536,375.19,0.1293,-16.44,4,5
2021VN32,15.25,0.0173,3.54,2.443,0.095,346.7,0.1752,-9.98,4,5
2021VN4,15.21,0.0755,15.67,2.407,0.0515,370.3,0.1259,-14.12,4,5
2021VN70,15.23,0.0905,18.91,2.389,0.0357,121.21,0.1025,-16.15,4,50
2021VO19,15.13,0.0748,15.52,2.406,0.0498,369.69,0.1299,-13.89,4,5
2021VO38,14.97,0.0543,11.36,2.386,0.0434,345.91,0.247,-9.09,4,5
2021VO78,14.55,0.0656,14.77,2.216,0.0444,197.35,0.5079,-3.58,4,50
2021VO96,15.06,0.104,22.13,2.347,0.0315,375.21,0.1919,-18.23,4,5
2021VP64,14.87,0.0765,15.9,2.401,0.0335,371.21,0.1318,-13.58,4,5
2021VP84,14.9,0.0946,20.63,2.288,0.0281,330.47,0.3544,-12.59,4,5
2021VQ48,15.25,0.0736,15.25,2.409,0.0505,369.6,0.1259,-13.77,4,5
2021VQ66,15.03,0.0712,14.76,2.41,0.033,370.54,0.118,-12.86,4,5
2021VQ96,15.18,0.0951,19.96,2.379,0.0408,379.66,0.1305,-17.39,4,5
2021VR29,15.19,0.1,21.11,2.366,0.045,257.5,0.1489,-18.23,4,50
2021VR37,15.28,0.0765,15.77,2.423,0.0701,375.33,0.0344,-15.88,4,5
2021VS10,15.43,0.0324,6.66,2.428,0.0295,356.2,0.1519,-8.17,4,5
2021VS38,15.12,0.0855,17.84,2.393,0.044,374.89,0.1285,-15.57,4,5
2021VS66,15.37,0.0545,11.22,2.427,0.0276,366.5,0.1,-10.64,4,5
2021VU96,14.8,0.0581,11.92,2.436,0.0675,353.54,0.0661,-12.59,4,50
2021VV29,15.22,0.1098,23.28,2.355,0.0273,390.32,0.1179,-20.52,4,5
2021VV63,15.06,0.1128,24.19,2.33,0.0409,216.98,0.1932,-20.53,4,50
2021VV77,14.87,0.0456,9.43,2.417,0.0389,355.94,0.1728,-9.22,4,5
2021VV96,15.04,0.0551,11.36,2.423,0.0207,365.76,0.1136,-10.46,4,5
2021VW31,15.4,0.0804,17.16,2.341,0.0722,338.47,0.3019,-13.04,4,5
2021VW96,14.89,0.0561,11.6,2.417,0.041,361.41,0.1504,-10.7,4,5
2021VW97,15.59,0.0468,9.64,2.422,0.0314,359.39,0.1496,-9.42,4,5
2021VX78,15.42,0.0921,19.29,2.384,0.052,307.95,0.1298,-17.05,4,50
2021VX84,15.5,0.0405,8.36,2.418,0.0954,343.41,0.2196,-10.8,4,5
2021VY78,15.19,0.0318,6.44,2.462,0.0965,357.63,0.0698,-11.95,4,5
2021VY81,15.43,0.083,17.29,2.396,0.0463,373.15,0.1325,-15.15,4,5
2021VZ7,14.83,0.1062,22.47,2.36,0.0449,260.76,0.1294,-19.89,4,50
2021VZ80,15.01,0.0918,19.13,2.396,0.0813,375.53,0.1166,-19.12,4,5
2021VZ92,14.96,0.0534,11.26,2.37,0.0629,335.16,0.2928,-8.86,4,5
2021VZ94,15.15,0.1429,31.37,2.276,0.0434,258.02,0.0946,-31.52,4,50
2022KB6,14.69,0.0785,18.18,2.157,0.0486,211.79,0.5625,-3.5,5,50
2022KL33,14.68,0.0893,19.94,2.234,0.0493,251.79,0.4481,-9.49,5,50
2022KN25,14.6,0.043,9.06,2.368,0.0817,326.5,0.3159,-8.22,5,5
2022LB11,14.9,0.05,11.11,2.248,0.0272,282.15,0.4838,-2.37,5,5
2022LB19,14.84,0.0986,22.05,2.235,0.0361,139.49,0.4295,-11.14,5,50
2022LD17,14.86,0.0186,4.16,2.236,0.0333,18.19,0.5158,0.8,5,50
2022LG7,15.19,0.068,14.26,2.383,0.0887,344.65,0.2516,-13.11,5,5
2022LJ7,14.96,0.0662,13.97,2.368,0.0635,341.93,0.2746,-10.91,5,5
2022LK19,14.96,0.0442,10.07,2.193,0.0496,215.45,0.5502,0.15,5,50
2022LK3,14.4,0.0172,3.84,2.24,0.1328,262.6,0.5132,-4.32,5,5
2022LQ18,14.82,0.0301,6.71,2.237,0.1071,266.57,0.5114,-3.01,5,50
2022LR18,14.73,0.0421,9.39,2.237,0.04,152.85,0.5035,-1.15,5,50
2022LR4,15.11,0.0437,9.22,2.368,0.0843,326.2,0.3167,-8.42,5,5
2022LS5,14.75,0.0382,7.97,2.391,0.0333,341.64,0.255,-7.13,5,5
2022LV9,14.86,0.0746,15.8,2.356,0.0761,341.17,0.2842,-12.52,5,50
2022MB15,15.47,0.0493,10.41,2.365,0.0825,327.75,0.3139,-8.91,5,5
2022MD5,15.01,0.0704,15.03,2.339,0.0676,330.57,0.3252,-10.6,5,5
2022MF14,14.18,0.028,6.13,2.279,0.0522,248.92,0.4584,-1.92,5,50
2022MG14,15.23,0.0494,10.27,2.4,0.0719,344.9,0.2353,-9.98,5,5
2022MH14,15.18,0.0714,15.24,2.339,0.0636,331.94,0.322,-10.61,5,5
2022MK10,15.03,0.0695,15.11,2.297,0.0297,314.08,0.3914,-7.39,5,5
2022MM14,14.51,0.0673,15.04,2.234,0.0402,167.22,0.4844,-4.32,5,50
2022MM8,14.7,0.0415,8.96,2.313,0.0195,308.79,0.3985,-3.95,5,5
2022MO14,15.57,0.0301,6.09,2.467,0.1279,349.14,0.1249,-13.91,5,5
2022MQ14,14.93,0.0614,13.01,2.357,0.0422,336.62,0.2998,-8.88,5,5
2022MS14,15.13,0.0108,2.34,2.309,0.0512,249.5,0.4194,-2.34,5,50
2022MT14,14.75,0.0034,1.61,0.006,0.0409,157.73,0.4951,0.25,5,50
2022MT9,14.8,0.0985,21.77,2.259,0.0408,317.25,0.3943,-12.66,5,5
2022MW14,15.28,0.1236,27.7,2.227,0.0471,274.71,0.3649,-19.84,5,50
2022MX14,14.81,0.0128,2.76,2.311,0.0491,235.25,0.4179,-2.35,5,50
2022MZ7,14.69,0.027,5.98,2.253,0.0412,163.93,0.4919,-0.52,5,50
2022NA16,14.65,0.0286,6.37,2.236,0.0363,99.15,0.5091,0.15,5,50
2022NB16,15.2,0.0151,3.11,2.433,0.0389,352.91,0.1584,-7.47,5,5
2022NC16,15.29,0.0402,8.23,2.442,0.0869,355.15,0.1369,-11.4,5,5
2022ND16,15.05,0.0484,10.12,2.39,0.0836,337.73,0.2666,-9.94,5,5
2022NJ5,15.1,0.0748,15.61,2.394,0.1315,342.35,0.2404,-18.22,5,5
2022NK5,15.12,0.0822,17.67,2.322,0.052,334.07,0.3271,-11.73,5,5
2022NO2,15.29,0.0482,10.34,2.325,0.1171,304.36,0.3897,-9.23,5,5
2022NQ2,15.25,0.0401,8.23,2.434,0.065,356.61,0.1425,-10.1,5,5
2022NQ3,14.89,0.0547,12.24,2.23,0.0388,145.64,0.5011,-2.33,5,50
2022NR2,14.45,0.1228,28.36,2.163,0.0359,150.41,0.4641,-15.73,5,50
2022NS6,15.26,0.0978,20.48,2.387,0.0523,311.34,0.0704,-18.67,5,50
2022OA59,14.72,0.1002,22.67,2.208,0.0389,174.5,0.464,-10.5,5,50
2022OA74,15.21,0.0227,4.66,2.429,0.1489,327.23,0.2574,-13.29,5,5
2022OB75,15.2,0.113,25.83,2.185,0.0262,291.02,0.4645,-13.19,5,5
2022OC48,14.43,0.0397,8.78,2.259,0.0446,199.19,0.4768,-1.89,5,50
2022OC71,15.15,0.0703,16.05,2.189,0.0373,131.56,0.537,-2.95,5,50
2022OD22,15.04,0.1485,32.8,2.26,0.0503,317.68,0.0613,-34.61,5,50
2022OD25,14.77,0.1117,25.5,2.186,0.0428,214.32,0.4649,-13.19,5,50
2022OE77,15.29,0.0676,14.1,2.394,0.0359,359.37,0.1934,-11.48,5,5
2022OF17,14.72,0.0958,21.01,2.276,0.0629,316.28,0.3752,-13.36,5,50
2022OG12,15.27,0.0862,18.03,2.388,0.0241,375.76,0.1335,-15.06,5,5
2022OH9,15.06,0.0286,6.42,2.225,0.0627,259.06,0.5259,-0.21,5,50
2022OJ21,15.04,0.1,21.35,2.34,0.0496,291.22,0.2351,-17.0,5,50
2022OK10,14.46,0.0305,6.75,2.254,0.0403,155.93,0.4895,-0.79,5,50
2022OL33,15.14,0.1063,23.35,2.273,0.0583,317.96,0.351,-16.18,5,50
2022OL74,14.71,0.0823,18.34,2.24,0.0434,212.47,0.4537,-7.77,5,50
2022OM43,15.48,0.0676,13.91,2.426,0.0781,366.59,0.1074,-14.47,5,5
2022OM74,14.9,0.0825,18.36,2.242,0.0471,238.83,0.4511,-7.95,5,50
2022ON11,15.3,0.0608,12.64,2.404,0.13,337.64,0.2484,-15.55,5,5
2022ON31,15.33,0.1316,28.7,2.289,0.0696,379.08,0.1972,-27.86,5,50
2022ON74,15.65,0.0409,8.34,2.446,0.0958,354.57,0.134,-12.1,5,5
2022OO11,14.58,0.1173,26.86,2.181,0.0637,288.54,0.4582,-15.58,5,50
2022OO13,15.22,0.0554,11.59,2.387,0.049,346.34,0.2444,-9.46,5,5
2022OO28,14.96,0.1157,25.48,2.269,0.0521,303.69,0.325,-18.94,5,50
2022OO29,15.1,0.0445,9.31,2.386,0.0589,338.84,0.2681,-8.26,5,5
2022OO54,14.49,0.0864,19.23,2.242,0.0765,294.84,0.445,-10.22,5,50
2022OQ42,15.2,0.0896,19.4,2.306,0.0501,332.88,0.3383,-12.75,5,5
2022OQ74,15.26,0.1365,29.59,2.306,0.0645,382.64,0.0365,-31.1,5,50
2022OQ80,14.89,0.0765,17.48,2.186,0.0321,263.31,0.5322,-4.05,5,5
2022OR18,14.85,0.0793,17.13,2.31,0.0467,326.2,0.3538,-10.36,5,5
2022OR61,15.0,0.103,21.98,2.341,0.0541,312.94,0.2193,-18.26,5,50
2022OR74,15.3,0.1115,23.61,2.36,0.0448,256.45,0.077,-21.68,5,50
2022OS59,14.47,0.0819,17.75,2.304,0.0201,327.48,0.3556,-10.07,5,5
2022OU73,14.96,0.0315,7.31,2.149,0.0486,232.7,0.6096,2.88,5,5
2022OU80,15.78,0.0727,15.85,2.29,0.065,309.66,0.4005,-8.83,5,5
2022OV15,14.57,0.0371,8.41,2.2,0.0425,166.83,0.5513,0.77,5,50
2022OV73,15.38,0.1058,24.07,2.195,0.0273,289.21,0.469,-11.43,5,5
2022OW15,14.76,0.0584,12.23,2.386,0.072,343.42,0.2543,-10.69,5,5
2022OW43,15.2,0.0566,12.39,2.282,0.0466,299.07,0.4319,-5.06,5,5
2022OW73,15.28,0.122,26.03,2.342,0.0579,354.13,0.0674,-25.44,5,50
2022OX73,15.59,0.0498,10.27,2.421,0.0297,360.67,0.1458,-9.73,5,5
2022OY73,15.59,0.0823,17.81,2.307,0.0842,321.55,0.3602,-12.62,5,5
2022OZ6,14.77,0.0087,1.85,2.373,0.0578,329.58,0.296,-5.68,5,5
2022OZ73,15.73,0.0254,5.68,2.237,0.0407,154.75,0.5114,0.23,5,50
2022PA17,15.19,0.075,15.91,2.354,0.0568,343.17,0.282,-11.78,5,5
2022PG22,14.64,0.0682,15.18,2.245,0.0386,156.31,0.4686,-4.85,5,50
2022PJ40,14.75,0.0746,15.84,2.353,0.0129,346.7,0.2753,-10.64,5,5
2022PK40,15.36,0.0545,11.9,2.287,0.1257,289.61,0.4366,-9.24,5,5
2022PL40,14.9,0.1006,23.04,2.179,0.0358,275.04,0.5008,-9.44,5,5
2022PT2,15.14,0.053,11.49,2.304,0.0947,301.37,0.4109,-7.56,5,5
2022PV17,15.39,0.0702,15.56,2.251,0.0254,292.57,0.4572,-5.5,5,5
2022PV40,15.27,0.1161,25.08,2.314,0.0413,226.66,0.222,-20.78,5,50
2022QC51,15.38,0.1155,25.43,2.269,0.0408,345.29,0.3239,-18.64,5,5
2022QJ283,15.37,0.1069,23.01,2.32,0.0341,363.34,0.2518,-17.93,5,5
2022QL283,15.71,0.0872,19.58,2.224,0.0294,289.56,0.4674,-7.91,5,5
2022QN104,14.84,0.1037,23.71,2.183,0.023,280.72,0.4889,-10.21,5,5
2022QO261,14.67,0.0658,14.22,2.311,0.0533,316.8,0.3762,-8.0,5,5
2022QP261,14.77,0.0532,11.77,2.258,0.0461,287.14,0.4675,-3.63,5,5
2022QQ261,14.6,0.1125,25.41,2.211,0.0465,247.61,0.4294,-14.7,5,50
2022QQ264,14.89,0.1134,25.88,2.19,0.064,289.88,0.4564,-14.74,5,50
2022QR261,15.17,0.0608,12.83,2.364,0.0784,334.07,0.2979,-10.43,5,5
2022QV266,15.05,0.0366,8.13,2.25,0.0405,158.68,0.4903,-1.13,5,50
2022QV31,15.14,0.0628,13.06,2.403,0.0481,358.31,0.1859,-11.33,5,5
2022QW264,15.32,0.1064,23.85,2.227,0.0055,233.24,0.4211,-12.88,5,5
2022QZ189,14.51,0.1083,24.65,2.193,0.0279,290.93,0.4648,-12.14,5,5
2022QZ266,15.41,0.0715,16.26,2.195,0.0457,264.78,0.5278,-3.82,5,5
2022RJ77,15.36,0.0812,17.3,2.342,0.0615,341.51,0.2944,-12.73,4,5
2022RN3,15.31,0.0758,16.06,2.356,0.1038,334.7,0.297,-14.53,4,5
2022TR36,15.03,0.1064,22.84,2.326,0.0103,367.99,0.2333,-17.66,4,5
2022UC108,15.37,0.0467,9.67,2.413,0.0856,346.26,0.2159,-10.82,4,5
2022UD101,15.24,0.0198,4.21,2.345,0.1094,306.28,0.3789,-6.83,4,5
2022UE91,14.95,0.1049,22.2,2.359,0.029,4.25,0.1351,-18.79,4,50
2022UF21,15.07,0.0848,18.38,2.303,0.0678,324.52,0.3577,-12.16,4,5
2022UF72,15.16,0.0631,12.91,2.439,0.0753,369.78,0.0214,-14.08,4,5
2022UF91,15.32,0.0286,5.87,2.431,0.1294,335.12,0.2324,-12.32,4,5
2022UG102,14.8,0.0218,4.9,2.228,0.048,209.26,0.5249,0.56,4,50
2022UH50,14.5,0.0774,17.47,2.214,0.072,275.07,0.4969,-6.65,4,50
2022UH75,15.15,0.0729,15.64,2.329,0.0557,329.29,0.3357,-10.16,4,5
2022UK121,14.88,0.11,26.68,2.059,0.0253,210.74,0.6215,-6.23,4,5
2022UL114,15.04,0.098,21.84,2.24,0.0494,263.55,0.4228,-11.85,4,50
2022UL92,15.25,0.0592,12.14,2.434,0.0972,358.95,0.1339,-14.31,4,5
2022UM117,14.79,0.0749,16.48,2.27,0.048,303.02,0.4251,-7.73,4,5
2022UM124,15.27,0.0735,15.2,2.413,0.0255,375.27,0.0754,-13.35,4,5
2022UN95,15.08,0.0925,19.91,2.319,0.0303,344.73,0.3035,-13.51,4,5
2022UO114,15.19,0.0392,8.53,2.296,0.0725,296.37,0.4309,-4.43,4,5
2022UO32,15.31,0.0756,15.76,2.395,0.1289,344.63,0.2338,-18.07,4,50
2022UP119,15.14,0.1437,31.57,2.274,0.0193,420.18,0.0763,-31.27,4,5
2022UP122,15.06,0.0493,10.19,2.417,0.0244,359.29,0.1581,-9.43,4,5
2022UP73,15.6,0.0565,11.56,2.442,0.0784,366.09,0.059,-13.27,4,5
2022UQ90,14.87,0.0466,9.6,2.422,0.0174,360.39,0.1442,-9.2,4,5
2022UR123,15.31,0.0701,14.45,2.422,0.0413,374.67,0.0447,-13.43,4,5
2022US41,15.21,0.0208,4.22,2.464,0.1052,353.03,0.1024,-11.69,4,5
2022UT147,15.57,0.0322,6.59,2.436,0.0835,350.44,0.1689,-10.16,4,5
2022UW142,15.04,0.0306,6.26,2.444,0.0998,349.22,0.1623,-11.21,4,5
2022VH3,15.03,0.0377,8.06,2.337,0.0465,316.47,0.365,-5.08,4,5
2022VH4,15.29,0.0512,10.61,2.41,0.0723,349.85,0.2078,-10.67,4,5
2022VH9,15.79,0.0732,15.79,2.315,0.0732,320.38,0.3626,-10.37,4,5
2022VZ3,15.18,0.0507,10.49,2.414,0.0998,345.15,0.2182,-12.21,4,5
2022WA33,15.53,0.0647,13.4,2.41,0.0427,363.92,0.1514,-11.85,4,5
2022WB24,15.5,0.0251,5.3,2.365,0.0964,317.31,0.3412,-7.2,4,5
2022WB33,15.16,0.0243,5.01,2.426,0.0424,351.44,0.1769,-7.71,4,5
2022WD27,15.33,0.032,6.54,2.441,0.1177,343.1,0.1934,-12.23,4,5
2022WD33,15.16,0.0425,9.03,2.348,0.0167,325.21,0.3368,-5.5,4,5
2022WL32,15.07,0.0745,15.93,2.336,0.0517,334.64,0.3179,-10.67,4,5
2022WM5,14.9,0.0509,10.52,2.417,0.0274,360.05,0.1546,-9.7,4,5
2022WQ32,15.45,0.0141,2.96,2.378,0.1307,318.0,0.3166,-9.87,4,5
2022WZ33,15.04,0.1021,22.45,2.271,0.0624,325.22,0.3681,-15.13,4,5
2022XG1,15.2,0.0482,10.69,2.252,0.0353,282.97,0.4806,-2.46,4,5
2023HY7,14.56,0.1011,22.81,2.212,0.0358,139.46,0.4541,-11.12,5,50
2023KV10,14.72,0.0434,9.68,2.237,0.0487,224.27,0.5032,-1.46,5,50
2023LC5,14.3,0.079,17.9,2.205,0.035,274.04,0.5057,-5.41,5,5
2023MB9,14.54,0.0692,14.5,2.382,0.0053,246.2,0.2165,-10.84,5,5
2023MC5,14.19,0.0212,4.78,2.211,0.0518,224.05,0.5451,1.15,5,50
2023MC6,14.2,0.0894,20.06,2.226,0.053,290.49,0.4615,-9.21,5,5
2023ME15,14.66,0.0409,8.89,2.298,0.0691,298.22,0.4259,-4.57,5,5
2023ME5,14.85,0.0134,2.96,2.259,0.0401,152.03,0.4853,-0.06,5,50
2023ME8,14.04,0.0623,13.54,2.297,0.0543,307.93,0.4041,-6.81,5,5
2023MG5,15.22,0.002,1.22,0.678,0.154,239.59,0.5671,-3.8,5,5
2023MK2,13.95,0.0809,17.69,2.283,0.0684,311.47,0.397,-10.38,5,5
2023ML12,14.93,0.1234,27.31,2.256,0.0127,352.97,0.3129,-20.33,5,5
2023MM14,14.6,0.0599,13.09,2.285,0.0632,300.33,0.4256,-6.26,5,5
2023MP19,14.94,0.0528,10.82,2.435,0.0847,358.76,0.1331,-12.62,5,5
2023MQ8,14.63,0.0986,22.3,2.209,0.0421,204.86,0.4659,-10.14,5,50
2023MR13,14.7,0.0091,1.97,2.256,0.0456,212.14,0.4114,-2.35,5,50
2023MR15,15.03,0.03,6.46,2.319,0.1615,287.82,0.4206,-10.79,5,50
2023MR8,14.86,0.0976,21.06,2.314,0.0119,349.33,0.2949,-14.41,5,5
2023MS19,14.99,0.01,1.81,1.103,0.1478,338.85,0.1754,-14.25,5,5
2023MS8,14.81,0.1094,22.98,2.379,0.1197,377.63,0.117,-27.46,5,50
2023MV15,14.64,0.0861,18.57,2.317,0.0413,336.11,0.326,-12.08,5,5
2023NA,14.6,0.1194,27.45,2.173,0.0407,205.72,0.4612,-15.09,5,50
2023NJ9,14.56,0.0744,16.66,2.23,0.0305,284.12,0.4804,-5.45,5,5
2023NK9,14.92,0.0936,20.07,2.329,0.0092,350.22,0.277,-13.95,5,5
2023NM5,14.59,0.0737,16.6,2.217,0.0389,156.12,0.4975,-4.75,5,50
2023NU6,14.65,0.076,16.02,2.368,0.0513,288.17,0.2468,-12.09,5,50
2023OA25,15.03,0.0354,7.55,2.341,0.0516,317.13,0.3605,-5.19,5,5
2023OB24,14.67,0.0934,20.37,2.288,0.018,329.73,0.357,-12.09,5,5
2023OB50,14.98,0.047,10.52,2.233,0.0386,138.07,0.5053,-1.42,5,50
2023OC12,15.19,0.0434,9.03,2.399,0.0591,344.09,0.2381,-8.71,5,5
2023OC26,15.09,0.046,9.78,2.351,0.0659,323.38,0.3368,-7.22,5,5
2023OD14,14.99,0.0338,6.93,2.435,0.0566,356.23,0.1405,-9.24,5,5
2023OD25,14.74,0.0622,13.19,2.355,0.0831,330.13,0.314,-10.54,5,5
2023OD45,14.77,0.0536,12.06,2.218,0.0367,116.97,0.5188,-1.57,5,50
2023OE11,15.19,0.0251,5.17,2.425,0.0722,346.47,0.2001,-8.64,5,5
2023OF14,15.26,0.0423,8.77,2.407,0.15,324.61,0.2828,-14.24,5,50
2023OF36,15.4,0.0192,4.32,2.214,0.0215,260.94,0.5424,1.58,5,5
2023OF4,14.87,0.088,19.41,2.263,0.0563,308.45,0.412,-10.66,5,5
2023OF9,14.43,0.0296,6.58,2.25,0.0399,150.44,0.4946,-0.52,5,50
2023OG30,15.27,0.0288,6.4,2.251,0.062,276.14,0.4943,-1.37,5,5
2023OH22,14.74,0.0411,8.42,2.437,0.0881,353.08,0.1564,-11.32,5,5
2023OH28,14.36,0.0421,9.38,2.244,0.0424,178.95,0.4954,-1.4,5,50
2023OH4,14.89,0.0964,21.64,2.224,0.0306,296.86,0.4496,-10.21,5,5
2023OJ28,14.73,0.0739,17.19,2.146,0.0883,239.2,0.5768,-4.17,5,5
2023OJ51,15.25,0.0315,6.95,2.265,0.0289,284.94,0.4733,-1.28,5,5
2023OK6,14.69,0.0747,15.78,2.362,0.0405,192.74,0.2566,-11.42,5,50
2023OM11,14.66,0.0946,20.7,2.282,0.0258,326.97,0.3657,-12.24,5,5
2023OM26,14.76,0.0647,13.42,2.406,0.0444,362.02,0.1653,-11.73,5,5
2023OM28,15.32,0.0494,10.98,2.245,0.035,79.62,0.4879,-2.05,5,50
2023OM8,14.8,0.0647,13.39,2.412,0.072,359.53,0.1676,-12.97,5,5
2023ON51,14.94,0.0816,17.76,2.296,0.0354,322.13,0.3712,-9.95,5,5
2023ON8,15.16,0.065,14.65,2.216,0.0586,261.48,0.5101,-3.78,5,50
2023OO2,15.09,0.0721,15.11,2.383,0.0559,354.58,0.2228,-12.41,5,5
2023OO50,15.01,0.0492,10.4,2.364,0.086,327.33,0.3165,-8.93,5,50
2023OP20,14.82,0.1093,23.66,2.307,0.0342,359.53,0.2706,-18.12,5,5
2023OP21,15.03,0.0463,9.52,2.429,0.0854,352.81,0.1701,-11.47,5,5
2023OP29,15.22,0.0548,11.46,2.39,0.0596,345.38,0.245,-9.82,5,5
2023OP51,14.64,0.0263,5.69,2.309,0.051,250.96,0.4152,-3.0,5,50
2023OP9,14.78,0.0537,11.06,2.424,0.0566,360.78,0.1408,-11.1,5,5
2023OR17,14.79,0.0412,9.04,2.274,0.0505,242.76,0.4564,-2.81,5,50
2023OR9,14.74,0.0435,9.65,2.251,0.0369,116.11,0.4846,-1.73,5,50
2023OT14,14.45,0.0606,12.82,2.36,0.105,326.69,0.3164,-11.77,5,5
2023OU10,15.14,0.0723,15.12,2.386,0.0473,357.84,0.2084,-12.33,5,5
2023OU11,15.27,0.0817,18.2,2.242,0.045,222.81,0.4532,-7.62,5,50
2023OV11,14.86,0.0247,5.39,2.292,0.0824,290.89,0.445,-3.42,5,50
2023OV16,14.58,0.083,17.97,2.306,0.077,322.97,0.3586,-12.34,5,5
2023OV25,15.09,0.0418,8.62,2.424,0.0406,356.86,0.158,-9.11,5,5
2023OW29,14.7,0.0292,6.48,2.25,0.0415,167.87,0.4948,-0.55,5,50
2023OX11,15.52,0.0114,2.35,2.067,0.1501,312.15,0.3297,-11.26,5,5
2023OZ20,14.92,0.071,14.97,2.368,0.0613,345.9,0.2629,-11.74,5,5
2023OZ6,14.97,0.0393,8.46,2.323,0.1127,301.58,0.3992,-7.77,5,5
2023OZ9,14.8,0.0564,12.64,2.227,0.0958,269.53,0.5054,-4.99,5,5
2023PO2,14.98,0.0387,7.96,2.427,0.0959,345.95,0.2006,-10.99,5,5
2023PY2,14.76,0.0296,6.16,2.397,0.06,337.89,0.2608,-7.29,5,5
2023QA38,14.85,0.0424,8.69,2.435,0.0188,364.23,0.0895,-9.32,5,5
2023QB114,15.45,0.0424,8.65,2.45,0.0905,358.59,0.0988,-12.22,5,5
2023QB13,14.97,0.0924,19.75,2.338,0.0944,344.34,0.2834,-17.35,5,50
2023QC24,15.08,0.1016,22.01,2.305,0.0706,341.55,0.3116,-16.85,5,50
2023QE44,15.38,0.0447,9.15,2.439,0.0749,358.95,0.1206,-11.27,5,5
2023QF32,15.15,0.0595,12.38,2.402,0.06,353.66,0.204,-11.12,5,5
2023QG48,15.17,0.0559,11.44,2.44,0.0828,363.6,0.0901,-13.28,5,5
2023QH50,15.32,0.0735,15.51,2.367,0.0618,331.92,0.2592,-12.0,5,50
2023QJ35,14.99,0.0352,7.49,2.345,0.0451,319.13,0.3538,-5.13,5,5
2023QK30,15.76,0.0421,8.5,2.476,0.1269,357.12,0.0096,-24.8,5,5
2023QL106,15.12,0.0846,19.15,2.205,0.0385,156.97,0.4954,-6.63,5,50
2023QL118,15.31,0.0619,12.91,2.396,0.0771,349.02,0.2264,-11.96,5,5
2023QL25,15.46,0.0431,8.72,2.471,0.1473,348.13,0.1236,-17.06,5,5
2023QL81,15.06,0.0548,12.25,2.233,0.0637,271.12,0.499,-3.35,5,50
2023QM107,14.99,0.0686,15.71,2.179,0.0327,256.55,0.5495,-2.36,5,5
2023QM118,15.41,0.0692,14.54,2.377,0.0326,352.93,0.2344,-10.95,5,5
2023QM25,15.09,0.0724,15.36,2.353,0.0362,343.11,0.2848,-10.55,5,5
2023QN31,15.42,0.1016,21.66,2.344,0.0895,358.45,0.2393,-19.73,5,50
2023QN63,15.02,0.0724,16.21,2.229,0.035,99.51,0.4833,-4.95,5,50
2023QN79,15.56,0.0411,8.35,2.459,0.0932,361.47,0.0354,-12.47,5,50
2023QP6,14.06,0.033,7.53,2.186,0.1056,246.06,0.5652,-1.33,5,5
2023QQ24,15.27,0.0626,13.36,2.339,0.0642,326.13,0.3375,-9.01,5,5
2023QQ34,14.99,0.0461,9.7,2.374,0.0616,333.97,0.2922,-8.04,5,5
2023QQ88,15.25,0.1123,25.58,2.191,0.0576,281.58,0.4569,-14.24,5,50
2023QS38,15.3,0.0475,9.92,2.393,0.0677,341.76,0.2525,-9.26,5,5
2023QT109,14.58,0.0341,7.3,2.335,0.0485,314.19,0.372,-4.71,5,5
2023QU24,15.15,0.0722,15.56,2.317,0.0548,323.58,0.3561,-9.49,5,5
2023QV58,14.63,0.0421,9.34,2.252,0.0405,162.18,0.4841,-1.74,5,50
2023QV7,15.09,0.059,12.12,2.43,0.0685,364.28,0.1116,-12.63,5,5
2023QW15,15.19,0.0298,6.18,2.403,0.0389,343.53,0.236,-7.02,5,5
2023QX35,14.94,0.1204,27.76,2.166,0.0422,212.48,0.4688,-15.08,5,50
2023QX8,15.02,0.0496,10.22,2.426,0.124,342.12,0.2143,-14.12,5,5
2023QY56,14.87,0.0449,9.25,2.422,0.0665,353.21,0.1784,-10.15,5,5
2023QZ32,15.17,0.0763,16.16,2.357,0.0705,343.09,0.2787,-12.75,5,5
2023QZ39,14.99,0.0694,14.69,2.36,0.0507,342.4,0.2806,-10.69,5,5
2023RA26,15.27,0.0302,6.45,2.335,0.2128,281.65,0.4074,-17.35,5,50
2023RA9,14.68,0.1248,28.81,2.164,0.0477,247.54,0.4575,-16.91,5,50
2023RC106,14.95,0.0495,10.41,2.373,0.0854,330.51,0.301,-9.42,5,5
2023RC114,15.02,0.0477,10.96,2.172,0.0675,243.46,0.5683,-0.03,5,50
2023RD33,15.71,0.0244,5.02,2.433,0.0479,353.69,0.156,-8.16,5,5
2023RD67,15.32,0.0766,16.55,2.312,0.043,325.44,0.3554,-9.77,5,5
2023RD85,15.26,0.1155,26.5,2.176,0.0259,288.84,0.4691,-13.64,5,5
2023RD98,15.29,0.0413,8.61,2.398,0.0966,335.09,0.2667,-10.06,5,5
2023RE36,14.47,0.0585,12.5,2.339,0.0096,328.16,0.3347,-7.12,5,5
2023RE67,15.28,0.1145,26.2,2.181,0.0306,290.66,0.4646,-13.67,5,5
2023RF148,15.13,0.0809,18.11,2.23,0.0245,288.32,0.4704,-6.68,5,5
2023RF151,15.29,0.0414,9.22,2.243,0.0292,277.6,0.4957,-1.28,5,5
2023RH55,14.93,0.0497,10.55,2.351,0.0376,328.24,0.3262,-6.81,5,5
2023RJ21,15.12,0.063,13.47,2.337,0.0625,325.83,0.3395,-8.95,5,5
2023RK103,15.19,0.0833,18.18,2.287,0.0793,313.58,0.3882,-11.69,5,5
2023RK35,15.07,0.108,24.62,2.191,0.0106,289.63,0.4679,-11.71,5,5
2023RK66,15.3,0.0915,20.88,2.188,0.0455,216.78,0.506,-7.64,5,50
2023RM158,15.03,0.0874,19.78,2.206,0.0388,161.9,0.4912,-7.13,5,50
2023RN150,15.02,0.0483,10.84,2.228,0.027,272.43,0.5106,-1.35,5,5
2023RO133,15.76,0.0766,15.92,2.404,0.076,364.76,0.1569,-15.29,5,5
2023RP139,15.02,0.0084,1.82,2.206,0.038,130.56,0.402,-2.35,5,50
2023RP36,15.19,0.0969,21.71,2.228,0.0414,298.69,0.4435,-10.82,5,5
2023RQ134,15.26,0.1169,25.25,2.313,0.0232,377.12,0.2168,-20.87,5,5
2023RR15,15.14,0.0188,3.86,2.431,0.072,347.3,0.189,-8.5,5,5
2023RR19,15.15,0.0359,7.82,2.294,0.0603,296.19,0.4336,-3.6,5,5
2023RS27,15.39,0.0845,18.53,2.278,0.0055,245.7,0.3934,-9.37,5,5
2023RU43,14.76,0.1149,26.3,2.182,0.0271,291.92,0.4622,-13.78,5,5
2023RU55,15.14,0.0706,14.77,2.386,0.037,358.03,0.2075,-11.74,5,5
2023RU7,14.71,0.0779,16.9,2.3,0.0268,321.94,0.3706,-9.14,5,5
2023RV57,15.1,0.0547,12.05,2.265,0.0606,280.56,0.4574,-4.42,5,50
2023RW19,14.79,0.0488,10.91,2.231,0.0368,115.02,0.507,-1.47,5,50
2023RX16,15.17,0.0919,21.13,2.171,0.0099,263.54,0.5279,-6.36,5,5
2023RY10,15.19,0.1194,27.42,2.175,0.0365,292.82,0.4585,-15.3,5,5
2023RY110,15.42,0.0537,11.25,2.382,0.0654,340.34,0.2672,-9.52,5,5
2023RZ28,15.27,0.0935,19.68,2.373,0.0375,162.46,0.1591,-16.23,5,50
2023SJ83,15.58,0.1019,21.69,2.347,0.0041,181.28,0.1967,-17.22,5,5
2023SM83,14.77,0.0095,2.03,2.35,0.0969,320.7,0.3238,-6.9,5,50
2023SU8,14.54,0.0705,15.73,2.239,0.037,130.67,0.4738,-4.95,5,50
2023SX8,15.19,0.1307,28.19,2.316,0.0291,4.45,0.055,-26.71,5,50
2023TC38,14.78,0.0077,1.41,0.584,0.0747,247.22,0.5704,1.42,4,5
2023TZ3,15.23,0.0857,19.5,2.195,0.0082,265.94,0.5081,-6.01,5,5
2023WA17,15.4,0.1537,34.27,2.241,0.0459,283.28,0.0468,-36.46,4,50
2023XJ29,16.13,0.0334,6.87,2.428,0.03,356.45,0.151,-8.25,4,5
2023XK29,15.43,0.0255,5.24,2.427,0.0126,354.77,0.1588,-7.42,4,5
2023XM28,15.17,0.0243,5.0,2.427,0.0604,349.28,0.1851,-8.26,4,5
2023XT36,15.17,0.0701,14.58,2.4,0.0373,363.92,0.168,-12.23,4,5
2023XU23,14.96,0.0967,20.47,2.359,0.0479,280.52,0.195,-16.86,4,50
2023XX4,14.39,0.0917,22.41,2.044,0.0275,6.46,0.6669,-0.69,4,50
2023XY17,15.16,0.0837,17.43,2.399,0.0648,371.91,0.1322,-16.19,4,5
2023YB4,15.39,0.0754,15.64,2.409,0.0697,357.61,0.1339,-14.76,4,50
2023YC1,15.03,0.0844,18.51,2.276,0.0183,315.1,0.3968,-9.37,4,5
2023YN2,14.96,0.0853,17.86,2.386,0.0814,362.81,0.1883,-16.8,4,5
2024AC12,15.31,0.083,17.29,2.397,0.0458,373.62,0.1285,-15.18,4,5
2024AE11,14.86,0.091,19.64,2.314,0.0505,338.25,0.3208,-13.48,4,5
2024AG13,15.05,0.1669,38.5,2.164,0.0352,101.44,0.0953,-41.88,4,50
2024AH13,15.11,0.0694,14.38,2.411,0.0425,368.29,0.1282,-12.78,4,5
2024AJ16,15.39,0.0644,13.35,2.409,0.0429,363.51,0.1538,-11.78,4,5
2024AN13,15.06,0.0891,19.09,2.332,0.0512,345.89,0.2901,-13.88,4,5
2024AO8,15.06,0.0799,17.36,2.297,0.0297,321.69,0.3724,-9.48,4,5
2024AR10,15.1,0.1067,24.06,2.214,0.0298,11.68,0.4401,-12.32,4,50
2024AR5,15.42,0.0355,7.39,2.398,0.0159,344.57,0.2391,-6.91,4,5
2024AV10,15.15,0.0833,17.38,2.392,0.0452,371.54,0.147,-14.99,4,5
2024AX8,15.12,0.0933,19.57,2.381,0.0416,378.3,0.1328,-16.98,4,5
2024AY11,15.05,0.1005,21.92,2.289,0.0546,334.56,0.3405,-15.12,4,5
2024BA14,14.9,0.0847,17.66,2.395,0.0491,374.19,0.1286,-15.64,4,5
2024BC11,15.68,0.0835,17.39,2.397,0.0464,374.33,0.1239,-15.33,4,5
2024BF6,15.41,0.0768,15.96,2.404,0.0531,369.69,0.1351,-14.32,4,5
2024BF8,15.16,0.1099,23.5,2.335,0.0346,377.0,0.1972,-19.69,4,5
2024BG4,15.11,0.105,22.2,2.362,0.0434,242.36,0.1291,-19.56,4,50
2024BK24,15.04,0.0689,15.67,2.195,0.0304,4.25,0.5312,-2.74,4,50
2024BM3,15.14,0.0688,14.79,2.322,0.0731,320.91,0.3579,-9.8,4,5
2024BR18,15.49,0.0825,17.2,2.396,0.0465,372.92,0.1326,-15.07,4,5
2024BZ13,15.05,0.1281,27.8,2.302,0.0104,393.65,0.1675,-24.7,4,5
2024CN,14.75,0.1051,23.62,2.223,0.0241,305.14,0.4309,-12.5,4,5
2024CP3,15.08,0.1181,26.04,2.264,0.0565,344.47,0.3244,-20.07,4,5
2024CS2,15.31,0.0899,18.8,2.388,0.0571,332.56,0.1297,-16.83,4,50
